{"Resources": 0.106767197705742, "Equipment / Head": -0.513935353358633, "Consumables": -0.6276006974057772, "Equipment / Body": -0.9212641348821023, "Equipment / Legs": 0.48628245481623417, "Books": -1.280653333146292, "Equipment / Pouch": -0.22425236849388983, "Equipment / Main Hand": -1.0308415038255792, "Equipment / Off Hand": 3.0557372568678813, "Tools / Alchemy": -1.6288791713792292, "Equipment / Feet": 2.4519200653191406, "Tools / Milking": 0.9129596918565708, "Tools / Crafting": -1.3652951265040827, "Tools / Enhancing": 0.2530729350836339, "Equipment / Hands": -0.441374869265934, "Tools / Cheesesmithing": 0.992497084238534, "Tools / Woodcutting": 1.0263737202772878, "Tools / Tailoring": -3.8275968780341505, "Tools / Brewing": 3.080858900154681, "Tools / Foraging": 0.3801495968489092, "Tools / Cooking": -2.074546067857058, "Loots": 0.9337068160597616, "Keys": -1.15638863108823, "Jewelry": 0.280747685943877, "Trinket": 0.5901287553648097}