{"Resources": -0.2191648999988993, "Equipment / Head": 1.7448935374184809, "Consumables": 0.4583473179116346, "Equipment / Body": 0.9642511167216485, "Equipment / Legs": 7.953494724825881, "Books": -1.3811772294076328, "Equipment / Pouch": -7.558382434606574, "Equipment / Main Hand": -2.8631838451441367, "Equipment / Off Hand": 0.13521286158722776, "Tools / Alchemy": 2.6419579582568202, "Equipment / Feet": -0.2779827895409506, "Tools / Milking": -0.690750891666323, "Tools / Crafting": 1.6029889930572392, "Tools / Enhancing": 0.7544866934570033, "Equipment / Hands": -1.4309531288129436, "Tools / Cheesesmithing": -2.6864806591734958, "Tools / Woodcutting": 1.4869916843670523, "Tools / Tailoring": -3.436133224719106, "Tools / Brewing": 2.8655698012518847, "Tools / Foraging": 4.7988535596681645, "Tools / Cooking": -1.1014362210305015, "Loots": 1.0799136069114523, "Keys": 0.6701931588830795, "Jewelry": 3.113443342137022, "Trinket": 1.0638896707008139}