{"Resources": -0.5944942623923704, "Equipment / Head": 1.1492427016485427, "Equipment / Legs": 1.2106990142390315, "Consumables": -0.5073769883680594, "Equipment / Body": 2.1628536022597924, "Books": 0.2034325627235788, "Equipment / Pouch": -1.2367084994199373, "Equipment / Main Hand": 0.5272836165357948, "Equipment / Off Hand": 9.092404252312974, "Tools / Alchemy": -6.12041420278142, "Equipment / Feet": -0.1476771310277043, "Tools / Milking": -0.6743883857603132, "Tools / Crafting": -1.3402284875821862, "Tools / Enhancing": -0.6286918914549524, "Equipment / Hands": -0.5130107799922855, "Tools / Cheesesmithing": 2.9664953648780656, "Tools / Woodcutting": 3.47585915564182, "Tools / Tailoring": -3.818669808012998, "Tools / Brewing": -0.1984473581822098, "Tools / Foraging": 5.0706268304440885, "Tools / Cooking": -2.9375851923339598, "Loots": -0.22675736961451248, "Keys": 1.0496746562981267, "Jewelry": 0.7872310218991376, "Trinket": -0.5142116770588712}