{"Resources": -0.15666387345208715, "Equipment / Head": -1.55978409620592, "Consumables": -0.3494730998299547, "Equipment / Body": -0.8111781613195259, "Equipment / Legs": -2.275947107449065, "Books": -0.1625952887520128, "Equipment / Pouch": 2.193645214445167, "Equipment / Main Hand": -1.910031054983401, "Equipment / Off Hand": -0.3972983527599764, "Tools / Alchemy": 10.815429614217598, "Equipment / Feet": -2.553865053868693, "Tools / Milking": 1.3232621696226274, "Tools / Crafting": 0.7246674665334927, "Tools / Enhancing": -0.7589834543699675, "Equipment / Hands": -0.5489880669574322, "Tools / Cheesesmithing": 4.974973242468958, "Tools / Woodcutting": 1.8610273031133187, "Tools / Tailoring": 6.165526516470184, "Tools / Brewing": 2.877611872890712, "Tools / Foraging": 1.6922329410897592, "Tools / Cooking": 0.20262637464084868, "Loots": 0.9560229445506737, "Keys": -1.4815870815591, "Jewelry": -0.36739371964773937, "Trinket": -0.8177468464549814}