{"Resources": -0.628263519584117, "Equipment / Head": 2.951220135681433, "Consumables": 0.14350400023881751, "Equipment / Legs": -1.1051987241341956, "Books": -1.0821212905221207, "Equipment / Pouch": -0.72045558052937, "Equipment / Main Hand": -2.1123364637841924, "Equipment / Off Hand": -4.785843956117302, "Tools / Alchemy": -1.4321854248112773, "Equipment / Feet": -0.006708181383022236, "Tools / Milking": 2.0770854087698947, "Tools / Crafting": -2.2613219162848734, "Tools / Enhancing": -4.319011583886556, "Equipment / Hands": -1.7168478910877845, "Tools / Cheesesmithing": 3.192348950029422, "Tools / Woodcutting": -1.0346384812417668, "Tools / Tailoring": -0.9943499524510202, "Equipment / Body": 0.5744696357344162, "Tools / Brewing": -1.0532768878643368, "Tools / Foraging": -1.5983131079216626, "Tools / Cooking": 0.9397766434627759, "Loots": 2.0771513353115725, "Keys": -0.6590963087089889, "Jewelry": -0.028126834310729952, "Trinket": -1.5347334410339228}