{"Resources": -0.21835751474291515, "Equipment / Head": -0.6534322011759621, "Consumables": -0.2964032278929059, "Equipment / Body": 2.564139727401006, "Equipment / Legs": 1.500924598786288, "Books": -1.0524012203217838, "Equipment / Pouch": -1.5269632496444203, "Equipment / Main Hand": -0.057935672821240854, "Equipment / Off Hand": -1.9200687166059425, "Tools / Alchemy": 0.7821417987696357, "Equipment / Feet": -0.13868199707089482, "Tools / Milking": 2.918131944291856, "Tools / Crafting": 1.9261343788255139, "Tools / Enhancing": 3.8919925076659254, "Equipment / Hands": 2.0953475947027234, "Tools / Cheesesmithing": 2.0201480998713666, "Tools / Woodcutting": 3.6309896695837, "Tools / Tailoring": 3.1416642274605193, "Tools / Brewing": 1.3303930351717643, "Tools / Foraging": 5.1588250643846445, "Tools / Cooking": 2.9219684475893546, "Loots": -1.1258955987717474, "Keys": 0.09729223687992668, "Jewelry": -0.026997327698722085, "Trinket": -1.7932648746602282}