{"Resources": -0.26252882456422183, "Equipment / Head": 0.16867001796575978, "Consumables": -0.5420077765730691, "Equipment / Body": -1.4095781450661096, "Equipment / Legs": -0.7904177785360714, "Books": 0.3178779576009308, "Equipment / Pouch": 1.7146396037222278, "Equipment / Main Hand": 4.295160310667772, "Equipment / Off Hand": 0.27325158031409136, "Tools / Alchemy": 1.8063795737696775, "Equipment / Feet": -0.9653198408260981, "Tools / Milking": -0.3443305539227158, "Tools / Crafting": 1.322325707937729, "Tools / Enhancing": 2.144418439320327, "Equipment / Hands": -3.272464051842359, "Tools / Cheesesmithing": 0.44378365450353424, "Tools / Woodcutting": -1.4078214768546637, "Tools / Tailoring": 2.1122989376326027, "Tools / Brewing": -3.828922786011689, "Tools / Foraging": 0.977729683378226, "Tools / Cooking": 0.41298683801274666, "Loots": 2.1276595744680806, "Keys": -0.48540744888248755, "Jewelry": -0.36473748420715785, "Trinket": -2.218403642924656}