{"Resources": 1.3122208454784035, "Equipment / Head": -0.42447569055402823, "Consumables": 1.0778079962804212, "Equipment / Body": -1.9558834594553562, "Equipment / Legs": -1.2919234885899622, "Books": 0.42278377978073617, "Equipment / Pouch": 11.37312749852783, "Equipment / Main Hand": 0.7990345851818804, "Equipment / Off Hand": 12.6789682786363, "Tools / Alchemy": 13.534964008323932, "Equipment / Feet": 0.8150960801641842, "Tools / Milking": 2.6171180759606294, "Tools / Crafting": -5.373883059336376, "Tools / Enhancing": -5.724915348562986, "Equipment / Hands": -3.4924469618263414, "Tools / Cheesesmithing": -3.8579588214172515, "Tools / Woodcutting": -1.0464027196247716, "Tools / Tailoring": 0.7770715615986818, "Tools / Brewing": -2.5026506935170985, "Tools / Foraging": -3.441196338352467, "Tools / Cooking": -0.4436156853981764, "Loots": 6.526315789473684, "Keys": -1.2405193613458458, "Jewelry": 0.04962880610594219, "Trinket": 2.2595404984423664}