{"Resources": 0.009994389051363765, "Equipment / Head": 0.9765962783370975, "Consumables": 1.5958439080881073, "Equipment / Body": 0.5683176705868125, "Equipment / Legs": 2.0647051124912297, "Books": 0.6383463527080164, "Equipment / Pouch": 1.5652325046956572, "Equipment / Main Hand": -1.0414726582384317, "Equipment / Off Hand": -2.2777325949434064, "Tools / Alchemy": -0.08002819226125109, "Equipment / Feet": 4.852334372460515, "Tools / Milking": -2.121097306607024, "Tools / Crafting": -0.7304403041935232, "Tools / Enhancing": 2.4041241288873256, "Equipment / Hands": 0.08528847963901942, "Tools / Cheesesmithing": -1.0337555332563317, "Tools / Woodcutting": 1.1824791254848221, "Tools / Tailoring": -0.015016790560899995, "Tools / Brewing": -2.5800753581835116, "Tools / Foraging": 1.9070143325427438, "Tools / Cooking": -2.545393222397652, "Loots": -0.10341261633919939, "Keys": -0.27257888310649003, "Jewelry": 0.041112912876381594, "Trinket": 2.2727272727272747}