{"Resources": 0.05937684146563355, "Equipment / Head": -0.5114758885146504, "Consumables": 1.4777124099253227, "Equipment / Legs": 2.4204155211265537, "Books": 4.917916076615401, "Equipment / Pouch": -1.3965416767896077, "Equipment / Main Hand": -0.42058789299854477, "Equipment / Off Hand": 0.1633602268693913, "Tools / Alchemy": 2.401840013394753, "Equipment / Feet": -0.28153224957540807, "Tools / Milking": 0.7914610920701971, "Tools / Crafting": -1.5719879916773245, "Tools / Enhancing": 1.2803407777357312, "Equipment / Hands": -0.5168586949926612, "Tools / Cheesesmithing": -0.22385728453864803, "Tools / Woodcutting": -1.5134708113358117, "Tools / Tailoring": 2.369819391956804, "Equipment / Body": 1.2387046152006178, "Tools / Brewing": -3.8932172387648927, "Tools / Foraging": 5.763961986522373, "Tools / Cooking": 1.453088617230089, "Loots": -2.1739130434782608, "Keys": 0.988174813382349, "Jewelry": 0.6308635397800338, "Trinket": 3.0269058295964117}