{"Resources": 0.14511264963405954, "Equipment / Head": 1.552625605616023, "Consumables": 3.147501912647141, "Equipment / Body": -0.09374516475178599, "Equipment / Legs": 0.5395297968229279, "Books": 0.8652443696060943, "Equipment / Pouch": -3.553678994509574, "Equipment / Main Hand": -1.1499085828548454, "Equipment / Off Hand": -1.4808803826020003, "Tools / Alchemy": -1.6573231765675958, "Equipment / Feet": -1.3671046475907425, "Tools / Milking": 2.050527901174185, "Tools / Crafting": 0.415642587194656, "Tools / Enhancing": -0.2334549015228386, "Equipment / Hands": -1.8629248191996972, "Tools / Cheesesmithing": -2.019939332634266, "Tools / Woodcutting": -0.13313385913389864, "Tools / Tailoring": 0.4772280289466321, "Tools / Brewing": -1.9457590656280972, "Tools / Foraging": 3.8856851015458305, "Tools / Cooking": -3.044534792329292, "Loots": 0.2843601895734636, "Keys": 0.011584415365338241, "Jewelry": -0.39075255290556044, "Trinket": -1.038421599169262}