{"Resources": 1.4046817121170665, "Equipment / Head": 1.851618891216283, "Consumables": 0.08214573465658015, "Equipment / Legs": -1.5477310176587467, "Books": 0.5644786401090501, "Equipment / Pouch": 1.1303443127822665, "Equipment / Main Hand": 1.4098069223942074, "Equipment / Off Hand": 0.8456855284527248, "Tools / Alchemy": 2.864181134051731, "Equipment / Feet": 0.5641633669761857, "Tools / Milking": -1.9579552706417194, "Tools / Crafting": 0.026431260970698794, "Tools / Enhancing": -0.8485417354605818, "Equipment / Hands": -1.815070318036023, "Tools / Cheesesmithing": 0.4265622931265517, "Tools / Woodcutting": 1.9002029983648785, "Tools / Tailoring": 5.666244812471331, "Equipment / Body": 0.4391699785181134, "Tools / Brewing": 4.607778340185789, "Tools / Foraging": 1.0201030058829272, "Tools / Cooking": 0.7777202044328967, "Loots": 1.1915673693858888, "Keys": -0.31830509749909386, "Jewelry": -0.5975418686412833, "Trinket": -1.677419354838704}