{"Resources": 0.2990276305714044, "Equipment / Head": -2.735894050030495, "Equipment / Body": -0.12918306156646117, "Consumables": -0.09146539720481855, "Equipment / Legs": -1.567856134750524, "Books": -1.5831214268495213, "Equipment / Pouch": 4.748888253105405, "Equipment / Main Hand": 3.769645543105301, "Equipment / Off Hand": -3.4609964540552816, "Tools / Alchemy": 2.8200166540069866, "Equipment / Feet": -1.865055250876369, "Tools / Milking": 1.9212192187882247, "Tools / Crafting": -3.65541210344013, "Tools / Enhancing": 2.67909295754592, "Equipment / Hands": 0.7764948971367093, "Tools / Cheesesmithing": -1.8308421738203053, "Tools / Woodcutting": 4.614023583490798, "Tools / Tailoring": 3.928282215976165, "Tools / Brewing": -1.9555579737335254, "Tools / Foraging": 1.7270049937812937, "Tools / Cooking": 0.9135203226652292, "Loots": 2.4826216484607793, "Keys": 0.792664485538514, "Jewelry": 0.538505913098031, "Trinket": 1.9134775374376072}