{"Resources": -0.47962568303995423, "Equipment / Head": -0.12008649660733343, "Consumables": -0.7979069390748339, "Books": 0.4032197928841379, "Equipment / Pouch": -0.6656027884912479, "Equipment / Main Hand": 0.2593987829605525, "Equipment / Off Hand": 0.6827013363521625, "Tools / Alchemy": 3.0895878208216074, "Equipment / Feet": 1.7156749487515746, "Tools / Milking": 0.9362345912184707, "Tools / Crafting": -0.9189868185400931, "Tools / Enhancing": -1.261700104021974, "Equipment / Hands": -0.04093649563624318, "Tools / Cheesesmithing": 0.0418835303774795, "Tools / Woodcutting": 4.227029618900768, "Tools / Tailoring": -3.001654859133959, "Equipment / Body": 1.2096885295542137, "Equipment / Legs": -1.4247744648175247, "Tools / Brewing": -1.9255215592218222, "Tools / Foraging": 0.9016193583560197, "Tools / Cooking": -0.44427521643153134, "Loots": -1.466275659824047, "Keys": -0.73047414027546, "Jewelry": -0.002802140034470413, "Trinket": -0.13778484366719662}