{"Resources": 1.644571720799851, "Equipment / Head": -0.2248317650154656, "Consumables": 0.40234268755449165, "Equipment / Body": 0.17621960275291568, "Books": 0.6939227151373465, "Equipment / Pouch": -5.022253780576327, "Equipment / Main Hand": 2.548933878824418, "Equipment / Off Hand": 1.8049676719139647, "Tools / Alchemy": -1.4446578470294105, "Equipment / Feet": 3.8226926159403236, "Tools / Milking": 4.303247295471617, "Tools / Crafting": 1.1304143757473255, "Tools / Enhancing": 3.028954342498224, "Equipment / Hands": -0.6080638065039217, "Tools / Cheesesmithing": 18.77757650755418, "Tools / Woodcutting": -0.5886578419405545, "Tools / Tailoring": -2.611788791405808, "Equipment / Legs": 1.3951663019383673, "Tools / Brewing": -2.680203749631411, "Tools / Foraging": -0.7755158163834882, "Tools / Cooking": 0.545745533916191, "Loots": -1.3598326359832589, "Keys": 0.6952154030493302, "Jewelry": -0.33718136726312015, "Trinket": 4.1317991631799185}