{"Resources": 0.6647632827340773, "Equipment / Head": 2.4238100380670144, "Consumables": 1.4518217490738798, "Equipment / Body": -0.22955591331593775, "Equipment / Legs": -2.07784935520752, "Books": 1.6765133461931576, "Equipment / Pouch": -4.219694072657941, "Equipment / Main Hand": -1.0065317621668228, "Equipment / Off Hand": -2.7623800567267507, "Tools / Alchemy": -1.0112107326346715, "Equipment / Feet": 0.47032749589639455, "Tools / Milking": 1.2290756347939584, "Tools / Crafting": 1.098481105537744, "Tools / Enhancing": 2.0395689759444147, "Equipment / Hands": -3.980362199175798, "Tools / Cheesesmithing": -2.2531204942211276, "Tools / Woodcutting": 1.8131922200398143, "Tools / Tailoring": -2.8774190785474305, "Tools / Brewing": 2.6434436725385457, "Tools / Foraging": -2.041619080671694, "Tools / Cooking": -0.8699518198372774, "Loots": 0.49850448654037416, "Keys": 1.1672504402802577, "Jewelry": -1.1343617187206059, "Trinket": 3.8711135505117307}