{"Resources": -1.1952450596908755, "Equipment / Head": -1.800990737726429, "Consumables": -1.7967841442216632, "Equipment / Body": -3.5019294300439037, "Equipment / Legs": -5.937465475630128, "Books": -1.0243100841743022, "Equipment / Pouch": 7.94155589655918, "Equipment / Main Hand": -0.1332942404700228, "Equipment / Off Hand": -2.215327890649511, "Tools / Alchemy": 9.573602580690489, "Equipment / Feet": -4.987085829893492, "Tools / Milking": -6.04253807078818, "Tools / Crafting": 0.841017343258941, "Tools / Enhancing": -1.1825987464180145, "Equipment / Hands": -4.922431677640727, "Tools / Cheesesmithing": 3.1939565188354777, "Tools / Woodcutting": 2.6656848160560203, "Tools / Tailoring": -5.242476487481095, "Tools / Brewing": -2.2762722104139916, "Tools / Foraging": -1.99766830641424, "Tools / Cooking": -2.67838893431009, "Loots": -0.8839779005524931, "Keys": -0.971781649153017, "Jewelry": -4.478983202732917, "Trinket": -0.28669954689442617}