{"Resources": 0.07479807300789312, "Equipment / Head": -0.2595346203617048, "Consumables": 0.06414259292873596, "Equipment / Legs": 1.0607328841714403, "Books": -0.44270057694292847, "Equipment / Pouch": 0.6887066652565079, "Equipment / Main Hand": -0.7748929468283903, "Equipment / Off Hand": 22.740034010425802, "Tools / Alchemy": 2.3130923824823038, "Equipment / Feet": -1.6149954646783258, "Tools / Milking": -1.180208325635495, "Tools / Crafting": -1.0283128767963567, "Tools / Enhancing": 206.86028615931477, "Equipment / Hands": 0.16350748848903376, "Tools / Cheesesmithing": -0.1977405276717219, "Tools / Woodcutting": 1.0076650651467194, "Tools / Tailoring": 0.31049946529371203, "Equipment / Body": 0.8843805286820878, "Tools / Brewing": 0.5049150822649973, "Tools / Foraging": 1.2179279096592486, "Tools / Cooking": 3.134144790384439, "Loots": -3.1999999999999966, "Keys": 0.5872344478132817, "Jewelry": 0.16423221466191842, "Trinket": 0.6024096385542169}