{"Resources": 0.13141004444766566, "Equipment / Head": 1.0371056353541048, "Consumables": 0.5511405217702184, "Equipment / Body": -2.1106650055329754, "Books": -2.1453262947970355, "Equipment / Pouch": -3.1788965591854432, "Equipment / Main Hand": 4.067053472849329, "Equipment / Off Hand": -0.5439339066787494, "Tools / Alchemy": -7.544387365069137, "Equipment / Feet": 0.9965137799790351, "Tools / Milking": -4.791259665044831, "Tools / Crafting": -13.537739551528315, "Tools / Enhancing": -8.41515576296594, "Equipment / Hands": -2.881430601116254, "Tools / Cheesesmithing": -3.789326529300795, "Tools / Woodcutting": 2.2437643679619197, "Tools / Tailoring": -2.275874234109834, "Equipment / Legs": -3.4290893170881125, "Tools / Brewing": 5.005028382391551, "Tools / Foraging": 0.8487319136461122, "Tools / Cooking": -0.5684119428089975, "Loots": 1.504513540621859, "Keys": -0.6784854373175913, "Jewelry": 3.709694068827183, "Trinket": -1.5234443496253367}