{"Resources": 0.24379044173823972, "Equipment / Head": 1.0971539330214866, "Consumables": 1.2753416875509245, "Books": 1.5407139348470844, "Equipment / Pouch": 1.575926761887636, "Equipment / Main Hand": -0.13478473743796798, "Equipment / Off Hand": -4.852176042320517, "Tools / Alchemy": 1.0869869932531029, "Equipment / Feet": 2.182033587523323, "Tools / Milking": -3.2041648251251997, "Tools / Crafting": 2.789610266987903, "Tools / Enhancing": -0.29519365245758344, "Equipment / Hands": 0.0046464446605479015, "Tools / Cheesesmithing": -1.0756322797965632, "Tools / Woodcutting": 1.6256096174675383, "Tools / Tailoring": -0.8209210708941328, "Equipment / Body": 1.6258903082167693, "Equipment / Legs": 2.2872202587320842, "Tools / Brewing": 4.557859290410776, "Tools / Foraging": 4.139275677682768, "Tools / Cooking": -2.7215517373402927, "Loots": -2.1359223300970918, "Keys": 1.6883793914793717, "Jewelry": 0.6814029739639695, "Trinket": -3.714471786760949}