{"Resources": 0.4523432169192611, "Equipment / Head": 1.2020745875000387, "Consumables": 0.09346973088073703, "Equipment / Legs": -1.927010458617487, "Books": -2.1602030790923554, "Equipment / Pouch": -2.379038617262728, "Equipment / Main Hand": -0.9942969978904892, "Equipment / Off Hand": -0.11441686950451886, "Tools / Alchemy": 0.662994478948768, "Equipment / Feet": -0.22818105263643118, "Tools / Milking": -1.434473743752479, "Tools / Crafting": -3.5553267430977784, "Tools / Enhancing": 2.5887112907536776, "Equipment / Hands": -4.652886593965545, "Tools / Cheesesmithing": 3.2728003622285677, "Tools / Woodcutting": -1.6037141121144496, "Tools / Tailoring": -1.3503083174911072, "Equipment / Body": -1.0171745285952616, "Tools / Brewing": 3.4124671040969963, "Tools / Foraging": 1.7043272069582591, "Tools / Cooking": -3.1661286626621106, "Loots": 1.3388259526261634, "Keys": 1.7049530472462098, "Jewelry": -0.06857130655064114, "Trinket": -2.124642687442964}