{"Resources": 0.12388621579669305, "Equipment / Head": -5.661762127148524, "Consumables": -1.527019816448841, "Equipment / Body": -4.054281577005976, "Equipment / Legs": -5.259538953383949, "Books": 3.099314456904753, "Equipment / Pouch": -3.1250308921265795, "Equipment / Main Hand": -1.816439568026034, "Equipment / Off Hand": -2.8111441318965578, "Tools / Alchemy": 0.8093522316256936, "Equipment / Feet": -5.753642252582228, "Tools / Milking": -2.6150718251599305, "Tools / Crafting": -8.231638007436093, "Tools / Enhancing": 2.566238145817805, "Equipment / Hands": -4.742600059066736, "Tools / Cheesesmithing": -6.222991980347686, "Tools / Woodcutting": -8.586006587649265, "Tools / Tailoring": 0.09429353928927797, "Tools / Brewing": -3.182566617380019, "Tools / Foraging": -7.309782431711422, "Tools / Cooking": -2.7338150066914597, "Loots": 0.6451612903225806, "Keys": -0.38583226134932036, "Jewelry": -2.522756987532603, "Trinket": 0.7698923828903504}