{"Resources": 0.5500417753865636, "Equipment / Head": 0.1394713187092706, "Consumables": -0.5760200873494437, "Books": -0.6862801069154701, "Equipment / Pouch": -3.330561369704456, "Equipment / Main Hand": 1.4821850997989727, "Equipment / Off Hand": 1.7703161035074344, "Tools / Alchemy": -0.05236817123479627, "Equipment / Feet": -1.4014523678600546, "Tools / Milking": 4.398923702557189, "Tools / Crafting": 0.11300470793716436, "Tools / Enhancing": -3.001626216458191, "Equipment / Hands": -5.737638828500264, "Tools / Cheesesmithing": -0.6881175542557965, "Tools / Woodcutting": -1.5063941410261097, "Tools / Tailoring": -0.33089317129347834, "Equipment / Body": -0.026934919031457515, "Equipment / Legs": -0.8507048368657945, "Tools / Brewing": -1.8932010801736479, "Tools / Foraging": -0.020775624553997202, "Tools / Cooking": 0.47443056752882024, "Loots": 1.0020040080160366, "Keys": 0.02933796635334132, "Jewelry": -0.0480378127680733, "Trinket": 3.1722054380664653}