{"Resources": -0.8349146164213223, "Equipment / Head": -2.5035924616981093, "Consumables": -0.671634800083584, "Equipment / Body": -4.420548363344143, "Equipment / Legs": -5.807693623696723, "Books": -1.9329386307804475, "Equipment / Pouch": 6.3708111263336145, "Equipment / Main Hand": 4.467264279183967, "Equipment / Off Hand": -3.9374545602980247, "Tools / Alchemy": 2.17772281104201, "Equipment / Feet": -7.344828117801696, "Tools / Milking": 2.1173201259881522, "Tools / Crafting": 0.4835708968634493, "Tools / Enhancing": -1.3441182443433877, "Equipment / Hands": -5.9281527780667345, "Tools / Cheesesmithing": 131.538185057882, "Tools / Woodcutting": -1.0648441106623503, "Tools / Tailoring": -4.646184419441239, "Tools / Brewing": -2.6169908568701152, "Tools / Foraging": 4.3164800331946935, "Tools / Cooking": -2.9494537584772678, "Loots": -0.8474576271186393, "Keys": 0.3993451213156241, "Jewelry": -5.239621690710299, "Trinket": 5.8014705882352935}