{"Resources": 0.5557432278266433, "Equipment / Head": 0.603258143827213, "Consumables": 0.44863903149919127, "Equipment / Legs": -0.4734676107517923, "Books": -1.29848582977451, "Equipment / Pouch": -0.7463435098981698, "Equipment / Main Hand": -1.0455057840780115, "Equipment / Off Hand": -0.589190056780178, "Tools / Alchemy": 0.3823101674932276, "Equipment / Feet": 0.3222320524160681, "Tools / Milking": 0.7148455641706764, "Tools / Crafting": 0.23071438341767986, "Tools / Enhancing": 3.3163305483988945, "Equipment / Hands": 0.03591900991193946, "Tools / Cheesesmithing": 1.927483481991582, "Tools / Woodcutting": 7.965731089568157, "Tools / Tailoring": 1.1959502719577269, "Equipment / Body": 0.426275394061181, "Tools / Brewing": -0.21147179210705636, "Tools / Foraging": 3.056638492826202, "Tools / Cooking": 1.3689586743958393, "Loots": -1.4373716632443485, "Keys": 0.3154047347152697, "Jewelry": 1.6031592650244302, "Trinket": -1.150442477876103}