{"Resources": -1.563820513485063, "Equipment / Head": -0.3606360422144181, "Consumables": 0.03126641095844267, "Equipment / Legs": 1.0178278929229745, "Books": 0.5001903568716548, "Equipment / Pouch": 0.6231864709211117, "Equipment / Main Hand": -0.597997437189301, "Equipment / Off Hand": -0.20646402771719688, "Tools / Alchemy": 3.8022659395335023, "Equipment / Feet": -1.3349199763050783, "Tools / Milking": 0.8559295129620823, "Tools / Crafting": -0.5822900278502264, "Tools / Enhancing": 0.9717326861633416, "Equipment / Hands": 0.212916906964136, "Tools / Cheesesmithing": -0.003657399678298066, "Tools / Woodcutting": -3.0590717834419094, "Tools / Tailoring": -1.6346269953467794, "Equipment / Body": -0.8978441875377989, "Tools / Brewing": -3.5069344859972573, "Tools / Foraging": -0.41290425423112226, "Tools / Cooking": -1.834218160867872, "Loots": -0.22675736961451248, "Keys": -4.49569683557099, "Jewelry": 1.2498105588063537, "Trinket": -0.735103990041482}