{"Resources": -0.8083932185204011, "Equipment / Head": 0.8519709923550463, "Consumables": -0.77884499405676, "Equipment / Legs": 4.507739373594475, "Books": -2.0663346509309184, "Equipment / Pouch": -1.656399266040988, "Equipment / Main Hand": 6.509336242645313, "Equipment / Off Hand": -2.468686075611999, "Tools / Alchemy": 1.1278317845010357, "Equipment / Feet": -0.7030630862544401, "Tools / Milking": -2.624413796518398, "Tools / Crafting": 3.5902149755997015, "Tools / Enhancing": -0.36674546709981676, "Equipment / Hands": 0.4844510372169675, "Tools / Cheesesmithing": -0.5030485560469495, "Tools / Woodcutting": -2.508232705252075, "Tools / Tailoring": -1.385922342352067, "Equipment / Body": -0.006159039304608524, "Tools / Brewing": 0.538926391522826, "Tools / Foraging": -4.436390958263905, "Tools / Cooking": -3.6169580689525604, "Loots": 0.0, "Keys": -0.25738268749604043, "Jewelry": -0.7816257259690911, "Trinket": -2.023685127133399}