{"Resources": -0.7095060603178452, "Equipment / Head": -0.6220292321307991, "Consumables": 0.34523419880755024, "Equipment / Body": 0.1105038476779005, "Equipment / Legs": 1.9653539630953454, "Books": -1.533319605519366, "Equipment / Pouch": -2.0660090384649705, "Equipment / Main Hand": -0.11133956732304673, "Equipment / Off Hand": -0.5107692184802002, "Tools / Alchemy": 1.5120423247677923, "Equipment / Feet": 0.16847036785376443, "Tools / Milking": 4.3491003243353745, "Tools / Crafting": 0.7900650639089324, "Tools / Enhancing": -2.4094236130596434, "Equipment / Hands": 0.13393446147553248, "Tools / Cheesesmithing": -0.7229811120852633, "Tools / Woodcutting": 0.04217670519945717, "Tools / Tailoring": 0.4840981575937847, "Tools / Brewing": 1.4074420722049574, "Tools / Foraging": 0.2575266907616414, "Tools / Cooking": -5.4312929502638605, "Loots": -0.49164208456244085, "Keys": -1.4696050463983068, "Jewelry": -0.29253393874426203, "Trinket": -0.34825621401954465}