{"Resources": -0.017362018395008255, "Equipment / Head": -1.1434738504907618, "Consumables": -1.3385109594843665, "Equipment / Body": -3.129891985323603, "Equipment / Legs": 1.4710341729865082, "Books": -0.6300416558658268, "Equipment / Pouch": 21.890506604578146, "Equipment / Main Hand": -1.526038948995014, "Equipment / Off Hand": -4.195636251457329, "Tools / Alchemy": 13.69825675881148, "Equipment / Feet": -0.7753244603178462, "Tools / Milking": -4.483807190962541, "Tools / Crafting": -0.41026969524629103, "Tools / Enhancing": -4.526005168671076, "Equipment / Hands": -2.989665319985595, "Tools / Cheesesmithing": -0.11618506076050061, "Tools / Woodcutting": 0.08923321614460242, "Tools / Tailoring": -0.12578489817426297, "Tools / Brewing": -6.3070891074659094, "Tools / Foraging": 22.33070986100643, "Tools / Cooking": 14.076785384569728, "Loots": 0.7534983853606079, "Keys": -1.1622676160287837, "Jewelry": -4.023177572738546, "Trinket": -0.15863314539998494}