{"Resources": 0.16198868381180642, "Equipment / Head": -2.58221859207173, "Consumables": 0.5527064342943301, "Equipment / Body": 1.0827343034658274, "Equipment / Legs": 2.160155952049344, "Books": -0.968867403720316, "Equipment / Pouch": 9.476642745379415, "Equipment / Main Hand": -1.757041361953241, "Equipment / Off Hand": -1.6671742970831376, "Tools / Alchemy": 0.9504851079073346, "Equipment / Feet": -2.86982729352707, "Tools / Milking": 1.387662089481064, "Tools / Crafting": 2.1080756564524754, "Tools / Enhancing": -5.101940282279945, "Equipment / Hands": -2.007604063240945, "Tools / Cheesesmithing": 5.117911511216127, "Tools / Woodcutting": -8.746363211851744, "Tools / Tailoring": -2.7205534222668004, "Tools / Brewing": 3.733011383139534, "Tools / Foraging": -5.803354615255484, "Tools / Cooking": -4.027569247336156, "Loots": 0.3355704697986623, "Keys": 0.2505867101462015, "Jewelry": -3.6824981245449933, "Trinket": 0.07160597684573378}