{"Resources": -0.04257739107147466, "Equipment / Head": -0.6858019652322112, "Consumables": -0.6135142598847038, "Equipment / Body": -0.29968068995875735, "Equipment / Legs": -0.16869072512049071, "Books": -1.3796945121648363, "Equipment / Pouch": -1.254120061315009, "Equipment / Main Hand": -0.8211257374759978, "Equipment / Off Hand": 0.9465969941247373, "Tools / Alchemy": -0.6570143666495103, "Equipment / Feet": 1.8272275999465313, "Tools / Milking": 1.4624405744190896, "Tools / Crafting": -1.9528857348618078, "Tools / Enhancing": -0.9488011135057963, "Equipment / Hands": 2.1237502485694586, "Tools / Cheesesmithing": -1.3516374183118403, "Tools / Woodcutting": 1.8975354876641788, "Tools / Tailoring": -7.956299494436385, "Tools / Brewing": 0.4398989782329454, "Tools / Foraging": 1.60018871273471, "Tools / Cooking": 1.3153552350428601, "Loots": 2.5069637883008324, "Keys": 0.12034699102791233, "Jewelry": 0.044018605508235956, "Trinket": -2.8688524590163955}