{"Resources": 0.38254535948718993, "Equipment / Head": 1.8509042202702184, "Consumables": -0.4004486799554843, "Books": 2.4551103742740046, "Equipment / Pouch": -2.4172922560946426, "Equipment / Main Hand": 2.5084768995383175, "Equipment / Off Hand": -0.6596868564560786, "Tools / Alchemy": -6.353978134164605, "Equipment / Feet": -5.093558400221494, "Tools / Milking": 2.0483987518497044, "Tools / Crafting": -1.8892607530808894, "Tools / Enhancing": -4.583635702199424, "Equipment / Hands": 1.0279025263761523, "Tools / Cheesesmithing": -0.3047550990454651, "Tools / Woodcutting": -0.03412823688052004, "Tools / Tailoring": 2.0896694268956812, "Equipment / Body": 0.2435512827939311, "Equipment / Legs": 0.10159236183805515, "Tools / Brewing": 2.333940376696664, "Tools / Foraging": 2.288000849818015, "Tools / Cooking": -2.6329485236097137, "Loots": -4.6673286991062515, "Keys": -4.1445124368570685, "Jewelry": 1.0015167629569963, "Trinket": -1.3670886075949367}