{"Resources": 0.3008264079903712, "Equipment / Head": -1.1190719975363062, "Consumables": 1.2267730287070275, "Books": -1.1053306761027604, "Equipment / Pouch": 12.487772964492734, "Equipment / Main Hand": 0.12697052003428574, "Equipment / Off Hand": 0.48333598075785833, "Tools / Alchemy": -0.4843463745001102, "Equipment / Feet": -0.027272124703714377, "Tools / Milking": 3.8685099738539193, "Tools / Crafting": 1.816991065664785, "Tools / Enhancing": -1.955944281822638, "Equipment / Hands": 3.0751365776644595, "Tools / Cheesesmithing": -2.163833599375614, "Tools / Woodcutting": 1.2462746154867612, "Tools / Tailoring": -0.9945524049551555, "Equipment / Body": 1.354272207892109, "Equipment / Legs": 1.5178759891801084, "Tools / Brewing": -2.4077019255878347, "Tools / Foraging": 4.736072949812327, "Tools / Cooking": 5.030027128593095, "Loots": -1.1530398322851123, "Keys": 0.24248049524374457, "Jewelry": -0.03324172830812143, "Trinket": 1.441279691349417}