{"Resources": 0.9795656082700913, "Equipment / Head": -1.2032932759394577, "Consumables": 0.4549885118112968, "Equipment / Body": -0.19457385008660652, "Equipment / Legs": -1.2184273252867053, "Books": -1.5373404805332256, "Equipment / Pouch": -3.831973806927737, "Equipment / Main Hand": -2.1873542041834373, "Equipment / Off Hand": -0.6942367297259983, "Tools / Alchemy": 0.781483944304611, "Equipment / Feet": -0.5069453012285059, "Tools / Milking": 3.4404305890139066, "Tools / Crafting": 1.0834641495444264, "Tools / Enhancing": -1.1168250374495043, "Equipment / Hands": 1.2470600907542844, "Tools / Cheesesmithing": 12.480567587771535, "Tools / Woodcutting": 1.701937902587699, "Tools / Tailoring": -0.3269660973279923, "Tools / Brewing": 1.0060640439758226, "Tools / Foraging": 24.969590619123615, "Tools / Cooking": 1.1117543894004345, "Loots": 0.6113537117903971, "Keys": 0.09419328199006312, "Jewelry": -2.0441225455844845, "Trinket": 0.10243180697294818}