{"Resources": 0.13875002104995857, "Equipment / Head": -0.010574628604169627, "Consumables": -0.1540929961856945, "Books": -0.6334213063234061, "Equipment / Pouch": -1.0227719212449968, "Equipment / Main Hand": -1.1660709573735886, "Equipment / Off Hand": -4.022736390266611, "Tools / Alchemy": -1.164318492322257, "Equipment / Feet": 0.6888163598214225, "Tools / Milking": -2.2755713087698335, "Tools / Crafting": 1.1005912125055248, "Tools / Enhancing": 4.760440099849041, "Equipment / Hands": -0.23453153132726276, "Tools / Cheesesmithing": -0.07595534414204516, "Tools / Woodcutting": 0.5701496782807074, "Tools / Tailoring": 0.16474856723372844, "Equipment / Body": -2.2577797146142555, "Equipment / Legs": -0.2994973594828059, "Tools / Brewing": 2.8690606540707533, "Tools / Foraging": 1.921680011837805, "Tools / Cooking": -1.2835279846590473, "Loots": -1.850048685491728, "Keys": 1.144401355990375, "Jewelry": 0.9531953101136137, "Trinket": 0.8805692224842308}