{"Resources": -1.2785535131312038, "Equipment / Head": -2.3939387676260413, "Consumables": -0.5686237023768274, "Equipment / Body": -2.512945276381452, "Equipment / Legs": -2.411967750790637, "Books": -0.8129296922913035, "Equipment / Pouch": -1.926769799503423, "Equipment / Main Hand": -1.3959408913127793, "Equipment / Off Hand": -0.44337251512899967, "Tools / Alchemy": 3.410313058999938, "Equipment / Feet": 2.3794781208122004, "Tools / Milking": -1.7464151247092228, "Tools / Crafting": -0.16367320589670722, "Tools / Enhancing": -1.720517247100258, "Equipment / Hands": -0.7494055619103546, "Tools / Cheesesmithing": -0.5207137975343102, "Tools / Woodcutting": 0.5359263704864011, "Tools / Tailoring": 1.920393392932828, "Tools / Brewing": -1.9426292336811357, "Tools / Foraging": -1.205280604632981, "Tools / Cooking": 2.3168404760282124, "Loots": -1.460564751703986, "Keys": -1.2405318869955768, "Jewelry": -2.001254244488254, "Trinket": -2.8380233356211377}