{"Resources": 0.003878397966883333, "Equipment / Head": -5.2852382685564585, "Consumables": -1.0096231141509904, "Books": -0.9344162184913053, "Equipment / Pouch": -1.5295456397548697, "Equipment / Main Hand": 1.5979846810429281, "Equipment / Off Hand": -0.09554948043596938, "Tools / Alchemy": -4.1087029448516805, "Equipment / Feet": 3.129030215614628, "Tools / Milking": -1.804243117319142, "Tools / Crafting": -1.3530571660187527, "Tools / Enhancing": 1.9408832736028034, "Equipment / Hands": -4.329412280573562, "Tools / Cheesesmithing": 2.0009344899446764, "Tools / Woodcutting": 2.579157295261117, "Tools / Tailoring": -0.6205208932327867, "Equipment / Body": 0.5841215412525896, "Equipment / Legs": 3.170242529835208, "Tools / Brewing": 0.44881759227415496, "Tools / Foraging": -3.1204961329339014, "Tools / Cooking": 0.7803245357585744, "Loots": -2.4390243902439024, "Keys": -1.211496535657444, "Jewelry": -0.9998972217440805, "Trinket": -1.740506329113932}