{"Resources": 0.352846708493301, "Equipment / Head": -0.6839852076229476, "Consumables": 0.6914796344513658, "Equipment / Body": 0.5984143113790416, "Equipment / Legs": -2.88073461502792, "Books": 1.5270652614339555, "Equipment / Pouch": -0.9588022758487906, "Equipment / Main Hand": 0.6351526853599602, "Equipment / Off Hand": -3.510190328187497, "Tools / Alchemy": 6.15515196477017, "Equipment / Feet": -0.6012314640575028, "Tools / Milking": 4.073905760548375, "Tools / Crafting": 0.42269933343802446, "Tools / Enhancing": -2.008239638843519, "Equipment / Hands": -0.8383276115297682, "Tools / Cheesesmithing": 4.42084540612109, "Tools / Woodcutting": -1.1282030679985136, "Tools / Tailoring": 0.5667141985107641, "Tools / Brewing": -0.38698622466183386, "Tools / Foraging": -2.9165628212663504, "Tools / Cooking": 0.04686061575493548, "Loots": 1.1235955056179776, "Keys": -0.9938002442040348, "Jewelry": 0.2708024521753746, "Trinket": -0.2550776392564463}