{"Resources": 0.08123167766399007, "Equipment / Head": -1.8827471253578363, "Consumables": -0.6471121023216954, "Books": -1.5086640193990533, "Equipment / Pouch": -0.47205330993125666, "Equipment / Main Hand": -2.3098172852633962, "Equipment / Off Hand": -5.70185649823115, "Tools / Alchemy": -9.962030204940058, "Equipment / Feet": -3.7932430821977925, "Tools / Milking": -1.4222966352582382, "Tools / Crafting": -1.090380752276959, "Tools / Enhancing": -2.907278794098982, "Equipment / Hands": -2.2994495715024015, "Tools / Cheesesmithing": 3.302378355081551, "Tools / Woodcutting": -1.5835517004186992, "Tools / Tailoring": 0.24534713453109763, "Equipment / Body": -4.537685074872304, "Equipment / Legs": -1.384502000960026, "Tools / Brewing": 4.129196307897678, "Tools / Foraging": 3.375264711120932, "Tools / Cooking": 2.220584518209205, "Loots": 0.0, "Keys": -6.652606621247407, "Jewelry": -1.6423063136725873, "Trinket": 1.3338797254379675}