{"Resources": -0.3287026921412062, "Equipment / Head": 0.48244545941346373, "Equipment / Legs": -0.7746249215963775, "Equipment / Body": 1.0007854866824157, "Consumables": 0.8099640819353029, "Books": -1.351636838874544, "Equipment / Pouch": 1.4407517949378363, "Equipment / Main Hand": -1.8242704078574468, "Equipment / Off Hand": 4.65329988134784, "Tools / Alchemy": 2.3387293734878662, "Equipment / Feet": -1.94714534667635, "Tools / Milking": -2.6567021341343953, "Tools / Crafting": 1.0833009704284637, "Tools / Enhancing": -1.593427036458648, "Equipment / Hands": -1.1956791126516517, "Tools / Cheesesmithing": -3.3727593129346443, "Tools / Woodcutting": 0.19056990245093403, "Tools / Tailoring": -0.5224435307576121, "Tools / Brewing": -2.6118009604317387, "Tools / Foraging": 1.3328642730927407, "Tools / Cooking": -0.13359021743000038, "Loots": -0.3095975232198184, "Keys": 1.2451982322183526, "Jewelry": -1.511778862822437, "Trinket": -1.575886970172685}