{"Resources": 0.07268560776310995, "Equipment / Head": 3.3431908404202733, "Consumables": -0.5639568811809822, "Equipment / Body": 2.321848347614045, "Equipment / Legs": -1.0726616974756389, "Books": -0.2240044963740655, "Equipment / Pouch": 14.405731415015797, "Equipment / Main Hand": -0.17292565831438442, "Equipment / Off Hand": -0.8197326897915016, "Tools / Alchemy": -3.4014040311838416, "Equipment / Feet": -1.387307713061301, "Tools / Milking": -1.0603204238697899, "Tools / Crafting": -0.12171717025514381, "Tools / Enhancing": -2.2024768855894865, "Equipment / Hands": 9.941401452283698, "Tools / Cheesesmithing": 0.34218084741599064, "Tools / Woodcutting": -0.2740056292516681, "Tools / Tailoring": 2.3594354282675054, "Tools / Brewing": 1.631530491078291, "Tools / Foraging": -4.400157678005019, "Tools / Cooking": 1.1428224012765194, "Loots": 1.8756169792695014, "Keys": -5.2618977921079555, "Jewelry": 0.37584057213128064, "Trinket": 2.0454545454545476}