{"Resources": 0.5776109958551567, "Equipment / Head": 0.9808767940321489, "Consumables": 1.6830726452503215, "Equipment / Body": 1.0477480282635305, "Equipment / Legs": 1.5290539550562152, "Books": 0.22725228177058354, "Equipment / Pouch": -3.2904691790804237, "Equipment / Main Hand": -0.23408509630377292, "Equipment / Off Hand": -0.48398846967230036, "Tools / Alchemy": -0.3849625221447908, "Equipment / Feet": -2.2986614902150375, "Tools / Milking": 2.02368668033909, "Tools / Crafting": 2.625332314730982, "Tools / Enhancing": 0.6245031261861121, "Equipment / Hands": -1.1891049722826568, "Tools / Cheesesmithing": -0.6491867820709628, "Tools / Woodcutting": 1.3708016063643642, "Tools / Tailoring": -0.5220942752119588, "Tools / Brewing": 0.32269056192400797, "Tools / Foraging": 2.124725909972924, "Tools / Cooking": -1.0900880468766418, "Loots": -2.08522212148685, "Keys": 0.5547113110836771, "Jewelry": -0.6870557512544802, "Trinket": 0.0496524329692192}