{"Resources": 0.45101410680828014, "Equipment / Head": 0.5679707397365888, "Consumables": -0.05041066694656469, "Equipment / Body": 0.9096189923442293, "Equipment / Legs": 0.4367054163101818, "Books": -1.8631758816161341, "Equipment / Pouch": 4.700303809605404, "Equipment / Main Hand": 0.7751198032295902, "Equipment / Off Hand": 0.29632364212734785, "Tools / Alchemy": 0.8202947531121865, "Equipment / Feet": 3.4507330145783284, "Tools / Milking": -1.9021092319113913, "Tools / Crafting": 0.7266089642722715, "Tools / Enhancing": -0.02888141933509531, "Equipment / Hands": 1.985926757430372, "Tools / Cheesesmithing": 1.3551500186841845, "Tools / Woodcutting": -2.92478243470288, "Tools / Tailoring": 3.6413995187169843, "Tools / Brewing": -0.055444526309209916, "Tools / Foraging": -3.0896064100027147, "Tools / Cooking": -3.6035480555850437, "Loots": 0.2531645569620283, "Keys": 0.057468396338491046, "Jewelry": -1.7611102339331997, "Trinket": 1.2244382731633463}