{"Resources": -0.5837459593768314, "Equipment / Head": 0.7390585675151251, "Consumables": -0.07441182484114188, "Equipment / Legs": -0.19078441642650187, "Books": -1.277910842447269, "Equipment / Pouch": -1.3747158667384405, "Equipment / Main Hand": -0.03168982418838545, "Equipment / Off Hand": -0.9438487684043914, "Tools / Alchemy": 3.293641605208152, "Equipment / Feet": -0.6679533362904606, "Tools / Milking": 2.0059711633879385, "Tools / Crafting": 1.3846412607893281, "Tools / Enhancing": -8.555162360399335, "Equipment / Hands": -1.524320944389955, "Tools / Cheesesmithing": 2.3090125615570836, "Tools / Woodcutting": 3.1102209385175184, "Tools / Tailoring": -2.842576779710201, "Equipment / Body": -0.5031148563854163, "Tools / Brewing": 2.629932911986294, "Tools / Foraging": 0.751276807719884, "Tools / Cooking": 2.3189703898126304, "Loots": -0.7366482504604073, "Keys": 0.6416458057471155, "Jewelry": 0.5971086463360562, "Trinket": 2.276332284391235}