{"Resources": -0.09294543614768974, "Equipment / Head": -0.580037574796866, "Consumables": -0.7704086465491414, "Equipment / Body": -2.4481617690888684, "Books": 1.0840694011938665, "Equipment / Pouch": -2.612273128097083, "Equipment / Main Hand": -0.5765001495294981, "Equipment / Off Hand": 8.779355371454761, "Tools / Alchemy": -0.3031770558168338, "Equipment / Feet": -0.34633137810353304, "Tools / Milking": -2.146021525044845, "Tools / Crafting": 0.12270619887665812, "Tools / Enhancing": 0.5787074733644816, "Equipment / Hands": -2.0066860686564056, "Tools / Cheesesmithing": -0.11335453866569045, "Tools / Woodcutting": -0.05977989454970639, "Tools / Tailoring": 1.8557915591331786, "Equipment / Legs": -0.28937937811926484, "Tools / Brewing": -2.3814786927310774, "Tools / Foraging": -1.9731406628871282, "Tools / Cooking": -0.07166177555810065, "Loots": 0.425985090521828, "Keys": 1.342958886169176, "Jewelry": 9.509175940289003, "Trinket": -2.466894858762924}