{"Resources": 0.6214886787075267, "Equipment / Head": -0.5691131537470192, "Consumables": 0.5679378041087649, "Equipment / Body": -2.30568759816555, "Equipment / Legs": 0.7262641470503238, "Books": -2.185964724235393, "Equipment / Pouch": -0.5517010391796936, "Equipment / Main Hand": 1.8803295571360232, "Equipment / Off Hand": -3.258114437642157, "Tools / Alchemy": -4.047811204073236, "Equipment / Feet": 1.0815887879372956, "Tools / Milking": -0.9374763965839743, "Tools / Crafting": 2.936418002771839, "Tools / Enhancing": 10.943704808611361, "Equipment / Hands": 4.9992332791258995, "Tools / Cheesesmithing": 4.428589799764086, "Tools / Woodcutting": 5.352784259198968, "Tools / Tailoring": 7.353572597170674, "Tools / Brewing": 5.430879096771555, "Tools / Foraging": -1.3532402367803336, "Tools / Cooking": 29.352895139007533, "Loots": -2.771855010660976, "Keys": 2.838976838734471, "Jewelry": -0.18220524911805752, "Trinket": -5.3822207417825325}