{"Resources": -0.5503435681480798, "Equipment / Head": -2.475405098475836, "Consumables": -0.23224918404031006, "Equipment / Body": 0.4054704894912008, "Equipment / Legs": 0.14652584303773622, "Books": 0.11260312583538022, "Equipment / Pouch": -3.518382447252832, "Equipment / Main Hand": -1.1975253171293627, "Equipment / Off Hand": -0.7466890353116294, "Tools / Alchemy": -1.6251972203831682, "Equipment / Feet": 2.4126923371680467, "Tools / Milking": 1.3063122054789194, "Tools / Crafting": -1.6055824516121842, "Tools / Enhancing": 0.7514971608416632, "Equipment / Hands": 0.009791578878894924, "Tools / Cheesesmithing": -2.9708899797680073, "Tools / Woodcutting": 0.300775031208738, "Tools / Tailoring": -4.24379833921105, "Tools / Brewing": -0.42256852260018124, "Tools / Foraging": 0.8359225539573414, "Tools / Cooking": 0.15737761696114516, "Loots": -0.2652519893899204, "Keys": 0.5674092074720973, "Jewelry": 0.5729740848322562, "Trinket": -0.1483679525222552}