{"Resources": 0.11507567131184254, "Equipment / Head": -0.08441825061965642, "Consumables": 0.8398970130310788, "Equipment / Body": -0.49594012429611045, "Equipment / Legs": -0.32844889057994214, "Books": 0.7146483957684905, "Equipment / Pouch": -0.12758915081386352, "Equipment / Main Hand": -0.6778529727803895, "Equipment / Off Hand": 0.7335079906802345, "Tools / Alchemy": -1.3626635313130637, "Equipment / Feet": -0.47859667847229054, "Tools / Milking": 3.309976758520544, "Tools / Crafting": -0.8495891342903416, "Tools / Enhancing": -0.9681223546536936, "Equipment / Hands": -1.560204276779239, "Tools / Cheesesmithing": -0.7881534321171892, "Tools / Woodcutting": 2.7753305905282666, "Tools / Tailoring": 2.4804066306274324, "Tools / Brewing": 0.8136970289737248, "Tools / Foraging": 1.375289536020612, "Tools / Cooking": 0.17924845361140668, "Loots": -2.7638190954773925, "Keys": 0.06850057004214864, "Jewelry": 0.5194465720164981, "Trinket": -0.5686981356287688}