{"Resources": -0.20182951022211573, "Equipment / Head": -0.6649264365994451, "Consumables": -0.23092989998177482, "Equipment / Legs": 2.047316280113984, "Books": 0.6179915336199118, "Equipment / Pouch": -0.4481945000377656, "Equipment / Main Hand": 2.083431867897141, "Equipment / Off Hand": -1.44474943645926, "Tools / Alchemy": 2.2961459318565445, "Equipment / Feet": 28.064837105671963, "Tools / Milking": -4.393182091426047, "Tools / Crafting": -0.18901556906569786, "Tools / Enhancing": -7.241408910664934, "Equipment / Hands": 0.6424703833285972, "Tools / Cheesesmithing": 1.7287978252404024, "Tools / Woodcutting": -0.778201160633237, "Tools / Tailoring": -4.429460739211285, "Equipment / Body": -0.16493953238231476, "Tools / Brewing": -2.6297529478405, "Tools / Foraging": -5.084323868104719, "Tools / Cooking": -2.6066051830498376, "Loots": 0.9765624999999966, "Keys": -1.0126468974018679, "Jewelry": -0.9381356906810141, "Trinket": -1.4807103544304931}