{"Resources": -0.8545869658528031, "Equipment / Head": 13.824817431441652, "Consumables": -1.3713329235680254, "Equipment / Legs": 4.475824769382203, "Books": -0.4006454248021961, "Equipment / Pouch": 3.0750040917541646, "Equipment / Main Hand": 1.0043865161043248, "Equipment / Off Hand": -2.5714687536648433, "Tools / Alchemy": -5.385661047435601, "Equipment / Feet": 2.1007993795290156, "Tools / Milking": -0.6710262231121582, "Tools / Crafting": 2.343828615973753, "Tools / Enhancing": -4.140959760555977, "Equipment / Hands": 49.95297199569136, "Tools / Cheesesmithing": 19.860152205406802, "Tools / Woodcutting": 4.901357949347397, "Tools / Tailoring": 4.242250294616354, "Equipment / Body": 4.149696183373613, "Tools / Brewing": 0.31631442409167854, "Tools / Foraging": -1.4585328153522332, "Tools / Cooking": 3.943055371500973, "Loots": 0.09267840593142229, "Keys": 0.4868795932926602, "Jewelry": -0.7520120723355774, "Trinket": -5.362776025236587}