{"Resources": -0.07055141154885901, "Equipment / Head": -2.1574647459370513, "Consumables": 0.0728534795254317, "Equipment / Legs": -0.868456148941175, "Books": -1.2686122934244068, "Equipment / Pouch": 3.0881254104706124, "Equipment / Main Hand": -1.5286841502590072, "Equipment / Off Hand": 5.712192751367954, "Tools / Alchemy": -1.2987175612446777, "Equipment / Feet": -1.1745473027773456, "Tools / Milking": 1.5468696915561913, "Tools / Crafting": -1.5068415839655018, "Tools / Enhancing": -2.958445761433695, "Equipment / Hands": -0.8648166194994729, "Tools / Cheesesmithing": 0.7985183998532845, "Tools / Woodcutting": -1.035731521378554, "Tools / Tailoring": -2.2647579981540877, "Equipment / Body": 1.7222081542255872, "Tools / Brewing": -4.2776999572705785, "Tools / Foraging": 0.6905187739852876, "Tools / Cooking": 4.505028156960969, "Loots": 2.1694214876033078, "Keys": -0.07776514303100414, "Jewelry": 2.4907813543251014, "Trinket": -1.2298558100084829}