{"Resources": -0.7842907112958674, "Equipment / Head": -2.6089019396302695, "Consumables": 0.7135697084875225, "Equipment / Body": 0.6735002941674408, "Equipment / Legs": -0.5246521601357884, "Books": -2.457845658855559, "Equipment / Pouch": -0.5890287554328506, "Equipment / Main Hand": -1.1214040224229733, "Equipment / Off Hand": 0.906575228202277, "Tools / Alchemy": -0.3174821052586389, "Equipment / Feet": 2.113888498801958, "Tools / Milking": -0.28849059659886184, "Tools / Crafting": -3.539325553106805, "Tools / Enhancing": -0.45549183677817645, "Equipment / Hands": -1.8667347550086106, "Tools / Cheesesmithing": -3.7782943663778035, "Tools / Woodcutting": -3.7281752035626408, "Tools / Tailoring": -5.70133884759108, "Tools / Brewing": -3.8550863027268343, "Tools / Foraging": -1.9178505543900113, "Tools / Cooking": 29.57913478699181, "Loots": 0.49850448654037416, "Keys": -0.1326976288574166, "Jewelry": -0.06794126293837274, "Trinket": -3.4192253569863253}