{"Resources": -0.41634805908692757, "Equipment / Head": -4.9723261375152, "Consumables": -0.2586804000471176, "Equipment / Body": -1.5658980258353663, "Equipment / Legs": -1.6330855179306387, "Books": -0.6681794253557606, "Equipment / Pouch": -0.5461327005252621, "Equipment / Main Hand": -2.3387279040962055, "Equipment / Off Hand": -2.866682708908264, "Tools / Alchemy": -0.9430482634105216, "Equipment / Feet": -2.000018034986708, "Tools / Milking": -0.5192363809500734, "Tools / Crafting": -1.7422717907011782, "Tools / Enhancing": -6.41398968876919, "Equipment / Hands": -4.0327460184388455, "Tools / Cheesesmithing": -0.0717853219065574, "Tools / Woodcutting": -0.8734772135820171, "Tools / Tailoring": 0.21555585005469438, "Tools / Brewing": -4.405812443079733, "Tools / Foraging": 3.9794415898190807, "Tools / Cooking": -0.6245860255531763, "Loots": -2.2316684378320955, "Keys": -1.9340003684848739, "Jewelry": 0.9419882637886525, "Trinket": 1.6590417526338372}