{"Resources": 1.957525940061735, "Equipment / Head": 1.8528758476670553, "Consumables": 1.2164434793811454, "Equipment / Legs": 2.9083635917606063, "Books": -4.629372361908432, "Equipment / Pouch": -0.39129474147689414, "Equipment / Main Hand": 3.8886324644953523, "Equipment / Off Hand": 1.4258312156212778, "Tools / Alchemy": -2.5295301592627033, "Equipment / Feet": 5.9052010759348805, "Tools / Milking": 5.888124088129785, "Tools / Crafting": 4.4550291615508995, "Tools / Enhancing": -1.9814822310038096, "Equipment / Hands": 6.715309810281303, "Tools / Cheesesmithing": 4.97744860240485, "Tools / Woodcutting": -0.7901487723415406, "Tools / Tailoring": 5.615498098521341, "Equipment / Body": 0.44751879606834943, "Tools / Brewing": 3.422559590637807, "Tools / Foraging": 1.2196683723364374, "Tools / Cooking": 7.514454835067734, "Loots": 0.5395683453237421, "Keys": -4.408030037962687, "Jewelry": 1.0175763519829144, "Trinket": -0.7471091365816211}