{"Resources": -0.5607443343788213, "Equipment / Head": 12.764065155540502, "Consumables": 0.13930991169982154, "Equipment / Legs": 1.2725392189608074, "Books": -1.831787761834958, "Equipment / Pouch": 3.8635440378180013, "Equipment / Main Hand": 0.07225522842775, "Equipment / Off Hand": -2.609843070135739, "Tools / Alchemy": 1.9096012884233706, "Equipment / Feet": 2.2251657713431006, "Tools / Milking": 0.36111604775536343, "Tools / Crafting": -0.02028336100003114, "Tools / Enhancing": -0.40564759528334055, "Equipment / Hands": 2.655046894543459, "Tools / Cheesesmithing": -1.377192889734906, "Tools / Woodcutting": 0.6747784107770961, "Tools / Tailoring": 0.12384441282457834, "Equipment / Body": 0.7698053007698271, "Tools / Brewing": -0.7415946881926777, "Tools / Foraging": 35.566495957709726, "Tools / Cooking": -0.2134575221884199, "Loots": 0.40816326530612723, "Keys": 0.07772330549945168, "Jewelry": -1.0773807054634355, "Trinket": -1.54898566779755}