{"Resources": -0.6340621749093351, "Equipment / Head": -2.428882345636429, "Consumables": -0.032020617382741194, "Equipment / Body": 8.87153823536498, "Equipment / Legs": 0.995036392841349, "Books": -1.016276642350179, "Equipment / Pouch": -2.1870402404524767, "Equipment / Main Hand": -0.7050263269703183, "Equipment / Off Hand": -2.5353485585908517, "Tools / Alchemy": 7.498327092435589, "Equipment / Feet": -2.1324576149877132, "Tools / Milking": 5.321108547600129, "Tools / Crafting": 6.039069563923396, "Tools / Enhancing": 3.224359408234673, "Equipment / Hands": 0.32976022284993406, "Tools / Cheesesmithing": 1.822085047857136, "Tools / Woodcutting": 8.197676517326906, "Tools / Tailoring": -0.331908973008072, "Tools / Brewing": 3.779664760717337, "Tools / Foraging": 6.188978255298937, "Tools / Cooking": 4.014627864581041, "Loots": 1.1247443762781155, "Keys": -1.0126095228381005, "Jewelry": -0.08813817386748132, "Trinket": -1.717525294266994}