{"Resources": -2.069871752118386, "Equipment / Head": 1.230229967034284, "Consumables": 1.2179751618562884, "Equipment / Body": 1.4807609538485054, "Equipment / Legs": 5.94917976776991, "Books": -5.133795634205937, "Equipment / Pouch": -0.08521045198110375, "Equipment / Main Hand": -0.9113754570606549, "Equipment / Off Hand": -1.016548333209729, "Tools / Alchemy": 5.824548530464869, "Equipment / Feet": -0.3042163799857915, "Tools / Milking": -1.193588947400555, "Tools / Crafting": 2.111599500880131, "Tools / Enhancing": 6.348842928093669, "Equipment / Hands": 3.909094196621421, "Tools / Cheesesmithing": 2.4928319044603615, "Tools / Woodcutting": 4.369535018974045, "Tools / Tailoring": 0.184507087306447, "Tools / Brewing": 0.8491082982923694, "Tools / Foraging": 1.7235809820256713, "Tools / Cooking": -1.5628945844469389, "Loots": -2.346368715083801, "Keys": 0.4036476548130677, "Jewelry": -0.5582238356733843, "Trinket": -5.895670705425987}