{"Resources": 0.04914851001702465, "Equipment / Head": -0.3429368492446935, "Consumables": -0.7095373230967921, "Equipment / Body": 0.5037403885295759, "Equipment / Legs": -0.0761469762344178, "Books": -0.2354856756476581, "Equipment / Pouch": -0.4855140729417136, "Equipment / Main Hand": -1.1306920214090137, "Equipment / Off Hand": -1.8714550809405204, "Tools / Alchemy": 0.28909007986752666, "Equipment / Feet": -2.4163074361713948, "Tools / Milking": -2.1573684642022544, "Tools / Crafting": -1.1640246784407196, "Tools / Enhancing": 0.8627875612941034, "Equipment / Hands": -0.1784589386425712, "Tools / Cheesesmithing": 0.40188275694688536, "Tools / Woodcutting": -0.009540864964387552, "Tools / Tailoring": -0.19697827828854228, "Tools / Brewing": 0.4970103160647713, "Tools / Foraging": 0.7630780073059176, "Tools / Cooking": 1.1468388182154452, "Loots": -0.5780346820809248, "Keys": 1.1309094016906547, "Jewelry": -0.6302392241644638, "Trinket": -0.5154639175257731}