{"Resources": 0.1128259128140791, "Equipment / Head": 2.714482635667913, "Consumables": 0.6797594462403305, "Books": 9.554487201898475, "Equipment / Pouch": 21.69141842944155, "Equipment / Main Hand": -1.3646326830145121, "Equipment / Off Hand": -1.9390141541914077, "Tools / Alchemy": -8.488713411454526, "Equipment / Feet": 1.7453924195301664, "Tools / Milking": -1.771280316242484, "Tools / Crafting": 1.196458037767806, "Tools / Enhancing": -2.908707498106776, "Equipment / Hands": 2.1891759680362126, "Tools / Cheesesmithing": 6.184608670735232, "Tools / Woodcutting": 0.19337541022465365, "Tools / Tailoring": -1.36780597146646, "Equipment / Body": 13.517021128050875, "Equipment / Legs": -0.8595588131095956, "Tools / Brewing": 4.877186861223967, "Tools / Foraging": -4.966548449561642, "Tools / Cooking": -0.22879921828648453, "Loots": 0.0, "Keys": -5.216353589073664, "Jewelry": 1.2585403564443913, "Trinket": -2.0220233783424617}