{"Resources": 3.2036582642280194, "Equipment / Head": 1.6947709461201432, "Consumables": -0.5061076065332282, "Equipment / Body": 54.66341977386275, "Equipment / Legs": 1.5218336403020598, "Books": -2.2490074476513047, "Equipment / Pouch": -3.1624770249405465, "Equipment / Main Hand": 36.41231282156021, "Equipment / Off Hand": -0.23013356615605235, "Tools / Alchemy": 2.0741448432753065, "Equipment / Feet": 0.1292365864125436, "Tools / Milking": 1.862627192342339, "Tools / Crafting": 19.531068468219736, "Tools / Enhancing": -0.21016949818687233, "Equipment / Hands": 6.297191626121288, "Tools / Cheesesmithing": 0.8596844008648155, "Tools / Woodcutting": -1.07140150132119, "Tools / Tailoring": 0.9801110477852306, "Tools / Brewing": 2.8283362553273794, "Tools / Foraging": -0.7958388738257588, "Tools / Cooking": 118.66582375690511, "Loots": 9.80036297640654, "Keys": 0.6321477908555084, "Jewelry": -1.514306899747602, "Trinket": 1.4228579901641698}