{"Resources": -0.6011069742080403, "Equipment / Head": -2.348065499705423, "Consumables": 0.31319163349710033, "Equipment / Body": -0.3874268308151304, "Equipment / Legs": 1.642063075234137, "Books": -1.3990601730625885, "Equipment / Pouch": -1.0114250223115295, "Equipment / Main Hand": 0.37396671785394214, "Equipment / Off Hand": -1.2232867933496332, "Tools / Alchemy": 0.4985263788525, "Equipment / Feet": -0.7019973097643556, "Tools / Milking": 4.760421316000288, "Tools / Crafting": 0.5892437082619407, "Tools / Enhancing": -1.106644373062112, "Equipment / Hands": -0.3883675245159981, "Tools / Cheesesmithing": 2.5520138782514836, "Tools / Woodcutting": -3.493945422659608, "Tools / Tailoring": -0.7249872495599987, "Tools / Brewing": 0.8056477429483261, "Tools / Foraging": -0.19468301704090557, "Tools / Cooking": -4.893652644921678, "Loots": 1.7471736896197279, "Keys": -0.8829550093145603, "Jewelry": 0.052669254470471556, "Trinket": -3.0176415970287875}