{"Resources": -0.8417971544526692, "Equipment / Head": -0.23174429527322649, "Consumables": -0.12378414435480249, "Equipment / Body": 0.3069165836411391, "Equipment / Legs": 0.16997772605795525, "Books": -1.3082698928616778, "Equipment / Pouch": 3.0347521038251144, "Equipment / Main Hand": -0.7607995986972451, "Equipment / Off Hand": 12.488064681161132, "Tools / Alchemy": 1.4562225390669847, "Equipment / Feet": -0.28984987166788506, "Tools / Milking": -4.497058373090267, "Tools / Crafting": 4.021644878099829, "Tools / Enhancing": -0.6289154003866934, "Equipment / Hands": -0.36750669611275555, "Tools / Cheesesmithing": 2.2591821761412514, "Tools / Woodcutting": -0.46869665872346594, "Tools / Tailoring": -1.2328487498298712, "Tools / Brewing": -2.451267207864457, "Tools / Foraging": -1.9167602429993729, "Tools / Cooking": 1.6958507084334287, "Loots": 0.3636363636363605, "Keys": 0.04457537936184118, "Jewelry": -1.9773543088191685, "Trinket": -0.7297532223769032}