{"Resources": -0.042061968445701654, "Equipment / Head": -1.2987247775218862, "Equipment / Body": -0.791089037609527, "Consumables": 1.6979464902431136, "Equipment / Legs": -0.9071015442715487, "Books": 1.8203191556761, "Equipment / Pouch": -2.894457019327508, "Equipment / Main Hand": -0.7763162749796617, "Equipment / Off Hand": 2.4869441879416434, "Tools / Alchemy": 2.752179982972428, "Equipment / Feet": -0.0508893939451567, "Tools / Milking": -0.7460577190817255, "Tools / Crafting": 2.8960661876087266, "Tools / Enhancing": -3.662678264940717, "Equipment / Hands": -8.223949166471952, "Tools / Cheesesmithing": -2.31409201781157, "Tools / Woodcutting": -3.5883609551615794, "Tools / Tailoring": -0.7963584557546335, "Tools / Brewing": 1.780530527924635, "Tools / Foraging": 0.4140279295028271, "Tools / Cooking": 0.09289776858956383, "Loots": 2.279484638255694, "Keys": 0.5895621463509322, "Jewelry": 0.9330679695056621, "Trinket": -1.2229763201183896}