{"Resources": -0.19414697967897854, "Equipment / Head": -0.9522355098927122, "Consumables": -1.4099727839425646, "Equipment / Body": -0.3182943174851638, "Equipment / Legs": 0.6456138943262044, "Books": -0.36678935698737325, "Equipment / Pouch": -0.9719204519862187, "Equipment / Main Hand": -1.243502713254131, "Equipment / Off Hand": 0.6237429540184141, "Tools / Alchemy": 2.5381460278360524, "Equipment / Feet": -2.9583893020303615, "Tools / Milking": -4.183431634983976, "Tools / Crafting": 0.4377310793311154, "Tools / Enhancing": 1.9530748319708156, "Equipment / Hands": 0.15943030777322445, "Tools / Cheesesmithing": -0.28549366584416136, "Tools / Woodcutting": -0.21984904921568277, "Tools / Tailoring": -2.233969811869061, "Tools / Brewing": -0.06260523735296074, "Tools / Foraging": -2.4008099839347063, "Tools / Cooking": 1.0164928010761416, "Loots": 1.1494252873563218, "Keys": 0.38842667275489684, "Jewelry": 0.030154330138152174, "Trinket": 0.0}