{"Resources": 0.7760136550797966, "Equipment / Head": 1.4718660182970535, "Consumables": 5.056700622689564, "Equipment / Body": 0.7947218011332223, "Equipment / Legs": 0.5575790108335239, "Books": 0.7354425202487639, "Equipment / Pouch": -1.801748547835858, "Equipment / Main Hand": -0.9147086634437619, "Equipment / Off Hand": 0.355930085876839, "Tools / Alchemy": 2.609527895942347, "Equipment / Feet": 0.11572626417189671, "Tools / Milking": 0.530737971431467, "Tools / Crafting": 1.681103726097176, "Tools / Enhancing": -1.1043914534234407, "Equipment / Hands": -0.18468934209294333, "Tools / Cheesesmithing": 0.3521879327337623, "Tools / Woodcutting": 0.5175333256761464, "Tools / Tailoring": -0.9890104932531688, "Tools / Brewing": -2.205041919523236, "Tools / Foraging": 2.57978323574497, "Tools / Cooking": -1.260016002128123, "Loots": 2.3593466424682354, "Keys": 0.0006565622136212035, "Jewelry": 0.057869407741876835, "Trinket": -1.951951951951952}