{"Resources": 0.0778823868097054, "Equipment / Head": 2.5291719406600124, "Consumables": 0.429910112835843, "Equipment / Legs": 0.5353296787356645, "Books": -0.2951020067495521, "Equipment / Pouch": 0.23077778313412983, "Equipment / Main Hand": 1.1542292668231515, "Equipment / Off Hand": -2.795656625814254, "Tools / Alchemy": 2.6429215283884013, "Equipment / Feet": -2.012498530954, "Tools / Milking": 0.530270249323026, "Tools / Crafting": 2.3486726270264695, "Tools / Enhancing": -0.516872072766766, "Equipment / Hands": -0.7002640605295076, "Tools / Cheesesmithing": 0.9211099396062998, "Tools / Woodcutting": -0.012214571623851598, "Tools / Tailoring": 2.620709136288677, "Equipment / Body": 0.9597203213259963, "Tools / Brewing": 3.485872798670956, "Tools / Foraging": 1.904743466464274, "Tools / Cooking": 3.1539802682302236, "Loots": 1.1764705882352942, "Keys": -0.25575800405687277, "Jewelry": 0.3776942438275206, "Trinket": -1.6362786348761102}