{"Resources": 0.5291294246994207, "Equipment / Head": 1.544849687470524, "Consumables": 0.19127944840331973, "Equipment / Legs": 3.811232473088432, "Books": 1.4305737161438394, "Equipment / Pouch": -1.3029918070259356, "Equipment / Main Hand": 13.018654737666745, "Equipment / Off Hand": 0.321799018491115, "Tools / Alchemy": 4.026936869013466, "Equipment / Feet": 4.49125837972137, "Tools / Milking": 0.027771014196115926, "Tools / Crafting": -0.11459951089064242, "Tools / Enhancing": 3.481337857045864, "Equipment / Hands": 0.48236643184058375, "Tools / Cheesesmithing": 8.651928306406825, "Tools / Woodcutting": 4.428586708963714, "Tools / Tailoring": 1.8183855353369975, "Equipment / Body": -0.294848570006773, "Tools / Brewing": -1.4982426967257092, "Tools / Foraging": 5.363224693566928, "Tools / Cooking": 4.530084413546511, "Loots": 4.339250493096649, "Keys": 0.15652217395646492, "Jewelry": 0.6582148707147313, "Trinket": 1.4052772785288175}