{"Resources": -0.12293277079628662, "Consumables": -1.189844720667768, "Equipment / Body": -1.134507699002119, "Equipment / Legs": -2.785184830245574, "Books": -2.571782385073889, "Equipment / Pouch": -4.696530548086533, "Equipment / Main Hand": 5.291179486179002, "Equipment / Off Hand": -4.413605945398612, "Tools / Alchemy": -5.36508165651432, "Equipment / Feet": -2.095091740738942, "Tools / Milking": 2.8508173333198936, "Tools / Crafting": -4.422793603359353, "Tools / Enhancing": -2.4860145280423973, "Equipment / Hands": -7.386750505026973, "Tools / Cheesesmithing": 1.5934535329995854, "Tools / Woodcutting": -0.07756712971158355, "Equipment / Head": 0.7349559368703064, "Tools / Tailoring": 5.124158592274536, "Tools / Brewing": -0.18478884309718194, "Tools / Foraging": -1.5357270486692227, "Tools / Cooking": -6.52085320169263, "Loots": -1.3598326359832589, "Keys": -1.2740785434220894, "Jewelry": 0.5447849386562429, "Trinket": -1.9701726844583947}