{"Resources": -0.36978228020091436, "Equipment / Head": 0.7050266393391899, "Consumables": -0.807598821465124, "Equipment / Legs": 1.3485716065280193, "Books": -0.7254263341536494, "Equipment / Pouch": 5.463233963882575, "Equipment / Main Hand": -0.09488233680573575, "Equipment / Off Hand": 1.6481631736431923, "Tools / Alchemy": -0.572259420003488, "Equipment / Feet": -1.4179966539207498, "Tools / Milking": -3.034201253481812, "Tools / Crafting": 0.41007472005448364, "Tools / Enhancing": -0.8110357897963313, "Equipment / Hands": -0.8199880244184216, "Tools / Cheesesmithing": 5.32366270395615, "Tools / Woodcutting": 2.0479754078635493, "Tools / Tailoring": 3.3072357501603076, "Equipment / Body": 1.0697030555254878, "Tools / Brewing": -1.368707111260331, "Tools / Foraging": -2.1290804934533423, "Tools / Cooking": 28.220036461489098, "Loots": 1.5748031496063037, "Keys": 0.5896957512183318, "Jewelry": -1.1413174238622825, "Trinket": -0.3649102320829112}