{"Resources": 0.5387537931965558, "Equipment / Head": -2.6173853135289296, "Consumables": 0.3295793570400089, "Equipment / Legs": -0.6006199364847855, "Books": 0.024713145117370095, "Equipment / Pouch": -0.44927641920233974, "Equipment / Main Hand": 0.9599141381965387, "Equipment / Off Hand": -4.170542125544765, "Tools / Alchemy": -0.23721315602066884, "Equipment / Feet": 1.030908406400246, "Tools / Milking": -0.9877980777204047, "Tools / Crafting": 1.1988677106477075, "Tools / Enhancing": -1.7850353091944045, "Equipment / Hands": -0.9487112114925891, "Tools / Cheesesmithing": 1.7251532930274496, "Tools / Woodcutting": 0.8662672396347831, "Tools / Tailoring": 0.4889513896921941, "Equipment / Body": 0.9384706183961696, "Tools / Brewing": 2.247765948870028, "Tools / Foraging": -2.399370444987766, "Tools / Cooking": 4.7495364441410945, "Loots": 1.7751479289940828, "Keys": -0.05695492352872168, "Jewelry": -0.7991706417466291, "Trinket": 0.48543689320388345}