{"Resources": 0.1701654762097193, "Equipment / Head": -0.9514062640106772, "Consumables": 0.13243560772753116, "Equipment / Legs": -2.086072146988431, "Books": -1.827380497853455, "Equipment / Pouch": 3.0606898868538366, "Equipment / Main Hand": -0.5923793563763561, "Equipment / Off Hand": 1.2120973465344436, "Tools / Alchemy": -11.121019847622936, "Equipment / Feet": -0.15600322834482042, "Tools / Milking": -0.6449335603459064, "Tools / Crafting": 3.190480478739492, "Tools / Enhancing": 4.369811745005246, "Equipment / Hands": 2.765090314895291, "Tools / Cheesesmithing": -0.03746051596771188, "Tools / Woodcutting": -1.2958818040111875, "Tools / Tailoring": -1.4821126992530833, "Equipment / Body": -1.3829499677678767, "Tools / Brewing": 3.9880485742722023, "Tools / Foraging": -1.8300885208113908, "Tools / Cooking": 4.245490331885893, "Loots": -2.4390243902439024, "Keys": -5.396424102867376, "Jewelry": 1.573657030199535, "Trinket": -0.15816600395024122}