{"Resources": -1.897125979924523, "Equipment / Head": 1.232555149163935, "Consumables": -1.8022046401101313, "Equipment / Body": -1.7178771024947637, "Equipment / Legs": -0.7661031958032696, "Books": -1.5062704888193756, "Equipment / Pouch": 1.2429364680935802, "Equipment / Main Hand": -2.0054487481022747, "Equipment / Off Hand": -1.101138000001882, "Tools / Alchemy": 1.560974348166229, "Equipment / Feet": -2.1517647607974904, "Tools / Milking": -0.7031550181577371, "Tools / Crafting": -4.086886096497758, "Tools / Enhancing": 4.301873109740415, "Equipment / Hands": -4.614363245534276, "Tools / Cheesesmithing": 1.146341391652053, "Tools / Woodcutting": 1.5652701939256295, "Tools / Tailoring": 9.28568729440142, "Tools / Brewing": -2.9901697657599566, "Tools / Foraging": -3.1380520450293217, "Tools / Cooking": -2.1293021615986234, "Loots": 0.7534983853606079, "Keys": -1.6673844457283362, "Jewelry": -3.22517122988967, "Trinket": -3.878483416071676}