{"Resources": 0.16483591576309062, "Equipment / Head": -1.056970013025951, "Consumables": -0.6252918797731324, "Equipment / Body": -0.09897081147320864, "Equipment / Legs": -0.27896625302951295, "Books": -0.4673506220425346, "Equipment / Pouch": 1.5636704670036654, "Equipment / Main Hand": -1.2334995236461062, "Equipment / Off Hand": -0.1904050938115506, "Tools / Alchemy": 0.6944324240828473, "Equipment / Feet": -0.23887258759547086, "Tools / Milking": 0.32464582213867554, "Tools / Crafting": -1.729057283339219, "Tools / Enhancing": 3.567133067916432, "Equipment / Hands": -1.4275726567648976, "Tools / Cheesesmithing": -0.997848874632657, "Tools / Woodcutting": -0.35264115502373466, "Tools / Tailoring": 1.4024868225206755, "Tools / Brewing": 0.9449307659155795, "Tools / Foraging": -0.8182152171213312, "Tools / Cooking": -1.006983067121222, "Loots": 0.0, "Keys": -0.33559964385815216, "Jewelry": -0.3516474774499341, "Trinket": -0.5617977528089888}