{"Resources": 2.3733494703371187, "Equipment / Head": 0.3741149167012604, "Consumables": 0.7514047118897189, "Equipment / Body": 0.34572838331367645, "Books": 0.7812933157216022, "Equipment / Pouch": -7.309912769978299, "Equipment / Main Hand": 6.221953299811185, "Equipment / Off Hand": 0.04755401772576578, "Tools / Alchemy": 1.7745274170525527, "Equipment / Feet": 1.5497728694435515, "Tools / Milking": 2.3106195412835584, "Tools / Crafting": -0.9671923544007786, "Tools / Enhancing": -0.816608566955688, "Equipment / Hands": -2.795379565212008, "Tools / Cheesesmithing": 12.736129382343195, "Tools / Woodcutting": -2.3660373259980916, "Tools / Tailoring": -0.6167060630738953, "Equipment / Legs": 0.9707866949864379, "Tools / Brewing": -0.022336872732706015, "Tools / Foraging": 0.7226656427497299, "Tools / Cooking": -0.013303211026222533, "Loots": 0.9009009009009009, "Keys": 0.13411963950567105, "Jewelry": -0.2923874720137843, "Trinket": 3.6246276067527345}