{"Resources": -0.44070755428876923, "Equipment / Head": -1.365910216005891, "Equipment / Legs": 2.4852334459802576, "Equipment / Body": 0.1059317985346098, "Consumables": 0.6294369694506554, "Books": -2.9318016481189977, "Equipment / Pouch": -5.189588431047106, "Equipment / Main Hand": 0.2850253914237208, "Equipment / Off Hand": -3.539768362360083, "Tools / Alchemy": -1.482471038019542, "Equipment / Feet": -0.24660537230342525, "Tools / Milking": -0.5006341305880957, "Tools / Crafting": -2.005315245525791, "Tools / Enhancing": 1.1260209064355904, "Equipment / Hands": 10.249693408672927, "Tools / Cheesesmithing": -3.965591656178255, "Tools / Woodcutting": -1.1170457288388063, "Tools / Tailoring": -3.3917965246968595, "Tools / Brewing": 1.0179927582995028, "Tools / Foraging": 1.2996447062902727, "Tools / Cooking": -1.605384778125133, "Loots": -2.9835390946502005, "Keys": 1.4179711622851556, "Jewelry": -1.9484124185385963, "Trinket": -1.770833333333333}