{"Resources": -0.29781838389937565, "Equipment / Head": 0.558502575339424, "Consumables": -0.35478913829291303, "Equipment / Legs": 0.26652522177922444, "Books": -0.19966275570329584, "Equipment / Pouch": 0.736597442298278, "Equipment / Main Hand": -0.1811575836077621, "Equipment / Off Hand": 2.735851377553917, "Tools / Alchemy": -0.6337341713415109, "Equipment / Feet": -1.251471555493992, "Tools / Milking": 0.09066204860303426, "Tools / Crafting": -1.685651776921605, "Tools / Enhancing": -0.5231570400538192, "Equipment / Hands": -1.9774759008009755, "Tools / Cheesesmithing": -4.616614005849601, "Tools / Woodcutting": -0.8091901638108101, "Tools / Tailoring": 1.641344199266553, "Equipment / Body": 0.14894626728634028, "Tools / Brewing": -2.768088399278309, "Tools / Foraging": -2.958345785146251, "Tools / Cooking": -0.27565162607044186, "Loots": 0.179211469534046, "Keys": 0.15017486764130386, "Jewelry": 0.3098578895570808, "Trinket": 0.6055363321799324}