{"Resources": -0.6060352653511567, "Equipment / Head": -5.716756810022353, "Consumables": -0.8880962788689729, "Equipment / Legs": 1.7557494458904148, "Books": -2.1686919728882432, "Equipment / Pouch": 1.1089905495662307, "Equipment / Main Hand": -1.215997275307794, "Equipment / Off Hand": -4.660775531523652, "Tools / Alchemy": -0.5777692914789553, "Equipment / Feet": 0.38248724676546475, "Tools / Milking": -3.700804283702049, "Tools / Crafting": -2.251508422925607, "Tools / Enhancing": -2.4316976620087365, "Equipment / Hands": 0.07288549957209874, "Tools / Cheesesmithing": 0.4373012049398861, "Tools / Woodcutting": 0.1880565911635781, "Tools / Tailoring": 1.5601457617540508, "Equipment / Body": 1.9389359001253077, "Tools / Brewing": -2.306691017285535, "Tools / Foraging": -0.794571503713739, "Tools / Cooking": -12.323737300175344, "Loots": 3.070539419087138, "Keys": 0.15136026553151452, "Jewelry": -3.727364802488223, "Trinket": -5.497685185185187}