{"Resources": 0.25669420508282215, "Equipment / Head": 1.201893984252614, "Consumables": -0.15926112503160111, "Equipment / Body": 1.2524969696491013, "Equipment / Legs": 2.139790433651597, "Books": -1.3120453825579987, "Equipment / Pouch": 8.34754186270704, "Equipment / Main Hand": 1.49031101363454, "Equipment / Off Hand": 3.017734672080484, "Tools / Alchemy": 1.0916160919681677, "Equipment / Feet": -2.0475451553940434, "Tools / Milking": 0.014550674062422359, "Tools / Crafting": 4.919310607333817, "Tools / Enhancing": 0.792302136223275, "Equipment / Hands": 10.505291765749561, "Tools / Cheesesmithing": 2.2632243565142662, "Tools / Woodcutting": 2.4187126526172107, "Tools / Tailoring": -0.30310657936092955, "Tools / Brewing": -0.3969299058543192, "Tools / Foraging": 0.8659302632953648, "Tools / Cooking": -0.9337497655736063, "Loots": -3.9848197343453546, "Keys": 0.9444437648034426, "Jewelry": -0.7911237240215894, "Trinket": 1.1375387797311325}