{"Resources": -1.0074059796238872, "Equipment / Head": -3.5510538013926225, "Consumables": -0.1617517561852666, "Equipment / Body": -0.6842191243597684, "Equipment / Legs": -2.5206871079067463, "Books": -1.4904357616355708, "Equipment / Pouch": -1.1300465162265656, "Equipment / Main Hand": -0.9267173667399294, "Equipment / Off Hand": -4.411871647448156, "Tools / Alchemy": 1.2828782099958318, "Equipment / Feet": 1.5596697282436582, "Tools / Milking": -1.37374352253408, "Tools / Crafting": -0.6614164584954842, "Tools / Enhancing": -2.530137889408681, "Equipment / Hands": -0.5670438127855061, "Tools / Cheesesmithing": -2.5794789618005893, "Tools / Woodcutting": -3.576864928750333, "Tools / Tailoring": 3.0935590159655786, "Tools / Brewing": 0.8868095309470646, "Tools / Foraging": -1.5786419762932655, "Tools / Cooking": -0.15714147421536806, "Loots": -1.400560224089636, "Keys": -0.6715676061880518, "Jewelry": -1.0839047725881459, "Trinket": -2.33212234852924}