{"Resources": -0.13816130524107445, "Equipment / Head": 0.39999362985127396, "Consumables": -0.1390708245012524, "Equipment / Body": -1.3748313041024884, "Equipment / Legs": 0.7351886037016053, "Books": 1.7067169285324657, "Equipment / Pouch": 18.50955892648956, "Equipment / Main Hand": 0.9289592479624776, "Equipment / Off Hand": -0.27861436058222944, "Tools / Alchemy": -2.743722170412097, "Equipment / Feet": -3.9046139507941984, "Tools / Milking": 1.0952725640447805, "Tools / Crafting": -0.05009089346280038, "Tools / Enhancing": -2.690953847253307, "Equipment / Hands": 8.0407980882299, "Tools / Cheesesmithing": -1.250872427629374, "Tools / Woodcutting": 0.8277298477061628, "Tools / Tailoring": 2.2191183263754537, "Tools / Brewing": 1.3912024792373798, "Tools / Foraging": 4.016768313207585, "Tools / Cooking": 1.3862062586486574, "Loots": 2.806652806652803, "Keys": -3.8095641641708777, "Jewelry": -2.3930840991237616, "Trinket": 2.7570552259828713}