{"Resources": 0.19393092924214503, "Equipment / Head": -2.1562276822923256, "Consumables": -0.02059077179785446, "Equipment / Body": -0.022139747917919186, "Equipment / Legs": -0.019120555574928692, "Books": 0.6317067633353202, "Equipment / Pouch": 4.734217902154637, "Equipment / Main Hand": 6.136058049105668, "Equipment / Off Hand": -1.4171156025301146, "Tools / Alchemy": 2.376753685912729, "Equipment / Feet": 6.319844794089803, "Tools / Milking": -1.3180411562152385, "Tools / Crafting": -2.6356268033827175, "Tools / Enhancing": -0.5977856547856836, "Equipment / Hands": -0.5516461931859568, "Tools / Cheesesmithing": -4.9633594781542705, "Tools / Woodcutting": 5.749813428411581, "Tools / Tailoring": -1.5415513948356263, "Tools / Brewing": -1.3278907139886247, "Tools / Foraging": -0.5720849186215778, "Tools / Cooking": -2.3334024091924856, "Loots": 0.09930486593843563, "Keys": 1.3444245220659412, "Jewelry": -0.31974791039658573, "Trinket": 2.1303258145363406}