{"Resources": -0.18691862608297588, "Equipment / Head": 0.48695158293215374, "Consumables": -0.7632438350610747, "Equipment / Body": -0.22929332544936612, "Equipment / Legs": -0.7411926770280273, "Books": -2.1170446422002325, "Equipment / Pouch": 0.9843302701105359, "Equipment / Main Hand": 1.04328707611001, "Equipment / Off Hand": 0.6562113486602899, "Tools / Alchemy": -2.2351481698527094, "Equipment / Feet": 2.1977265359366003, "Tools / Milking": 1.1615832136754858, "Tools / Crafting": 1.7647633522272865, "Tools / Enhancing": -0.22644455035532193, "Equipment / Hands": -0.8898553507959421, "Tools / Cheesesmithing": 0.4617173812581771, "Tools / Woodcutting": 0.09784889824306431, "Tools / Tailoring": -3.006929560296251, "Tools / Brewing": 1.2600131976049498, "Tools / Foraging": 6.667994504861842, "Tools / Cooking": -2.352094075698964, "Loots": -0.8450704225352111, "Keys": -1.0024483035516358, "Jewelry": 1.89640885335956, "Trinket": -0.16666666666666388}