{"Resources": -0.2895763264543636, "Equipment / Head": -0.018257861918559506, "Consumables": -0.4355128922542028, "Equipment / Legs": -0.6139915887506783, "Books": 0.04711260639728727, "Equipment / Pouch": -1.7187264482327134, "Equipment / Main Hand": -2.178734805071138, "Equipment / Off Hand": 3.060245547801004, "Tools / Alchemy": 2.8040662773217484, "Equipment / Feet": -1.6028107828731288, "Tools / Milking": 5.18503503592061, "Tools / Crafting": -1.1908346296998733, "Tools / Enhancing": -0.8713465564381896, "Equipment / Hands": -2.0047164629712926, "Tools / Cheesesmithing": -0.18008004856164514, "Tools / Woodcutting": 0.00299189171665748, "Tools / Tailoring": -6.6163491139317, "Equipment / Body": -1.441796427133363, "Tools / Brewing": -0.11789669837298744, "Tools / Foraging": -1.3804066281232485, "Tools / Cooking": 1.688323035104258, "Loots": -2.9774127310061553, "Keys": -0.05362490814523006, "Jewelry": 0.5883412889314603, "Trinket": 0.8883504946497075}