{"Resources": -0.16146752970403191, "Equipment / Head": 2.3204374292789467, "Consumables": 18.01084324323405, "Equipment / Body": -0.2267872457832017, "Equipment / Legs": 0.07759780511669712, "Books": 5.954945731787849, "Equipment / Pouch": 1.8120844105241973, "Equipment / Main Hand": 0.34302079401668517, "Equipment / Off Hand": -0.7045001636055608, "Tools / Alchemy": -2.58324848865739, "Equipment / Feet": -0.16870277946147347, "Tools / Milking": 0.8559919316225643, "Tools / Crafting": -6.550652316659202, "Tools / Enhancing": 1.0359505497075823, "Equipment / Hands": -0.5477459012615633, "Tools / Cheesesmithing": 1.1586601059118138, "Tools / Woodcutting": 0.6032647380108669, "Tools / Tailoring": -0.4504897490704349, "Tools / Brewing": 1.0617920103336496, "Tools / Foraging": 1.8600864578458223, "Tools / Cooking": 0.7010080196652109, "Loots": -0.11806375442739217, "Keys": 0.029160306042151335, "Jewelry": 0.846604447899575, "Trinket": -0.1288659793814421}