{"Resources": -0.035256277696777416, "Equipment / Head": -0.09237433543623613, "Consumables": 0.9515026487332109, "Equipment / Body": -0.35763363391758546, "Equipment / Legs": -0.22244116548214452, "Books": 0.8137410460248172, "Equipment / Pouch": -0.22946804999049544, "Equipment / Main Hand": -0.8295050301120397, "Equipment / Off Hand": 0.9795196263850456, "Tools / Alchemy": -1.0857224599094801, "Equipment / Feet": -0.6848665050389127, "Tools / Milking": 3.641877391210867, "Tools / Crafting": -1.1524925970841464, "Tools / Enhancing": -0.02022947007523904, "Equipment / Hands": -1.2898878694028062, "Tools / Cheesesmithing": -1.4781012182578113, "Tools / Woodcutting": 1.9350028795631116, "Tools / Tailoring": 2.6546438552083127, "Tools / Brewing": 1.3037005439355922, "Tools / Foraging": 1.7720532448283286, "Tools / Cooking": -0.2003832964710647, "Loots": -2.824858757062147, "Keys": 0.461534720315651, "Jewelry": 0.7983928977330472, "Trinket": -0.8771391083442664}