{"Resources": 0.321339975612282, "Equipment / Head": -0.18029592289176874, "Consumables": -2.1736814090358845, "Equipment / Body": -0.9502665012288338, "Equipment / Legs": -1.8128884009422845, "Books": -0.9841675237990581, "Equipment / Pouch": 9.062053732351893, "Equipment / Main Hand": 1.1487479280628634, "Equipment / Off Hand": 1.6586398754541796, "Tools / Alchemy": 0.5468615219330301, "Equipment / Feet": -1.1990632909160153, "Tools / Milking": 1.0436920170349755, "Tools / Crafting": -5.330816291002063, "Tools / Enhancing": 0.8988214738798153, "Equipment / Hands": -1.7211605531227563, "Tools / Cheesesmithing": 4.162450437987286, "Tools / Woodcutting": 3.2046506860741455, "Tools / Tailoring": 1.3649829857739257, "Tools / Brewing": 1.495897744577478, "Tools / Foraging": 1.4993158435938387, "Tools / Cooking": 0.49897902798002947, "Loots": -2.037037037037032, "Keys": 0.06495598121282932, "Jewelry": 0.762077150230388, "Trinket": 0.9566968781470283}