{"Resources": 0.7960963188460008, "Equipment / Head": -2.490767078571066, "Consumables": 0.8991637033963487, "Equipment / Legs": -0.4509618380671283, "Books": 1.1185326514864609, "Equipment / Pouch": 3.4872224242921894, "Equipment / Main Hand": 0.7267815762606868, "Equipment / Off Hand": -3.7303130732159273, "Tools / Alchemy": 2.8617787893803177, "Equipment / Feet": -0.6031346861298463, "Tools / Milking": 3.061233674173816, "Tools / Crafting": -0.3149681384975291, "Tools / Enhancing": -8.522704816574592, "Equipment / Hands": 3.4425876892865146, "Tools / Cheesesmithing": 1.840980313183291, "Tools / Woodcutting": -3.679604521406947, "Tools / Tailoring": 0.6019921323036631, "Equipment / Body": 1.0944494666823177, "Tools / Brewing": 0.6971872075224445, "Tools / Foraging": -0.5874890120031913, "Tools / Cooking": 2.1973913532810836, "Loots": -1.7475728155339783, "Keys": 0.5366543823577877, "Jewelry": 0.9373943364609886, "Trinket": -0.7735247208931406}