{"Resources": -0.5336964725810891, "Equipment / Head": 1.4481313871734223, "Consumables": 0.6456632442463962, "Equipment / Legs": -1.8025565723576114, "Books": -1.5011974602703975, "Equipment / Pouch": 4.256193728879631, "Equipment / Main Hand": -0.3623998767213852, "Equipment / Off Hand": 1.032229818645638, "Tools / Alchemy": 3.5416469032238753, "Equipment / Feet": -1.5162669662047017, "Tools / Milking": 1.2205393338521628, "Tools / Crafting": -2.1573655939949563, "Tools / Enhancing": 4.32819794435198, "Equipment / Hands": 0.8194888289693573, "Tools / Cheesesmithing": 2.1204396155107883, "Tools / Woodcutting": 2.522672689085188, "Tools / Tailoring": 1.0693049020152103, "Equipment / Body": 0.2985355253810505, "Tools / Brewing": -1.5956580847212054, "Tools / Foraging": 2.3609559725814107, "Tools / Cooking": 1.4326285037568232, "Loots": -0.10341261633919939, "Keys": 2.240439059877477, "Jewelry": 1.784215786209117, "Trinket": 2.8960817717206178}