{"Resources": -0.12457942662704355, "Equipment / Head": -1.7261095773752058, "Consumables": 1.015887632518637, "Books": -1.316536033075107, "Equipment / Pouch": 3.4262625497049903, "Equipment / Main Hand": 0.1811063429316318, "Equipment / Off Hand": 0.27918860670211826, "Tools / Alchemy": 2.677596551257263, "Equipment / Feet": 0.9615599496266841, "Tools / Milking": -2.3082252911303542, "Tools / Crafting": 0.3163330650558484, "Tools / Enhancing": -1.3383344867845237, "Equipment / Hands": 0.5767853353035801, "Tools / Cheesesmithing": 0.08518318789497603, "Tools / Woodcutting": 2.6894697179583837, "Tools / Tailoring": 3.673508456904061, "Equipment / Body": 0.6165755700417995, "Equipment / Legs": -0.9294592983544644, "Tools / Brewing": 1.4962339581706898, "Tools / Foraging": -5.851137570418586, "Tools / Cooking": -1.5257842778779258, "Loots": 1.8181818181818181, "Keys": 0.3039040641464114, "Jewelry": -1.2380776626647387, "Trinket": -2.4846467467734312}