{"Resources": -0.6591118589155776, "Equipment / Head": 1.8864841867050979, "Consumables": -1.7661336870403974, "Equipment / Legs": 3.4130092126188325, "Books": -1.9643794203705394, "Equipment / Pouch": -2.4045331992230543, "Equipment / Main Hand": -1.248520215929311, "Equipment / Off Hand": -0.046772730034328726, "Tools / Alchemy": -0.9661838033718843, "Equipment / Feet": -0.31674942910057385, "Tools / Milking": 0.43606087778287816, "Tools / Crafting": 10.99259226969411, "Tools / Enhancing": 1.3823121179157323, "Equipment / Hands": -0.13661616747121738, "Tools / Cheesesmithing": -0.4629727892715647, "Tools / Woodcutting": 0.5720741119533744, "Tools / Tailoring": -0.6159097188282376, "Equipment / Body": -1.0232508842460268, "Tools / Brewing": -1.552201028163767, "Tools / Foraging": 2.222195381312482, "Tools / Cooking": -4.853137863510663, "Loots": 2.543234994913535, "Keys": -0.5419088257906834, "Jewelry": 0.32447235736128677, "Trinket": -1.9631269955711224}