{"Resources": -0.19069360429087795, "Equipment / Head": 4.055503250444448, "Consumables": 0.391184810419477, "Equipment / Body": -2.626753322846543, "Equipment / Legs": 3.006934061535253, "Books": -1.7519669692211144, "Equipment / Pouch": 2.718046228283838, "Equipment / Main Hand": 1.0544034818686059, "Equipment / Off Hand": -2.260490264463466, "Tools / Alchemy": -4.4845657459734065, "Equipment / Feet": -1.1633697168957948, "Tools / Milking": -2.0166004631633405, "Tools / Crafting": -0.4442331767683836, "Tools / Enhancing": 1.3859225372381765, "Equipment / Hands": 1.936940659447829, "Tools / Cheesesmithing": -4.532065985150109, "Tools / Woodcutting": -1.545723452372537, "Tools / Tailoring": 3.389412882835981, "Tools / Brewing": -6.598079052499982, "Tools / Foraging": -5.343769206415639, "Tools / Cooking": -2.187885939050915, "Loots": 3.0208333333333277, "Keys": 0.562183112402168, "Jewelry": 0.9546442763791229, "Trinket": -0.3524229074889884}