{"Resources": 0.7027163000148272, "Equipment / Head": -1.2759202275990271, "Consumables": 0.3352566952504873, "Equipment / Body": 0.38351440744500254, "Equipment / Legs": -0.9691839329804919, "Books": 0.25795342892644235, "Equipment / Pouch": 30.1964985462274, "Equipment / Main Hand": 5.381069702815568, "Equipment / Off Hand": -3.4180954667819243, "Tools / Alchemy": 8.508374308859139, "Equipment / Feet": -2.6636742008515117, "Tools / Milking": -2.355495222852176, "Tools / Crafting": 2.591523862728318, "Tools / Enhancing": -0.8250453223919132, "Equipment / Hands": -1.0855411003495739, "Tools / Cheesesmithing": 0.7696819491385808, "Tools / Woodcutting": 9.154458786896607, "Tools / Tailoring": -3.688376479909938, "Tools / Brewing": 0.5654909251603145, "Tools / Foraging": 4.211748887536002, "Tools / Cooking": -0.23603754879702876, "Loots": 0.5370569280343667, "Keys": -0.16041971844956168, "Jewelry": -2.3786020120432845, "Trinket": 2.277781896360002}