{"Resources": 0.791610072271762, "Equipment / Head": 2.529368225387036, "Consumables": -0.6186188268873555, "Equipment / Legs": -1.3890342169453933, "Books": -2.3147976214419863, "Equipment / Pouch": -2.1165363981307843, "Equipment / Main Hand": 0.042018580834670756, "Equipment / Off Hand": -0.5046158853033337, "Tools / Alchemy": -1.0594812241805445, "Equipment / Feet": -1.0805820863491236, "Tools / Milking": 1.980821533362119, "Tools / Crafting": -1.7409590026688315, "Tools / Enhancing": -0.7651254230485497, "Equipment / Hands": -2.7798163973026853, "Tools / Cheesesmithing": 1.4958707957115327, "Tools / Woodcutting": -2.730517714032487, "Tools / Tailoring": 1.047306568270601, "Equipment / Body": 0.893416699908192, "Tools / Brewing": -0.23671860389124183, "Tools / Foraging": -0.8321440172670395, "Tools / Cooking": 0.5588795564825925, "Loots": 1.5069967707212069, "Keys": 1.0363439330495494, "Jewelry": 0.9527135752541771, "Trinket": -2.47846889952153}