{"Resources": 0.10595069113823145, "Equipment / Head": -2.1305715773634106, "Consumables": -0.4324563683740416, "Equipment / Body": 1.1521911818245645, "Equipment / Legs": -0.6539444042628125, "Books": -2.4929405805060187, "Equipment / Pouch": 2.667687889198839, "Equipment / Main Hand": -1.4179651415274432, "Equipment / Off Hand": 2.3241354630373694, "Tools / Alchemy": 1.0622743695206158, "Equipment / Feet": -0.2102166807005647, "Tools / Milking": -2.124284965709929, "Tools / Crafting": 2.6498644186359086, "Tools / Enhancing": 0.5536500539013992, "Equipment / Hands": -0.01637200934954987, "Tools / Cheesesmithing": 3.2356092056155576, "Tools / Woodcutting": -0.23019535377921269, "Tools / Tailoring": -0.33499877361716796, "Tools / Brewing": -0.593202021462801, "Tools / Foraging": 3.39005321986176, "Tools / Cooking": 2.030544467061572, "Loots": -1.6564952048823058, "Keys": 0.1893256043502481, "Jewelry": -3.043019089738734, "Trinket": 0.4337704959739497}