{"Resources": -0.5337281806874806, "Equipment / Head": -0.2684692231968525, "Consumables": -0.43023267365662177, "Equipment / Legs": 2.9058879924141583, "Books": 0.41140174766112886, "Equipment / Pouch": -1.4834130543300965, "Equipment / Main Hand": -1.4995133076896348, "Equipment / Off Hand": 3.538180552851064, "Tools / Alchemy": -2.218176766492018, "Equipment / Feet": 1.920860072485827, "Tools / Milking": -0.24803783630558357, "Tools / Crafting": -3.140312897679478, "Tools / Enhancing": 0.8123030937367238, "Equipment / Hands": -1.0895421155436096, "Tools / Cheesesmithing": -0.10176751501050944, "Tools / Woodcutting": -0.6911599473763622, "Tools / Tailoring": 2.4789041218997245, "Equipment / Body": 0.614769075355648, "Tools / Brewing": -0.5476942596517829, "Tools / Foraging": -4.306383243913148, "Tools / Cooking": -1.1988148469454987, "Loots": -2.9411764705882377, "Keys": 0.2790187762758837, "Jewelry": 1.0836483534648307, "Trinket": 0.8670520231213894}