{"Resources": 0.420126730977967, "Equipment / Head": 1.2206008238858976, "Consumables": 0.34793260982922664, "Equipment / Body": -2.376708313980699, "Equipment / Legs": 2.6711473714868896, "Books": 1.080596284082598, "Equipment / Pouch": 2.201318205123844, "Equipment / Main Hand": 0.2164046820182143, "Equipment / Off Hand": -1.475597363252861, "Tools / Alchemy": 5.385327828642842, "Equipment / Feet": 4.414948786705079, "Tools / Milking": 3.0911692467776772, "Tools / Crafting": -0.9186437037906812, "Tools / Enhancing": 3.102291748940555, "Equipment / Hands": 0.31535550403425466, "Tools / Cheesesmithing": 5.424405652750373, "Tools / Woodcutting": 5.421263919113061, "Tools / Tailoring": -0.019405223811082197, "Tools / Brewing": 1.9614339905717313, "Tools / Foraging": 4.25558756200431, "Tools / Cooking": 3.9360871236348793, "Loots": 3.759398496240606, "Keys": 0.3330996660486509, "Jewelry": 0.9305130237911874, "Trinket": 1.1018826135105189}