{"Resources": -0.2516882700393371, "Equipment / Head": -0.18870570565365016, "Consumables": 0.37339418357912535, "Equipment / Legs": -1.5206446566517198, "Books": 0.22524480498706073, "Equipment / Pouch": 3.078440940772436, "Equipment / Main Hand": 0.7133309790194564, "Equipment / Off Hand": 6.107687673225334, "Tools / Alchemy": 10.610269578279407, "Equipment / Feet": -2.520254635325329, "Tools / Milking": 1.7050826964070978, "Tools / Crafting": 3.130816240116951, "Tools / Enhancing": 1.1201091440107938, "Equipment / Hands": 1.687161048644055, "Tools / Cheesesmithing": 1.856812296871932, "Tools / Woodcutting": 4.324384624864904, "Tools / Tailoring": 1.9060965437125508, "Equipment / Body": -1.098734964786477, "Tools / Brewing": -0.4268596418800967, "Tools / Foraging": -0.3346624687157292, "Tools / Cooking": 0.3772352653751006, "Loots": 5.800000000000003, "Keys": -2.099957605196602, "Jewelry": -0.18034567819462277, "Trinket": -1.0241107047634352}