{"Resources": -0.4246375755334456, "Equipment / Head": -1.4218615142842288, "Consumables": -0.6413447033652443, "Equipment / Body": -2.3737419767970747, "Equipment / Legs": -0.6988010859124352, "Books": -0.2777778989268961, "Equipment / Pouch": 1.5537209913786927, "Equipment / Main Hand": -1.6384510277503541, "Equipment / Off Hand": -0.9129505402855658, "Tools / Alchemy": 4.070324837864663, "Equipment / Feet": 0.05316148962988616, "Tools / Milking": -2.5417879885435073, "Tools / Crafting": -2.0396872741746264, "Tools / Enhancing": 29.59214501765238, "Equipment / Hands": 1.8418952180969825, "Tools / Cheesesmithing": -1.7072085426816972, "Tools / Woodcutting": 0.36010202497249133, "Tools / Tailoring": -0.20042891532833249, "Tools / Brewing": 0.26990286740768515, "Tools / Foraging": -2.118213586648777, "Tools / Cooking": 2.902194557384217, "Loots": 0.26666666666666666, "Keys": -1.642813616827379, "Jewelry": -0.3501124987685295, "Trinket": -1.020408163265308}