{"Resources": 0.427337627944808, "Equipment / Head": 4.120723554309471, "Consumables": 1.8834254963442836, "Books": -2.3270122358970986, "Equipment / Pouch": 3.338303519416637, "Equipment / Main Hand": 2.543985606582053, "Equipment / Off Hand": 1.3346487944851355, "Tools / Alchemy": -0.9320050014195231, "Equipment / Feet": 1.9524028499676, "Tools / Milking": -0.252251502177783, "Tools / Crafting": 4.5927402839755676, "Tools / Enhancing": 2.6271849893366204, "Equipment / Hands": 3.494239129267512, "Tools / Cheesesmithing": -0.675839591860679, "Tools / Woodcutting": -4.4868441409520186, "Tools / Tailoring": 1.2595725833107498, "Equipment / Body": 0.36772229933276895, "Equipment / Legs": 5.361834989625222, "Tools / Brewing": -1.368508650760689, "Tools / Foraging": -6.406972622489585, "Tools / Cooking": -3.7920750635802216, "Loots": 0.0, "Keys": -0.07029865377768349, "Jewelry": -0.5252849539361711, "Trinket": 1.2747771244309547}