{"Resources": 0.20421058353708021, "Equipment / Head": 0.27585370163640205, "Consumables": -0.6275018324618211, "Equipment / Legs": 1.1665873605693755, "Books": 1.5797620031008255, "Equipment / Pouch": -0.39925076439184876, "Equipment / Main Hand": 0.124164963621751, "Equipment / Off Hand": -3.4780331829091655, "Tools / Alchemy": 1.934569099809116, "Equipment / Feet": -2.5774254926391715, "Tools / Milking": 2.092436610815172, "Tools / Crafting": 1.1314133051728057, "Tools / Enhancing": -7.962784253781419, "Tools / Cheesesmithing": -3.0165928628992624, "Tools / Woodcutting": -1.4612109835715996, "Tools / Tailoring": -0.16336379773247303, "Equipment / Body": 0.6984564922430474, "Tools / Brewing": 0.06284880866357316, "Tools / Foraging": 2.0487361349187108, "Tools / Cooking": 0.0527647124508945, "Loots": -0.09652509652510215, "Equipment / Hands": -0.06516628161285032, "Keys": 0.501550834587737, "Jewelry": -0.06026473549813893, "Trinket": 3.727024463480438}