{"Resources": -0.047966615140796295, "Equipment / Head": 1.8192556972767617, "Consumables": 0.4437471183127487, "Equipment / Body": -1.3087557058584873, "Equipment / Legs": -0.3065434562967553, "Books": -1.0532930139046763, "Equipment / Pouch": 1.4144190050540173, "Equipment / Main Hand": -0.9687427064553339, "Equipment / Off Hand": -2.863846675336632, "Tools / Alchemy": 4.119036263493832, "Equipment / Feet": -0.49930189714661294, "Tools / Milking": 1.8186149534827059, "Tools / Crafting": 3.9351015600743047, "Tools / Enhancing": 2.0804419596016333, "Equipment / Hands": 0.5738591421135524, "Tools / Cheesesmithing": 4.524390351652914, "Tools / Woodcutting": 1.9121245532577529, "Tools / Tailoring": 3.8296125941878563, "Tools / Brewing": 15.632513446187826, "Tools / Foraging": 5.949596811368302, "Tools / Cooking": 18.406471881602425, "Loots": 1.2578616352201288, "Keys": -0.40582910362638946, "Jewelry": 0.8940586545080438, "Trinket": 4.363636363636365}