{"Resources": -0.5043562376790188, "Equipment / Head": -0.20015317292422904, "Consumables": -0.37864024910407695, "Equipment / Body": 1.7309894559573316, "Equipment / Legs": 2.907488763845313, "Books": -1.1708799465763753, "Equipment / Pouch": 2.078511796707969, "Equipment / Main Hand": -3.5418772828402254, "Equipment / Off Hand": -0.29987024739553364, "Tools / Alchemy": 2.2543844060591836, "Equipment / Feet": 0.1776536817651835, "Tools / Milking": 1.0778985583283347, "Tools / Crafting": 3.7106968707391785, "Tools / Enhancing": -0.10157089118815416, "Equipment / Hands": -2.250844838502868, "Tools / Cheesesmithing": 0.02389429870518021, "Tools / Woodcutting": -2.383148349252266, "Tools / Tailoring": 2.0930544389458015, "Tools / Brewing": 0.3068605361825561, "Tools / Foraging": -0.31131103616818745, "Tools / Cooking": -12.428451796663278, "Loots": 4.282115869017635, "Keys": 0.49721733062411, "Jewelry": -1.9966654374780497, "Trinket": -1.314970358097174}