{"Resources": 0.027589477413390944, "Equipment / Head": -0.694464798028458, "Consumables": -0.3742434449802047, "Equipment / Body": -0.8202436607356169, "Equipment / Legs": 0.46476450160851485, "Books": 1.3019542607562251, "Equipment / Pouch": -2.3657752183928094, "Equipment / Main Hand": -0.46546564687935515, "Equipment / Off Hand": -4.7486755867787025, "Tools / Alchemy": -1.6233731764653483, "Equipment / Feet": 0.9547130647595792, "Tools / Milking": 2.555709649448446, "Tools / Crafting": 3.386259092651946, "Tools / Enhancing": 1.409381382516785, "Equipment / Hands": -0.4858783645911759, "Tools / Cheesesmithing": -1.8294157693200308, "Tools / Woodcutting": 1.7414365331757593, "Tools / Tailoring": 2.476629713639116, "Tools / Brewing": -0.8011876114331608, "Tools / Foraging": 12.470754439062556, "Tools / Cooking": 0.6338464098599726, "Loots": -1.3278855975485142, "Keys": -0.4128792087964799, "Jewelry": 0.8476789969900297, "Trinket": -2.3438541483365634}