{"Resources": 0.19955914577613, "Equipment / Head": 0.46361679482170787, "Consumables": 1.628067031068173, "Equipment / Body": 0.45830207640640186, "Equipment / Legs": 0.39412702078753614, "Books": 0.10231295646305578, "Equipment / Pouch": 0.2982898346930377, "Equipment / Main Hand": 0.36304650604042116, "Equipment / Off Hand": 2.367368661481157, "Tools / Alchemy": 0.894764815235311, "Equipment / Feet": -0.8483400537240305, "Tools / Milking": 1.1228348924348572, "Tools / Crafting": -4.7374315352478575, "Tools / Enhancing": 1.9852976990286304, "Equipment / Hands": -1.0296452064743393, "Tools / Cheesesmithing": 0.30618378578513206, "Tools / Woodcutting": 0.8745400102906835, "Tools / Tailoring": 0.013238352254164936, "Tools / Brewing": 8.486022481059274, "Tools / Foraging": 0.5937117634678734, "Tools / Cooking": -1.0333462753929428, "Loots": 0.0, "Keys": 0.09491694876730768, "Jewelry": 0.07366253001101705, "Trinket": -0.4192872117400458}