{"Resources": 0.5801150266639351, "Equipment / Head": -0.2315927259468242, "Consumables": 0.5162259671407545, "Books": -0.6560136059483879, "Equipment / Pouch": -2.0305170498249625, "Equipment / Main Hand": -0.5953189875167367, "Equipment / Off Hand": -2.0572477786947574, "Tools / Alchemy": 2.762175888988155, "Equipment / Feet": 0.5936700846457847, "Tools / Milking": -4.130100245186243, "Tools / Crafting": -2.7531480127535706, "Tools / Enhancing": 2.5505625702103947, "Equipment / Hands": 1.0555840369704534, "Tools / Cheesesmithing": -0.8578435438229397, "Tools / Woodcutting": 1.2151426507647896, "Tools / Tailoring": -3.224047273923043, "Equipment / Body": 1.7114906638814442, "Equipment / Legs": 1.7367716988792528, "Tools / Brewing": 1.6632031924915098, "Tools / Foraging": -0.0025341604967274306, "Tools / Cooking": 2.2725200219279214, "Loots": 0.49850448654037416, "Keys": -0.252158650521117, "Jewelry": 0.4026862496456226, "Trinket": -1.159650583062183}