{"Resources": 1.3740357312624905, "Equipment / Head": 2.550758512136863, "Consumables": 2.820417124127106, "Books": 0.08289249908393452, "Equipment / Pouch": 4.152420778079627, "Equipment / Main Hand": 0.33668640712278725, "Equipment / Off Hand": -0.8116638770657643, "Tools / Alchemy": 1.5183996097855748, "Equipment / Feet": -2.913199279697915, "Tools / Milking": 0.6684336081567775, "Tools / Crafting": -2.3314017405067, "Tools / Enhancing": 1.8037450834664033, "Equipment / Hands": 3.9580756742552583, "Tools / Cheesesmithing": -1.3679158913139546, "Tools / Woodcutting": 0.6515590089943455, "Tools / Tailoring": 0.12404173791106399, "Equipment / Body": 1.9714529006191523, "Equipment / Legs": -0.2601413065102153, "Tools / Brewing": -2.8858994975821846, "Tools / Foraging": -3.6462729796673874, "Tools / Cooking": 0.4947883915691174, "Loots": 2.543234994913535, "Keys": 5.646173283877698, "Jewelry": 0.28375872785819634, "Trinket": -0.6146876501511297}