{"Resources": 1.5956535781943733, "Equipment / Head": 1.4040918381690866, "Consumables": 0.8941770048803529, "Equipment / Legs": 2.8378257479409132, "Books": -4.086909925002261, "Equipment / Pouch": -0.7836927130156248, "Equipment / Main Hand": 3.833526715912697, "Equipment / Off Hand": 1.6611825346959268, "Tools / Alchemy": -1.627214917747891, "Equipment / Feet": 5.439407438372569, "Tools / Milking": 4.917497966165261, "Tools / Crafting": 4.2193285522914605, "Tools / Enhancing": -1.4915731305812359, "Equipment / Hands": 6.146079278573676, "Tools / Cheesesmithing": 4.439035149682924, "Tools / Woodcutting": 0.020003791816305214, "Tools / Tailoring": 4.673599385725336, "Equipment / Body": 0.3249174029190041, "Tools / Brewing": 2.8522164195609996, "Tools / Foraging": 1.0467860735573689, "Tools / Cooking": 6.73623765347971, "Loots": 0.702576112412178, "Keys": -3.5831424261351135, "Jewelry": 0.12721637856548557, "Trinket": 0.01781895937277289}