{"Resources": 0.11429296487247348, "Equipment / Head": -3.2579355751160786, "Consumables": 0.1870453148049588, "Equipment / Body": -3.5711003071716796, "Equipment / Legs": -0.7002982976155359, "Books": 0.6026296990909017, "Equipment / Pouch": 3.386950115414539, "Equipment / Main Hand": 0.7599074013420343, "Equipment / Off Hand": -0.11394293097633826, "Tools / Alchemy": 5.700888090794032, "Equipment / Feet": -2.235439353682568, "Tools / Milking": 3.063872454372212, "Tools / Crafting": 7.507294234353994, "Tools / Enhancing": 3.3882185319236626, "Equipment / Hands": -1.2667507201529182, "Tools / Cheesesmithing": 1.7431482841044124, "Tools / Woodcutting": 3.292316456343409, "Tools / Tailoring": 2.933850968329282, "Tools / Brewing": 3.5756221849446135, "Tools / Foraging": 0.01682404661540155, "Tools / Cooking": -0.8117906846128992, "Loots": -1.689860834990065, "Keys": -0.9852164785602312, "Jewelry": 0.3953130495412837, "Trinket": -0.34434201930754255}