{"Resources": 0.15749951642618587, "Equipment / Head": 1.4182016469737393, "Equipment / Legs": 0.6362993301773392, "Consumables": -0.5841729823448873, "Equipment / Body": 1.9878043733842057, "Books": -1.6270308001578797, "Equipment / Pouch": 0.5981572480635864, "Equipment / Main Hand": 0.5510674049561416, "Equipment / Off Hand": 4.125385408393065, "Tools / Alchemy": -6.748879348350913, "Equipment / Feet": -0.952640365806054, "Tools / Milking": -1.6694147579863148, "Tools / Crafting": -1.4602037249186837, "Tools / Enhancing": -0.9357026892581697, "Equipment / Hands": -1.3386178176720707, "Tools / Cheesesmithing": 2.8127366407009284, "Tools / Woodcutting": 4.63775226506028, "Tools / Tailoring": -3.2021798286394065, "Tools / Brewing": -0.2688383405080789, "Tools / Foraging": 0.09242874218420706, "Tools / Cooking": -1.5800246217905956, "Loots": -0.4524886877828055, "Keys": 1.1084934650162674, "Jewelry": 1.5244399518431213, "Trinket": -0.5439005439005439}