{"Resources": -0.2286500492424586, "Equipment / Head": 0.20363083086004535, "Consumables": 0.700732694348216, "Books": -0.13698574017737283, "Equipment / Pouch": 1.840159945612934, "Equipment / Main Hand": -0.7204714055982495, "Equipment / Off Hand": -3.998567969101864, "Tools / Alchemy": 1.5225981473571277, "Equipment / Feet": 0.5812124800078002, "Tools / Milking": -7.1980624563536075, "Tools / Crafting": 4.423802815298579, "Tools / Enhancing": -1.7332424929405204, "Equipment / Hands": -2.4457923768426473, "Tools / Cheesesmithing": 2.6256959373321633, "Tools / Woodcutting": 0.37804399326482613, "Tools / Tailoring": -0.29164770772810655, "Equipment / Body": 1.5054079779490486, "Equipment / Legs": 0.08238591045764797, "Tools / Brewing": 7.1472662430144975, "Tools / Foraging": 3.258034287811671, "Tools / Cooking": -2.251846260146737, "Loots": 0.20263424518743492, "Keys": 1.0691307654642117, "Jewelry": 0.14732680643065574, "Trinket": 1.1208700863873242}