{"Resources": 0.02695796643288481, "Equipment / Head": -2.129624649939129, "Consumables": -0.7580626077682485, "Equipment / Legs": 0.5151249246036942, "Books": 0.08686327533549226, "Equipment / Pouch": 2.196074427162237, "Equipment / Main Hand": -0.6540534029253472, "Equipment / Off Hand": -1.684782485770084, "Tools / Alchemy": -1.9589403842384752, "Equipment / Feet": -0.2998125245752142, "Tools / Milking": -1.240815052499117, "Tools / Crafting": -2.2865791918941505, "Tools / Enhancing": -4.753757646879677, "Equipment / Hands": -0.8530720385651246, "Tools / Cheesesmithing": 1.2475408910641568, "Tools / Woodcutting": -0.2290060513966752, "Tools / Tailoring": -0.11195373874844096, "Equipment / Body": -0.5390095436664604, "Tools / Brewing": -3.005517008198113, "Tools / Foraging": -5.7585040432590375, "Tools / Cooking": 0.653410488421749, "Loots": 0.3968253968253933, "Keys": -0.026685896724292144, "Jewelry": 0.11570309867848978, "Trinket": -0.16666666666666743}