{"Resources": -0.5306842234674897, "Equipment / Head": -2.8456546678691073, "Consumables": 0.6743321535784473, "Books": -1.9437336467274344, "Equipment / Pouch": -2.315296340378438, "Equipment / Main Hand": -0.17367357223955554, "Equipment / Off Hand": 2.6594354401381755, "Tools / Alchemy": -0.42490662883709573, "Equipment / Feet": -1.7884380031472287, "Tools / Milking": -2.3043928546597092, "Tools / Crafting": -1.7611153294509114, "Tools / Enhancing": 0.02786769799792526, "Equipment / Hands": 1.7746607431518304, "Tools / Cheesesmithing": -0.05239174753944012, "Tools / Woodcutting": -1.1142088616192471, "Tools / Tailoring": 0.47977317236274464, "Equipment / Body": -0.16817891347302896, "Equipment / Legs": -0.8399777473548312, "Tools / Brewing": 1.6837012340271658, "Tools / Foraging": 0.3298850970478254, "Tools / Cooking": 0.31779361922103466, "Loots": 0.963597430406851, "Keys": 1.114634222742584, "Jewelry": -0.8188861467676547, "Trinket": -0.8655748081335592}