{"Resources": -0.6054852840190804, "Equipment / Head": -2.314423099573556, "Consumables": -1.098252857276688, "Equipment / Legs": 1.0884183454538352, "Books": -1.2723272127902556, "Equipment / Pouch": 3.0987272120039147, "Equipment / Main Hand": -0.33089389518669726, "Equipment / Off Hand": 4.49684500907384, "Tools / Alchemy": -1.9082156223991578, "Equipment / Feet": -1.4735009791930498, "Tools / Milking": -3.5817332648062137, "Tools / Crafting": 2.7931624589335637, "Tools / Enhancing": -0.47240642210024414, "Equipment / Hands": -0.5462482435822715, "Tools / Cheesesmithing": 3.605355134750665, "Tools / Woodcutting": -2.9431102125051125, "Tools / Tailoring": 0.7691269254537917, "Equipment / Body": -0.6343804880457528, "Tools / Brewing": -2.048632058345897, "Tools / Foraging": 1.1782111895325125, "Tools / Cooking": -0.02036957447766996, "Loots": 0.8154943934760515, "Keys": 1.5690105874397187, "Jewelry": -0.8529427692560491, "Trinket": -1.5338827838827822}