{"Resources": 0.44792635746292825, "Equipment / Head": 20.60532526482676, "Consumables": 0.37176831791377807, "Books": -0.7933103897952264, "Equipment / Pouch": -0.4412970597775643, "Equipment / Main Hand": 9.780148012572253, "Equipment / Off Hand": 0.3648537001877424, "Tools / Alchemy": 9.252422529701548, "Equipment / Feet": 1.3602633245211693, "Tools / Milking": -1.5495812111574612, "Tools / Crafting": 1.0379047711275937, "Tools / Enhancing": -1.7937907009293814, "Equipment / Hands": -2.944981029746537, "Tools / Cheesesmithing": -1.459804641279319, "Tools / Woodcutting": 0.045311875176216154, "Tools / Tailoring": 6.839996255704976, "Equipment / Body": 3.375614612340672, "Equipment / Legs": 0.24563719371179016, "Tools / Brewing": 1.3917209077511061, "Tools / Foraging": -2.5495817402749372, "Tools / Cooking": -1.6615894178847237, "Loots": 2.231237322515218, "Keys": 0.6283870987934597, "Jewelry": -2.543140304824404, "Trinket": -2.620576869815228}