{"Resources": 0.5773426593328268, "Equipment / Head": -1.199201054508417, "Equipment / Legs": 0.7547046784182366, "Equipment / Body": -0.09343863686346554, "Consumables": 0.42484794419124894, "Books": -2.577611035293381, "Equipment / Pouch": -5.25885521588383, "Equipment / Main Hand": 0.7275534292401155, "Equipment / Off Hand": -0.8999256513508008, "Tools / Alchemy": -3.8446910710188393, "Equipment / Feet": -3.737685735887116, "Tools / Milking": -2.288941076160138, "Tools / Crafting": -9.039117776772349, "Tools / Enhancing": -1.576195078965261, "Equipment / Hands": 8.131866791598455, "Tools / Cheesesmithing": -1.2686351500887127, "Tools / Woodcutting": -2.5918928532892624, "Tools / Tailoring": -2.158558307690745, "Tools / Brewing": 0.5315561701944103, "Tools / Foraging": -8.610825501658569, "Tools / Cooking": -2.5136444505160167, "Loots": -4.9275362318840585, "Keys": 0.8323119550711268, "Jewelry": -0.7182035746069927, "Trinket": 0.9336689128846312}