{"Resources": -0.4392303116629079, "Equipment / Head": -1.6264093811411167, "Consumables": 0.599819119743705, "Equipment / Body": 1.3334812672311305, "Equipment / Legs": 0.3780945953208671, "Books": -1.2287715490669902, "Equipment / Pouch": -0.10663489271218911, "Equipment / Main Hand": -0.6206198541425275, "Equipment / Off Hand": 1.7165154692776228, "Tools / Alchemy": 3.7778126887788135, "Equipment / Feet": -1.328052266201904, "Tools / Milking": 0.5582149667045684, "Tools / Crafting": 1.3899003996575512, "Tools / Enhancing": 2.565992259316124, "Equipment / Hands": 1.5695626732858847, "Tools / Cheesesmithing": 3.592140953653335, "Tools / Woodcutting": 3.0947737035029372, "Tools / Tailoring": -0.05781696603006092, "Tools / Brewing": 1.2230317271169524, "Tools / Foraging": 5.377513235865158, "Tools / Cooking": 1.0418831273115814, "Loots": 5.39714867617108, "Keys": -0.6874199079660426, "Jewelry": -0.7148426315963141, "Trinket": 0.403068204025793}