{"Resources": 0.07246871101131577, "Equipment / Head": 9.65678174930795, "Consumables": 0.23111460448062082, "Equipment / Legs": 1.8791221323701173, "Books": 0.26932135038652044, "Equipment / Pouch": -0.8196267486652011, "Equipment / Main Hand": 1.1221397822343366, "Equipment / Off Hand": -4.223753368766907, "Tools / Alchemy": -1.3156667725688294, "Equipment / Feet": -0.7958268915194426, "Tools / Milking": -1.357729679411172, "Tools / Crafting": 1.6357536183765304, "Tools / Enhancing": -9.482073240582613, "Equipment / Hands": 5.118279739779332, "Tools / Cheesesmithing": -2.03372952946797, "Tools / Woodcutting": -3.6057366284020773, "Tools / Tailoring": -1.981451633432441, "Equipment / Body": 1.6388169744112926, "Tools / Brewing": 2.2575096360294915, "Tools / Foraging": -1.5108645655588155, "Tools / Cooking": 0.5339849979569614, "Loots": 2.0161290322580703, "Keys": 0.5421823127430703, "Jewelry": -0.6578794296401208, "Trinket": 3.8537408498906767}