{"Resources": -0.3635056466510953, "Equipment / Head": -4.1352624920493275, "Consumables": -0.603791690197122, "Equipment / Legs": -3.043687388733249, "Books": -1.3663473392772345, "Equipment / Pouch": -2.2427722812406534, "Equipment / Main Hand": -3.74489667312562, "Equipment / Off Hand": -2.8659073244438042, "Tools / Alchemy": -1.7314112679973197, "Equipment / Feet": -2.0834639424443786, "Tools / Milking": -1.3127266538890197, "Tools / Crafting": -1.6216923624496156, "Tools / Enhancing": -1.4249817066332169, "Equipment / Hands": -1.4437500371786112, "Tools / Cheesesmithing": -1.4708030705814874, "Tools / Woodcutting": -3.203180924702586, "Tools / Tailoring": -3.838032391067781, "Equipment / Body": -4.159756873970777, "Tools / Brewing": -3.7215544062845725, "Tools / Foraging": -3.900392147088504, "Tools / Cooking": 0.4540293103195532, "Loots": -0.3095975232198184, "Keys": -0.18113600648830797, "Jewelry": 0.5837088855846527, "Trinket": 0.42158516020236286}