{"Resources": -0.12464662455409753, "Equipment / Head": 1.6206746461355237, "Consumables": -1.8153998873762276, "Equipment / Body": -0.49978549734062633, "Equipment / Legs": 0.7371657097548577, "Books": -0.3756601702734318, "Equipment / Pouch": 3.159588504505633, "Equipment / Main Hand": 0.4222350101763848, "Equipment / Off Hand": 2.672594691837506, "Tools / Alchemy": 0.754714158099044, "Equipment / Feet": -0.04322147487815856, "Tools / Milking": 0.9443599696074069, "Tools / Crafting": -5.632776884360413, "Tools / Enhancing": 0.8480687174961357, "Equipment / Hands": -2.841462401970842, "Tools / Cheesesmithing": 2.109596090885083, "Tools / Woodcutting": 1.192287540753455, "Tools / Tailoring": 2.117695078434114, "Tools / Brewing": 2.0428733141797366, "Tools / Foraging": 1.5644484983124554, "Tools / Cooking": 1.5252298609219428, "Loots": -0.21231422505307856, "Keys": 0.2072764548610012, "Jewelry": 0.32194842688484254, "Trinket": -0.11600928074245939}