{"Resources": 0.5797049995254029, "Equipment / Head": 4.939422887625105, "Consumables": -0.24803816873537968, "Equipment / Body": 0.7028968065772648, "Books": -0.46812521191466433, "Equipment / Pouch": -4.573302776337221, "Equipment / Main Hand": 4.097306766820286, "Equipment / Off Hand": -3.0299293237697555, "Tools / Alchemy": 0.03248934315930585, "Equipment / Feet": 0.23264920573407238, "Tools / Milking": -5.30539200889778, "Tools / Crafting": -6.327728975520604, "Tools / Enhancing": -6.341510515832259, "Equipment / Hands": -0.5113297777341278, "Tools / Cheesesmithing": -2.9509816958369637, "Tools / Woodcutting": -1.7388047369303175, "Tools / Tailoring": -1.275499338861236, "Equipment / Legs": -2.720545485073756, "Tools / Brewing": -1.6432320496509198, "Tools / Foraging": 2.9153399657746744, "Tools / Cooking": 2.854868894327352, "Loots": -6.7298578199052095, "Keys": -0.08488762105466326, "Jewelry": 10.907473307916986, "Trinket": -3.054176978995247}