{"Resources": 0.5109303886477586, "Equipment / Head": 0.26608622134236626, "Consumables": -1.098408845459049, "Equipment / Body": 2.6480604812933866, "Books": -0.47195066926216006, "Equipment / Pouch": -0.27979686903968704, "Equipment / Main Hand": -0.13062886653516184, "Equipment / Off Hand": -4.369028419276923, "Tools / Alchemy": 0.08454411997855249, "Equipment / Feet": 0.7007095998423787, "Tools / Milking": 2.8047375733277966, "Tools / Crafting": -2.521523706565179, "Tools / Enhancing": 6.434981760204961, "Equipment / Hands": -2.373412909581029, "Tools / Cheesesmithing": 0.3851543947583213, "Tools / Woodcutting": 0.7334837206470379, "Tools / Tailoring": 0.6427898660643746, "Equipment / Legs": 0.330153676152817, "Tools / Brewing": -3.0719424805154754, "Tools / Foraging": -0.2991653765593855, "Tools / Cooking": 3.436328508873634, "Loots": 1.2578616352201288, "Keys": 0.07045450254044938, "Jewelry": -0.25392974264365575, "Trinket": -2.0174482006543095}