{"Resources": -0.146281354027419, "Equipment / Head": -1.003175375619571, "Consumables": -0.18867894705321528, "Equipment / Body": -0.37827777548180674, "Equipment / Legs": -0.47522794242392713, "Books": -0.9437775442772854, "Equipment / Pouch": 3.9129614157886103, "Equipment / Main Hand": 0.14406550922537856, "Equipment / Off Hand": -0.6272951203643826, "Tools / Alchemy": 0.8519252479691283, "Equipment / Feet": 1.3367262473187238, "Tools / Milking": 0.2998438284207956, "Tools / Crafting": -0.8384951925989732, "Tools / Enhancing": 6.2651005488835425, "Equipment / Hands": 1.4262920303639612, "Tools / Cheesesmithing": -1.3189525841766927, "Tools / Woodcutting": 0.9798672821289707, "Tools / Tailoring": 1.2441987630820104, "Tools / Brewing": -0.14813742974506608, "Tools / Foraging": -0.19649649247843723, "Tools / Cooking": -1.378934654087988, "Loots": 0.6244424620874262, "Keys": -0.4565316344692024, "Jewelry": 0.34696813662556325, "Trinket": -0.9703779366700697}