{"Resources": 0.21669966733982535, "Equipment / Head": -1.4213763274326523, "Consumables": 0.47988787911568137, "Books": 2.779629993712882, "Equipment / Pouch": 0.5436589021626022, "Equipment / Main Hand": 2.2872022461532757, "Equipment / Off Hand": 0.041901695049767464, "Tools / Alchemy": -5.715517764085412, "Equipment / Feet": -2.276209506615608, "Tools / Milking": -2.4812025854011766, "Tools / Crafting": -0.8136367435813473, "Tools / Enhancing": -3.8689847549221903, "Equipment / Hands": -4.468896909695699, "Tools / Cheesesmithing": -2.0577426191547614, "Tools / Woodcutting": -4.985067128551861, "Tools / Tailoring": 0.3010251199393759, "Equipment / Body": 1.1406838570144262, "Equipment / Legs": 0.7931738262239182, "Tools / Brewing": 1.6132811086632095, "Tools / Foraging": 3.160420518946317, "Tools / Cooking": -1.0778647085732702, "Loots": -0.412371134020615, "Keys": -4.979653646151968, "Jewelry": 0.39246245167073796, "Trinket": -0.24853342886570817}