{"Resources": -0.33585884050154513, "Equipment / Head": 0.9998969590350861, "Consumables": -0.34542858234908436, "Equipment / Legs": 0.6513960109411885, "Books": -0.6581466534930122, "Equipment / Pouch": 0.8519222914911094, "Equipment / Main Hand": 0.12931904413799133, "Equipment / Off Hand": 0.2387941176143444, "Tools / Alchemy": -2.641666412768655, "Equipment / Feet": -0.8235908821958334, "Tools / Milking": -0.4862896882793849, "Tools / Crafting": 0.5466939158016826, "Tools / Enhancing": 0.7319229519427105, "Equipment / Hands": -0.6637354388581604, "Tools / Cheesesmithing": -0.5562001313223837, "Tools / Woodcutting": 0.6274710587024555, "Tools / Tailoring": 0.21280051740908007, "Equipment / Body": -0.28441344379761285, "Tools / Brewing": -6.401036864391757, "Tools / Foraging": -1.4139199180917912, "Tools / Cooking": 3.3981784242977553, "Loots": 0.21186440677965485, "Keys": 0.30731276624337334, "Jewelry": 0.29006718775467666, "Trinket": -1.734693877551016}