{"Resources": -0.4360009077725264, "Equipment / Head": 0.4160049719188794, "Consumables": 0.2311559143693227, "Equipment / Legs": 1.628875958550191, "Books": -2.170983684598299, "Equipment / Pouch": -0.3306641893978898, "Equipment / Main Hand": -0.44504004239333433, "Equipment / Off Hand": -1.5425524896991019, "Tools / Alchemy": 3.0352777511348625, "Equipment / Feet": 10.91223299674563, "Tools / Milking": 0.3089875441147958, "Tools / Crafting": 1.062799477658988, "Tools / Enhancing": -3.1923288866704547, "Equipment / Hands": 1.548197589539412, "Tools / Cheesesmithing": -0.7919421780044879, "Tools / Woodcutting": 3.2711593381044404, "Tools / Tailoring": -0.14582932705318014, "Equipment / Body": -0.8502091669798615, "Tools / Brewing": 0.5459328242494849, "Tools / Foraging": -1.8743551631530868, "Tools / Cooking": 1.235210091662071, "Loots": -2.127659574468081, "Keys": 0.6422050662043219, "Jewelry": 1.809082779830795, "Trinket": -1.7054574638844295}