{"Resources": -0.6391627780511225, "Equipment / Head": -1.8349777122374002, "Consumables": -0.6756670711324549, "Equipment / Body": -0.35946599743310415, "Equipment / Legs": 1.2710673560631258, "Books": -0.09540330147659087, "Equipment / Pouch": 1.5047066659572317, "Equipment / Main Hand": -0.18820399880289443, "Equipment / Off Hand": -0.0618783165360093, "Tools / Alchemy": -3.7555866029952685, "Equipment / Feet": 0.6580963755348128, "Tools / Milking": 5.088147286652414, "Tools / Crafting": 1.500259355331876, "Tools / Enhancing": -0.05823593900781913, "Equipment / Hands": 1.120890424900082, "Tools / Cheesesmithing": 2.8049362465566112, "Tools / Woodcutting": -1.517889733338505, "Tools / Tailoring": -0.15631127732163821, "Tools / Brewing": -0.22719237964052302, "Tools / Foraging": 0.4329004329004329, "Tools / Cooking": 0.21958926754486643, "Loots": 0.0, "Keys": -1.0255967398139134, "Jewelry": 0.534499210407747, "Trinket": 0.0}