{"Resources": -0.5561139463637708, "Equipment / Head": -2.239035765343698, "Consumables": 0.672867632407793, "Equipment / Body": 2.4050438464325543, "Equipment / Legs": -0.8043072229596182, "Books": 0.9739501033398263, "Equipment / Pouch": 1.0247111996758624, "Equipment / Main Hand": 0.38953407283379804, "Equipment / Off Hand": -0.24189492401831783, "Tools / Alchemy": 2.5920227448869775, "Equipment / Feet": 1.5411086566689307, "Tools / Milking": 6.3432463077552415, "Tools / Crafting": -1.855658660832865, "Tools / Enhancing": -1.321924058190435, "Equipment / Hands": -3.164603233011076, "Tools / Cheesesmithing": -8.880778831085966, "Tools / Woodcutting": 2.4044576931002513, "Tools / Tailoring": -2.2581551249158185, "Tools / Brewing": -3.472579523839757, "Tools / Foraging": 11.200064149063289, "Tools / Cooking": -3.087185757727328, "Loots": -1.2114537444933888, "Keys": 4.41694645453848, "Jewelry": -1.023250321205142, "Trinket": -2.610966057441256}