{"Resources": -0.1072064678987103, "Equipment / Head": -0.17237151930256522, "Consumables": -0.9858822239968623, "Equipment / Body": -1.3476091426818606, "Equipment / Legs": 0.2361245048538282, "Books": -0.5485755168193802, "Equipment / Pouch": -2.1033694792807425, "Equipment / Main Hand": -0.11907859236142078, "Equipment / Off Hand": -5.751030373589657, "Tools / Alchemy": 0.2867493022561822, "Equipment / Feet": 2.2801524887326288, "Tools / Milking": -0.22152249449460792, "Tools / Crafting": 5.343315540962478, "Tools / Enhancing": -4.5687462932281955, "Equipment / Hands": 0.7785171408720069, "Tools / Cheesesmithing": 0.1515153652606569, "Tools / Woodcutting": 0.049918501540721305, "Tools / Tailoring": 4.234217762019206, "Tools / Brewing": 2.159411624673215, "Tools / Foraging": 8.975140459351092, "Tools / Cooking": 1.1292777519675457, "Loots": 1.6129032258064564, "Keys": -0.4327479638002781, "Jewelry": 0.8903387827067988, "Trinket": 1.154529307282412}