{"Resources": -0.05172961270596823, "Equipment / Head": 0.17673600788342775, "Consumables": 1.7455298976771179, "Equipment / Body": 1.5971088255421741, "Equipment / Legs": 1.0679599487300702, "Books": -1.181903526647658, "Equipment / Pouch": -1.5156327169286208, "Equipment / Main Hand": -2.579148286465744, "Equipment / Off Hand": -2.2605963272583605, "Tools / Alchemy": -0.8268028618083241, "Equipment / Feet": 0.6298346680501974, "Tools / Milking": -1.171981740484032, "Tools / Crafting": 1.6310796561715395, "Tools / Enhancing": -0.5327986778581292, "Equipment / Hands": 1.7854126753357062, "Tools / Cheesesmithing": 0.7613474261306268, "Tools / Woodcutting": -1.1391892237107835, "Tools / Tailoring": -1.408024575565415, "Tools / Brewing": -0.7377390993783918, "Tools / Foraging": 0.7467320925262045, "Tools / Cooking": -0.9606137490158948, "Loots": 2.2665457842248453, "Keys": -0.2819015829588411, "Jewelry": 0.6618375997167338, "Trinket": -1.5640766902119054}