{"Resources": -0.6617987235313226, "Equipment / Head": 1.0777036362799957, "Consumables": -1.7001425706332445, "Equipment / Body": 0.12895114091657614, "Equipment / Legs": 1.837181543024777, "Books": -0.720758591225751, "Equipment / Pouch": -0.5862085893822446, "Equipment / Main Hand": -2.942480464214873, "Equipment / Off Hand": 0.7674290070613453, "Tools / Alchemy": 0.28781120188012094, "Equipment / Feet": 2.518442439076797, "Tools / Milking": -0.33381724059781165, "Tools / Crafting": -2.593523611924482, "Tools / Enhancing": 2.2256946810424436, "Equipment / Hands": -1.2092043006094888, "Tools / Cheesesmithing": 1.9782686748296652, "Tools / Woodcutting": -0.0957950027273303, "Tools / Tailoring": -1.0262304352483647, "Tools / Brewing": 3.4566501722880996, "Tools / Foraging": 0.2131274167920639, "Tools / Cooking": 0.772148186628966, "Loots": 1.4071294559099377, "Keys": -1.221531821971592, "Jewelry": 0.11705901747278716, "Trinket": -0.8021390374331531}