{"Resources": 0.03291715385388353, "Equipment / Head": 2.290481482566244, "Consumables": 0.2698035663222598, "Equipment / Body": 1.7698122543569277, "Equipment / Legs": 0.5557680796693746, "Books": -0.35623219502716524, "Equipment / Pouch": 1.9015985590418854, "Equipment / Main Hand": -0.3224411473794731, "Equipment / Off Hand": 5.414904337390376, "Tools / Alchemy": 0.08530923263853055, "Equipment / Feet": 0.1988130472663966, "Tools / Milking": -1.197933956056068, "Tools / Crafting": 37.21758120540194, "Tools / Enhancing": 3.045733415821979, "Equipment / Hands": -1.0493846642280398, "Tools / Cheesesmithing": -3.0718545481307653, "Tools / Woodcutting": 1.0655571124784327, "Tools / Tailoring": 0.6565402948275325, "Tools / Brewing": -0.23802962499653732, "Tools / Foraging": -2.7481662455933273, "Tools / Cooking": 0.06052321673320392, "Loots": 0.0, "Keys": -0.023039388555962135, "Jewelry": 0.20516575088280664, "Trinket": 0.7204610951008645}