{"Resources": 0.6042831243797321, "Equipment / Head": 1.9562578946163984, "Equipment / Legs": -0.6998129155403, "Consumables": 1.9160209155017762, "Equipment / Body": 1.4781552339848658, "Books": 0.28236543366810263, "Equipment / Pouch": 28.53961020066862, "Equipment / Main Hand": 0.9410977233737859, "Equipment / Off Hand": -4.650287565833863, "Tools / Alchemy": 0.48207137648807347, "Equipment / Feet": 5.141888539671425, "Tools / Milking": 3.772654726643391, "Tools / Crafting": 1.48588310248572, "Tools / Enhancing": -0.8336762862595705, "Equipment / Hands": -9.019035308726657, "Tools / Cheesesmithing": 0.9702740936896247, "Tools / Woodcutting": 1.5627984448144938, "Tools / Tailoring": -4.3867104218038335, "Tools / Brewing": 2.22219038242186, "Tools / Foraging": -2.480049398854178, "Tools / Cooking": 0.8704376734640786, "Loots": 0.39840637450199673, "Keys": 0.9435175955649522, "Jewelry": -2.8734620185160873, "Trinket": 2.2141826122358337}