{"Resources": -0.2757751942353071, "Equipment / Head": 0.6549857615309189, "Consumables": -0.815171955146221, "Equipment / Body": 5.863154195846296, "Equipment / Legs": 0.7608557845415697, "Books": -0.41596778198092343, "Equipment / Pouch": -4.532481945328303, "Equipment / Main Hand": -1.6641369971197784, "Equipment / Off Hand": -2.286468129517913, "Tools / Alchemy": 2.3816639234652377, "Equipment / Feet": -3.97564853882728, "Tools / Milking": 3.316442757369132, "Tools / Crafting": 0.8653478340050953, "Tools / Enhancing": -2.281579073579013, "Equipment / Hands": 0.19106564171803853, "Tools / Cheesesmithing": 1.730965764944333, "Tools / Woodcutting": -11.704125480383198, "Tools / Tailoring": -2.4117848435383493, "Tools / Brewing": 3.517697473405459, "Tools / Foraging": -12.501979394121872, "Tools / Cooking": -1.913186042411343, "Loots": -4.596412556053809, "Keys": 1.6891589414748254, "Jewelry": -0.8863745304973112, "Trinket": -0.007500000000000062}