{"Resources": 1.3363408576492153, "Equipment / Head": 0.9172178673759794, "Consumables": 0.6413521020299054, "Equipment / Legs": 2.9711218567489515, "Books": -3.844005145891216, "Equipment / Pouch": -0.8857658037540087, "Equipment / Main Hand": 3.7314033405391718, "Equipment / Off Hand": 1.7740763651979463, "Tools / Alchemy": -1.7247194896550957, "Equipment / Feet": 5.3150018533061685, "Tools / Milking": 5.207203145794685, "Tools / Crafting": 4.221413915309158, "Tools / Enhancing": -1.292044351967558, "Equipment / Hands": 6.194251935439837, "Tools / Cheesesmithing": 4.710940175098713, "Tools / Woodcutting": 0.16754984525065636, "Tools / Tailoring": 4.1819346571864076, "Equipment / Body": 0.22376473788933585, "Tools / Brewing": 2.552250171089193, "Tools / Foraging": 1.033924933430421, "Tools / Cooking": 6.414939883341137, "Loots": 0.7812499999999954, "Keys": -3.329864590522511, "Jewelry": -0.19990957519636138, "Trinket": 0.3906769517223041}