{"Resources": 0.26908251174171166, "Equipment / Head": -2.090553668168081, "Consumables": 0.6967306292364516, "Equipment / Body": -1.008953628057093, "Equipment / Legs": -1.4308871091291593, "Books": 1.40804116005407, "Equipment / Pouch": 0.223479043974214, "Equipment / Main Hand": -0.5877681596556005, "Equipment / Off Hand": 12.852263640241006, "Tools / Alchemy": 6.62103661014765, "Equipment / Feet": -3.52611105032219, "Tools / Milking": 4.190356566664176, "Tools / Crafting": 3.0037052326910056, "Tools / Enhancing": 0.6078417864503595, "Equipment / Hands": 3.87336884658548, "Tools / Cheesesmithing": 2.013694780889278, "Tools / Woodcutting": 3.467136415813156, "Tools / Tailoring": 3.015031982695514, "Tools / Brewing": 2.4145316160599437, "Tools / Foraging": 4.184386220256103, "Tools / Cooking": 0.19650799536852404, "Loots": -1.3986013986014025, "Keys": -0.031771909678095005, "Jewelry": -0.14509454927268065, "Trinket": 2.572427572427576}