{"Resources": 0.034118047028700076, "Equipment / Head": 0.01138024412287482, "Consumables": -1.8445907272685655, "Equipment / Body": -0.09209072851212431, "Equipment / Legs": -2.742484175767617, "Books": -1.3167176399467397, "Equipment / Pouch": -0.11472742263787708, "Equipment / Main Hand": -0.8406108357266143, "Equipment / Off Hand": 1.2353672126335957, "Tools / Alchemy": -1.4731713573091472, "Equipment / Feet": 0.4582079298775966, "Tools / Milking": 1.3524103875639268, "Tools / Crafting": -6.773630213129479, "Tools / Enhancing": 0.019210160966101317, "Equipment / Hands": -1.647310163013802, "Tools / Cheesesmithing": 2.70748611340159, "Tools / Woodcutting": 0.8931366822407382, "Tools / Tailoring": 1.0264910025769916, "Tools / Brewing": 0.9816809273782469, "Tools / Foraging": -2.1296609414496643, "Tools / Cooking": 6.432804262431809, "Loots": 0.09259259259259799, "Keys": 0.1401310978534485, "Jewelry": 0.06573295856910019, "Trinket": -0.15120967741935015}