{"Resources": -0.16494000702048708, "Equipment / Head": 0.5841445007019147, "Consumables": 0.7719034589834751, "Equipment / Legs": -0.6254587441096419, "Books": -1.8404331008716581, "Equipment / Pouch": -1.476882894923682, "Equipment / Main Hand": -2.540138136368679, "Equipment / Off Hand": -2.2675787579494355, "Tools / Alchemy": -0.07947429855988342, "Equipment / Feet": -0.026409707745400905, "Tools / Milking": -3.6110678501674696, "Tools / Crafting": -0.20081468980670517, "Tools / Enhancing": 4.5122865689810325, "Equipment / Hands": 0.5579668950005179, "Tools / Cheesesmithing": -0.2514687572552949, "Tools / Woodcutting": -3.25902560596606, "Tools / Tailoring": -2.4135234898905247, "Equipment / Body": 1.2238142061079769, "Tools / Brewing": -1.1548787942879553, "Tools / Foraging": -2.3902759945347474, "Tools / Cooking": -1.7737887444402298, "Loots": 1.130524152106881, "Keys": -0.9662130611398536, "Jewelry": 0.6938987055520593, "Trinket": -1.7060367454068242}