{"Resources": 0.6866673434593116, "Equipment / Head": 0.42455491953821095, "Consumables": -0.502521177487237, "Equipment / Body": -1.024411789995668, "Equipment / Legs": -0.43497975222669527, "Books": -0.7489731317979893, "Equipment / Pouch": 1.7718778313030796, "Equipment / Main Hand": 0.2923643209835823, "Equipment / Off Hand": -4.3145641812819715, "Tools / Alchemy": -1.0118851979248642, "Equipment / Feet": 0.5064981817805662, "Tools / Milking": -0.9099293667035531, "Tools / Crafting": -2.988877066656205, "Tools / Enhancing": 1.1637537990857614, "Equipment / Hands": -0.8609713924493967, "Tools / Cheesesmithing": 0.5803667812999271, "Tools / Woodcutting": 2.09646474129251, "Tools / Tailoring": -2.514036728355367, "Tools / Brewing": -3.723474694904534, "Tools / Foraging": 0.5204455316078971, "Tools / Cooking": -0.926295950241031, "Loots": 0.6864988558352403, "Keys": 0.2988041034299085, "Jewelry": -0.39280571822811533, "Trinket": 0.2136752136752137}