{"Resources": 0.5947203178988867, "Equipment / Head": 2.1890653166362513, "Consumables": -0.37873262845807454, "Equipment / Body": 0.49530728253934697, "Equipment / Legs": -3.5388694317827816, "Books": 1.4548132890458727, "Equipment / Pouch": -0.6275930906544479, "Equipment / Main Hand": -2.9390956253517437, "Equipment / Off Hand": -3.593319060304236, "Tools / Alchemy": -1.8252423261699668, "Equipment / Feet": 1.203005073518964, "Tools / Milking": -1.4264444414510178, "Tools / Crafting": -1.6240464996229707, "Tools / Enhancing": 11.930946328993642, "Equipment / Hands": -0.6320892750586771, "Tools / Cheesesmithing": 0.2441142096653382, "Tools / Woodcutting": 0.92823200141047, "Tools / Tailoring": -0.8723314348309082, "Tools / Brewing": -1.2040749211023651, "Tools / Foraging": -2.6091937733947788, "Tools / Cooking": -1.0658946841531038, "Loots": -1.1764705882352942, "Keys": -4.992252598254464, "Jewelry": 1.6171633208072147, "Trinket": 1.888198757763976}