{"Resources": -0.10062167421949864, "Equipment / Head": 0.9511747103927255, "Consumables": 0.7639310311973004, "Equipment / Legs": -1.575857240988987, "Books": -0.3298845621614775, "Equipment / Pouch": 2.5647967779826537, "Equipment / Main Hand": 1.3758426538851225, "Equipment / Off Hand": 3.211139351352887, "Tools / Alchemy": -1.397351999369331, "Equipment / Feet": -0.6566042349195405, "Tools / Milking": 1.1979825148547847, "Tools / Crafting": 1.36881014149858, "Tools / Enhancing": -3.2507461741945183, "Equipment / Hands": -3.1129374527633877, "Tools / Cheesesmithing": 2.8128449659910406, "Tools / Woodcutting": 3.6845103039132683, "Tools / Tailoring": 0.8074956489694054, "Equipment / Body": -0.21490198490753284, "Tools / Brewing": 0.5137967473853763, "Tools / Foraging": -1.6373063080435588, "Tools / Cooking": 0.23065289697302477, "Loots": 1.8286814244465865, "Keys": -0.16888825109278177, "Jewelry": -1.2155157403242005, "Trinket": 0.2635062906709723}