{"Resources": -0.16171905960761926, "Equipment / Head": -4.79520551513508, "Consumables": 0.02990960378982445, "Equipment / Legs": -0.9394225370270154, "Books": -0.101016114094669, "Equipment / Pouch": -0.32786020688805684, "Equipment / Main Hand": -2.0874557204004613, "Equipment / Off Hand": -4.709348259182761, "Tools / Alchemy": -0.29441337376158044, "Equipment / Feet": -0.11374490147649921, "Tools / Milking": 0.8510105411457289, "Tools / Crafting": -3.118245995849486, "Tools / Enhancing": -1.3080729345228899, "Equipment / Hands": -2.867662362307091, "Tools / Cheesesmithing": 0.6350701267947382, "Tools / Woodcutting": 1.229463673611865, "Tools / Tailoring": -3.1464716232665504, "Equipment / Body": -0.28946559729385485, "Tools / Brewing": -2.32788244669106, "Tools / Foraging": 1.3080213670871217, "Tools / Cooking": 4.782573109757642, "Loots": -0.6172839506172786, "Keys": -0.9219926296880898, "Jewelry": -0.13752106039285836, "Trinket": -1.4358108108108085}