{"Resources": -0.14551800464640938, "Equipment / Head": -1.518491828205439, "Consumables": 0.20045517846047625, "Equipment / Legs": -1.709904465944062, "Books": -0.2924254785879766, "Equipment / Pouch": -0.7358671590591939, "Equipment / Main Hand": -0.09221618248922583, "Equipment / Off Hand": 3.2757469857676655, "Tools / Alchemy": 1.4150707522506158, "Equipment / Feet": 0.015624435007928863, "Tools / Milking": -1.3536625907532922, "Tools / Crafting": 2.3119747251328664, "Tools / Enhancing": -1.2332663805516948, "Equipment / Hands": 1.5206253096918603, "Tools / Cheesesmithing": 4.940064847550979, "Tools / Woodcutting": 3.658417020867137, "Tools / Tailoring": 0.16879045478365287, "Equipment / Body": -0.4325872832282907, "Tools / Brewing": -0.41704993417197533, "Tools / Foraging": -2.6581339933501984, "Tools / Cooking": 1.3105171663753896, "Loots": 2.0332717190388214, "Keys": 0.22947130310640482, "Jewelry": -0.9508785788402742, "Trinket": 2.689068792970186}