{"Resources": -0.5533441555923936, "Equipment / Head": -0.2176822250519587, "Consumables": -0.5783517955562156, "Equipment / Legs": -1.0368812965990308, "Books": -2.636664168250333, "Equipment / Pouch": -2.2239717680992763, "Equipment / Main Hand": -0.7094312504642204, "Equipment / Off Hand": -1.2267510129130224, "Tools / Alchemy": -3.0050467560184764, "Equipment / Feet": 1.1023458745373957, "Tools / Milking": 0.5894984713355775, "Tools / Crafting": -1.5576508021280044, "Tools / Enhancing": 1.4918312411379147, "Equipment / Hands": 1.4702150006092929, "Tools / Cheesesmithing": -2.3185450123682934, "Tools / Woodcutting": 1.7440578204397295, "Tools / Tailoring": -2.135828902836291, "Equipment / Body": 0.22064461567978993, "Tools / Brewing": -1.1574047238703127, "Tools / Foraging": -1.6610287667523862, "Tools / Cooking": -1.5257364723068212, "Loots": -1.1815252416756146, "Keys": -0.7880751457109252, "Jewelry": 1.494167760903776, "Trinket": 0.04533091568449218}