{"Resources": -0.42684382907896895, "Equipment / Head": -4.023657586804438, "Consumables": -1.4216467870622596, "Equipment / Body": 2.036379198051676, "Equipment / Legs": -1.0519689221568238, "Books": 1.487789388736853, "Equipment / Pouch": -3.4808128737647674, "Equipment / Main Hand": -2.1170335064220986, "Equipment / Off Hand": 1.2710232985209289, "Tools / Alchemy": -3.7473994168311564, "Equipment / Feet": -3.1375967296743723, "Tools / Milking": -1.5612233363654895, "Tools / Crafting": 1.9202027663146195, "Tools / Enhancing": -0.3573907453718297, "Equipment / Hands": 13.420469436094924, "Tools / Cheesesmithing": 0.1877906633745769, "Tools / Woodcutting": -2.7248630002279404, "Tools / Tailoring": -1.3284914610167045, "Tools / Brewing": 0.004733179015393163, "Tools / Foraging": -10.122598837470967, "Tools / Cooking": 2.678214146279839, "Loots": 0.6451612903225806, "Keys": 2.2082114598590903, "Jewelry": -1.37871710186054, "Trinket": -3.459901619410824}