{"Resources": 0.6254984268081132, "Equipment / Head": -0.5493335118237295, "Consumables": 0.23061525308148328, "Equipment / Legs": -0.8830529711631595, "Books": 0.3984903661165357, "Equipment / Pouch": -0.48565853691824445, "Equipment / Main Hand": -1.3138683591942908, "Equipment / Off Hand": 1.258281661969873, "Tools / Alchemy": -2.215225388047597, "Equipment / Feet": 0.5613788698663962, "Tools / Milking": 0.32739401889562647, "Tools / Crafting": 0.7171598191127578, "Tools / Enhancing": -0.724935714906979, "Equipment / Hands": 1.5516094204835298, "Tools / Cheesesmithing": -0.41083022050690016, "Tools / Woodcutting": 0.08876154961972192, "Tools / Tailoring": -0.8656021795445115, "Equipment / Body": 0.7016344598751946, "Tools / Brewing": -0.7419653005993991, "Tools / Foraging": -0.3547164919852309, "Tools / Cooking": -1.3175355454135607, "Loots": 0.0, "Keys": -0.10477280011959554, "Jewelry": 0.09759080493967948, "Trinket": 1.1111111111111112}