{"Resources": -0.18561962469744045, "Equipment / Head": -2.8109283565520893, "Consumables": -0.28805531303484677, "Equipment / Legs": 0.2599879355287292, "Books": -0.08268110778578042, "Equipment / Pouch": -1.4628038550579299, "Equipment / Main Hand": -1.4911967370571884, "Equipment / Off Hand": 0.6878787928492064, "Tools / Alchemy": 1.714272944997077, "Equipment / Feet": -1.5621770002823028, "Tools / Milking": -0.5796167989300605, "Tools / Crafting": 1.1667773000341615, "Tools / Enhancing": -0.7552349232949203, "Equipment / Hands": 1.6153388577218692, "Tools / Cheesesmithing": 0.8524746879563984, "Tools / Woodcutting": 0.10072211645171691, "Tools / Tailoring": -1.4000629423524096, "Equipment / Body": 0.2942194126843595, "Tools / Brewing": 1.0838249033640888, "Tools / Foraging": 0.16978107967268588, "Tools / Cooking": 1.9359056111700852, "Loots": 6.666666666666667, "Keys": -0.5948151757977572, "Jewelry": 0.38048774415231096, "Trinket": -1.2596426130260738}