{"Resources": 0.47803638297571777, "Equipment / Head": 0.7508786789993845, "Consumables": -1.50443900026949, "Books": -0.2301676767106383, "Equipment / Pouch": -0.942213097192468, "Equipment / Main Hand": 2.810000917899591, "Equipment / Off Hand": 1.3860741939055208, "Tools / Alchemy": -2.217929441644456, "Equipment / Feet": -0.6929897052180765, "Tools / Milking": -3.719389902109973, "Tools / Crafting": -0.48356008889409496, "Tools / Enhancing": -1.802924499098118, "Equipment / Hands": 8.685065031317453, "Tools / Cheesesmithing": -0.4201703335414525, "Tools / Woodcutting": -2.059487690024536, "Tools / Tailoring": -0.7114060499780457, "Equipment / Body": 0.9825424634654363, "Equipment / Legs": -0.7216017394195388, "Tools / Brewing": 1.3908534288485324, "Tools / Foraging": 0.6779083982491412, "Tools / Cooking": 2.053013395251416, "Loots": 1.151832460732981, "Keys": -0.08677122627625866, "Jewelry": 0.1775845824133659, "Trinket": -0.36842105263158065}