{"Resources": 0.6142378550164447, "Equipment / Head": -2.7125505441889275, "Consumables": 0.035476830250863005, "Equipment / Body": -0.900920934518346, "Books": -0.14865540861975088, "Equipment / Pouch": 0.41906486933136194, "Equipment / Main Hand": -1.7146479113917674, "Equipment / Off Hand": 2.9303297276236324, "Tools / Alchemy": 13.95427472945468, "Equipment / Feet": 0.7126158321604484, "Tools / Milking": 23.376254225090513, "Tools / Crafting": 78.14200633071741, "Tools / Enhancing": -8.721667361408908, "Equipment / Hands": 6.218851307723558, "Tools / Cheesesmithing": -5.546253729425368, "Tools / Woodcutting": -4.957295839959157, "Tools / Tailoring": 3.8975148549105283, "Equipment / Legs": 19.874077668516488, "Tools / Brewing": -5.360846445286042, "Tools / Foraging": 20.597630273273978, "Tools / Cooking": -8.146723659522698, "Loots": 13.697219361483013, "Keys": -0.16986467097071967, "Jewelry": 2.334321162128618, "Trinket": 4.5859130505466545}