{"Resources": 0.6941775810649439, "Equipment / Head": 2.8471965888844766, "Consumables": 0.4464524559707838, "Equipment / Body": 0.04393505076103224, "Equipment / Legs": -4.391220298788999, "Books": 1.4241467943436883, "Equipment / Pouch": 0.04806151019811322, "Equipment / Main Hand": -1.7907305818648818, "Equipment / Off Hand": -4.9767956147486325, "Tools / Alchemy": -4.160043637711709, "Equipment / Feet": 0.5550372985268957, "Tools / Milking": -1.2583143434189559, "Tools / Crafting": -1.0435536920546795, "Tools / Enhancing": 16.95313644788328, "Equipment / Hands": -0.409451490364422, "Tools / Cheesesmithing": 0.4932600821529813, "Tools / Woodcutting": 4.737614774908277, "Tools / Tailoring": -5.188579326743669, "Tools / Brewing": -1.4654405110473738, "Tools / Foraging": -2.737715111743881, "Tools / Cooking": 1.3573125121703395, "Loots": 1.0214504596527116, "Keys": -3.245828445618307, "Jewelry": 1.0794836773076784, "Trinket": 5.6373169154648455}