{"Resources": 0.02171075011913876, "Equipment / Head": -0.8135558959927178, "Consumables": -0.5900752280524144, "Books": -0.8902167271525061, "Equipment / Pouch": -3.949007213414913, "Equipment / Main Hand": -1.142459867403178, "Equipment / Off Hand": -0.837706079809566, "Tools / Alchemy": -0.7954622282721561, "Equipment / Feet": -1.9781414723477213, "Tools / Milking": 1.4188024026223058, "Tools / Crafting": -0.14273645987269595, "Tools / Enhancing": -1.0590127457852616, "Equipment / Hands": 0.0864194056716165, "Tools / Cheesesmithing": 3.3958275505972835, "Tools / Woodcutting": -2.206264307763867, "Tools / Tailoring": 3.149904730684024, "Equipment / Body": -2.1791635673165928, "Equipment / Legs": 0.28244071390177944, "Tools / Brewing": 1.565975636241476, "Tools / Foraging": -0.023091841048164308, "Tools / Cooking": 0.9089536250580788, "Loots": 0.0, "Keys": -5.594049931077267, "Jewelry": -0.6137999911716168, "Trinket": 1.3930251950681976}