{"Resources": -36.71653624212534, "Equipment / Head": 23.271586089440863, "Consumables": -21.06464207537724, "Equipment / Body": 28.562057219299383, "Equipment / Legs": 37.67000801553611, "Books": -3.6633801550882845, "Equipment / Pouch": 32.37054667835592, "Equipment / Main Hand": 34.66354568442203, "Equipment / Off Hand": 18.754125269166405, "Tools / Alchemy": -0.3208104498774357, "Equipment / Feet": 18.10162573054511, "Tools / Milking": 35.001484835629526, "Tools / Crafting": 11.98212322620182, "Tools / Enhancing": -0.7274694162989377, "Equipment / Hands": 35.929014343692394, "Tools / Cheesesmithing": 8.007838275285797, "Tools / Woodcutting": 30.65296016282081, "Tools / Tailoring": -10.902937216257584, "Tools / Brewing": 4.625103457823355, "Tools / Foraging": -2.514287993928105, "Tools / Cooking": -4.516303789876523, "Loots": -96.61816751867872, "Keys": -13.342896713660481, "Jewelry": 77.56276407838095, "Trinket": -21.948134092346617}