{"Resources": -0.32339979969139643, "Equipment / Head": -1.3136962553546427, "Consumables": -0.3719778397305406, "Equipment / Body": 0.7463797833453347, "Equipment / Legs": 0.9964560687878992, "Books": -0.42469965296297096, "Equipment / Pouch": -1.7429975530693698, "Equipment / Main Hand": -1.2861135998311015, "Equipment / Off Hand": -3.4400299599389936, "Tools / Alchemy": 1.1478948824881965, "Equipment / Feet": -1.6209791757218586, "Tools / Milking": -1.8637273668630125, "Tools / Crafting": -0.8739472827036343, "Tools / Enhancing": 3.5232548056377695, "Equipment / Hands": -2.08519101076748, "Tools / Cheesesmithing": 2.403972536827412, "Tools / Woodcutting": 1.6239771543232817, "Tools / Tailoring": -2.2945879980323025, "Tools / Brewing": 1.8603144854568086, "Tools / Foraging": -0.5839920783701602, "Tools / Cooking": 1.6279959937256405, "Loots": -0.17699115044247377, "Keys": -1.370231737472179, "Jewelry": 0.5009074957968734, "Trinket": -1.3513513513513549}