{"Resources": -1.370908200882971, "Equipment / Head": -2.4943483714796533, "Consumables": -0.6066379248623713, "Equipment / Legs": -3.2732642961005656, "Books": -2.0496965867473538, "Equipment / Pouch": 1.6186738107817815, "Equipment / Main Hand": -2.647036537971965, "Equipment / Off Hand": 0.3830440387522957, "Tools / Alchemy": -3.231845949113121, "Equipment / Feet": -0.7044265142884218, "Tools / Milking": -1.0536952075252812, "Tools / Crafting": 5.63530994224476, "Tools / Enhancing": 0.9206477118342571, "Equipment / Hands": 0.3992324790329391, "Tools / Cheesesmithing": -1.3794925667398192, "Tools / Woodcutting": -0.6916326338606653, "Tools / Tailoring": 9.331829196012302, "Equipment / Body": -4.336575264481545, "Tools / Brewing": -2.604517750965702, "Tools / Foraging": 1.1625884579099761, "Tools / Cooking": -11.661013505293983, "Loots": -3.6363636363636362, "Keys": -0.7440429692546497, "Jewelry": -1.6061933910777026, "Trinket": -1.306861020356874}