{"Resources": 0.21276726879363367, "Equipment / Head": 2.249902587284046, "Consumables": -0.6915811916059866, "Equipment / Body": 0.4133554422646645, "Equipment / Legs": -0.17938032041344043, "Books": -0.6668656973889164, "Equipment / Pouch": -0.6396766062855902, "Equipment / Main Hand": 1.2883313617193408, "Equipment / Off Hand": -1.3224285463989796, "Tools / Alchemy": 3.431517378011751, "Equipment / Feet": 1.9610990982089624, "Tools / Milking": 1.717335133365657, "Tools / Crafting": -6.483359516976402, "Tools / Enhancing": -0.28463278703702477, "Equipment / Hands": 1.8032652492432222, "Tools / Cheesesmithing": 1.1763201659840345, "Tools / Woodcutting": -3.308529693292143, "Tools / Tailoring": -1.7116829699693354, "Tools / Brewing": -3.0328855329210778, "Tools / Foraging": -1.4001912227423077, "Tools / Cooking": 0.36633775008512526, "Loots": 0.08873114463176988, "Keys": -0.0046687269661180066, "Jewelry": -0.06237275783085319, "Trinket": -1.1627906976744187}