{"Resources": -0.24858750682110128, "Equipment / Head": 6.618142326871048, "Consumables": 0.23256671176055246, "Equipment / Legs": -1.7729314673654837, "Books": -1.3956121216642148, "Equipment / Pouch": -0.584007973259875, "Equipment / Main Hand": -2.382506827188031, "Equipment / Off Hand": 0.44580204791717, "Tools / Alchemy": -1.4831672501667312, "Equipment / Feet": 1.7108370160557715, "Tools / Milking": -2.1703303767777737, "Tools / Crafting": 0.3043568421488667, "Tools / Enhancing": -2.504856483490632, "Equipment / Hands": 2.0823928753029533, "Tools / Cheesesmithing": -1.4145011920931423, "Tools / Woodcutting": 2.3205107277836206, "Tools / Tailoring": 1.6093307221080555, "Equipment / Body": -0.6120842882728499, "Tools / Brewing": 1.2317702793293335, "Tools / Foraging": -1.2018410981850653, "Tools / Cooking": -1.825169466274591, "Loots": -1.079489695780172, "Keys": -0.9650516253483462, "Jewelry": -0.3332904099864889, "Trinket": -1.6518936341659924}