{"Resources": 0.2235487041333046, "Equipment / Head": 6.870981752078514, "Consumables": -1.6927144734224613, "Equipment / Body": -1.22494410534872, "Equipment / Legs": 4.055889479392426, "Books": 22.71560035667691, "Equipment / Pouch": 0.05195087596605692, "Equipment / Main Hand": 4.486692053377741, "Equipment / Off Hand": 0.7501733543881456, "Tools / Alchemy": -9.567279966225314, "Equipment / Feet": -0.15524924462805686, "Tools / Milking": 0.45513266086988124, "Tools / Crafting": 3.2673971353565707, "Tools / Enhancing": -4.270907546759145, "Equipment / Hands": 3.450428116070549, "Tools / Cheesesmithing": -6.586543429308927, "Tools / Woodcutting": 1.298372753623878, "Tools / Tailoring": 6.1654386732108035, "Tools / Brewing": 9.703537684751469, "Tools / Foraging": 9.027729741729242, "Tools / Cooking": 4.399140877933866, "Loots": -3.211517165005531, "Keys": 2.9745738049100865, "Jewelry": -1.4044947498613536, "Trinket": -6.856540084388193}