{"Resources": 0.03488203666603093, "Equipment / Head": 2.725298297391585, "Consumables": -0.11245009554470414, "Equipment / Body": 0.9139931616882746, "Equipment / Legs": 1.0555549135393048, "Books": -0.272259298694964, "Equipment / Pouch": -4.013934704690316, "Equipment / Main Hand": -0.3304710027754778, "Equipment / Off Hand": -1.833575432370706, "Tools / Alchemy": -4.080640860535911, "Equipment / Feet": 25.54355880253734, "Tools / Milking": -2.155846826777035, "Tools / Crafting": -11.751906972034025, "Tools / Enhancing": -0.1374624592960296, "Equipment / Hands": -5.327023118330319, "Tools / Cheesesmithing": 0.5170773183241266, "Tools / Woodcutting": 1.6216645386850566, "Tools / Tailoring": -1.9590069180369856, "Tools / Brewing": -4.354585707231601, "Tools / Foraging": -1.8764211939765187, "Tools / Cooking": -2.1521441311042513, "Loots": -9.849246231155774, "Keys": -6.119669195736336, "Jewelry": 4.6793938011101375, "Trinket": -0.9545929129999355}