{"Resources": -0.6053700453402195, "Equipment / Head": 0.5831397202705692, "Consumables": -1.2979124086283582, "Equipment / Body": -2.530534141660631, "Equipment / Legs": -1.8456159281759892, "Books": -0.8644604373731146, "Equipment / Pouch": -0.48626062198076586, "Equipment / Main Hand": 7.543178092263001, "Equipment / Off Hand": 5.417767542629874, "Tools / Alchemy": -6.343028851924244, "Equipment / Feet": -2.2882601141597574, "Tools / Milking": -7.877982141302715, "Tools / Crafting": -2.399833999060508, "Tools / Enhancing": -8.835955625110138, "Equipment / Hands": -0.890280522004605, "Tools / Cheesesmithing": -9.072965346698334, "Tools / Woodcutting": -1.710609947454752, "Tools / Tailoring": 12.097584025097273, "Tools / Brewing": -7.053869393174014, "Tools / Foraging": -3.6302201980568007, "Tools / Cooking": 0.008624438528927313, "Loots": -1.0570824524312945, "Keys": 1.9660770762131081, "Jewelry": -4.17877752243563, "Trinket": 0.5988023952095752}