{"Resources": -0.5359292488471281, "Equipment / Head": -3.173157224786353, "Consumables": -0.41762471309853355, "Equipment / Legs": -1.2703328382157513, "Books": -2.519675955647562, "Equipment / Pouch": 1.0460389953544953, "Equipment / Main Hand": 1.2433465570709867, "Equipment / Off Hand": 1.0485199842592388, "Tools / Alchemy": -3.218910591355356, "Equipment / Feet": -0.0743743533682693, "Tools / Milking": 0.20825922077949663, "Tools / Crafting": -1.3872824424542614, "Tools / Enhancing": 0.48622571642100004, "Equipment / Hands": -0.5798660880884527, "Tools / Cheesesmithing": -4.8242219340875625, "Tools / Woodcutting": -0.5779587442866737, "Tools / Tailoring": -1.067562618865926, "Equipment / Body": 0.5115874003426112, "Tools / Brewing": -1.657451227228489, "Tools / Foraging": -1.4244602996164248, "Tools / Cooking": -0.15515927381171635, "Loots": 1.2345679012345678, "Keys": -0.8778034907276338, "Jewelry": 0.5653485277741355, "Trinket": -1.1688311688311688}