{"Resources": -0.5648768053955306, "Equipment / Head": -4.66828020023534, "Consumables": -0.8784065070947918, "Equipment / Legs": -2.193136092348197, "Books": -1.5259205530167597, "Equipment / Pouch": -2.0576210566435402, "Equipment / Main Hand": -3.7548849122147487, "Equipment / Off Hand": -5.162489121704415, "Tools / Alchemy": 0.7120941172643743, "Equipment / Feet": -2.9693633710676606, "Tools / Milking": 1.4951518965653954, "Tools / Crafting": -1.572487964432691, "Tools / Enhancing": -1.9433873548096456, "Equipment / Hands": -2.158408056685341, "Tools / Cheesesmithing": -3.240672404107052, "Tools / Woodcutting": -2.138621703943513, "Tools / Tailoring": -3.253199767985977, "Equipment / Body": -3.4654687173183287, "Tools / Brewing": -7.136923097667787, "Tools / Foraging": -0.8200965207954511, "Tools / Cooking": 2.7054979164580715, "Loots": 1.6748768472906357, "Keys": -0.9311375600221405, "Jewelry": -1.9576641347587989, "Trinket": 0.4038772213247203}