{"Resources": 0.27683271191900766, "Equipment / Head": -2.63762893701133, "Consumables": 3.119795455752087, "Equipment / Legs": -2.3554458854906453, "Books": 0.9014420437018124, "Equipment / Pouch": -2.743317216815231, "Equipment / Main Hand": -0.455735428006612, "Equipment / Off Hand": -5.5123036619065156, "Tools / Alchemy": 1.743028484815597, "Equipment / Feet": -4.454596593158678, "Tools / Milking": -3.5713761326500775, "Tools / Crafting": -9.005767989292426, "Tools / Enhancing": -4.5479299359903855, "Equipment / Hands": -3.0576402860272323, "Tools / Cheesesmithing": -1.2267064464688093, "Tools / Woodcutting": -2.0155406966398663, "Tools / Tailoring": -5.232813211165011, "Equipment / Body": -1.2809061988264907, "Tools / Brewing": -1.7797254377500282, "Tools / Foraging": -2.519644316799635, "Tools / Cooking": -1.9195227731488707, "Loots": -2.5495750708215295, "Keys": -0.6706729290468932, "Jewelry": -1.5797498721509748, "Trinket": -0.31948881789137973}