{"Resources": -0.6663847186900684, "Equipment / Head": -0.5620727901534746, "Consumables": -0.28933423357189225, "Equipment / Legs": 0.5004719316510656, "Books": -1.8389611713084268, "Equipment / Pouch": 0.13913170173975545, "Equipment / Main Hand": -0.6540421428034889, "Equipment / Off Hand": 1.7203449599039016, "Tools / Alchemy": -0.6456357963965305, "Equipment / Feet": 0.24593247009445768, "Tools / Milking": 0.4771291379244963, "Tools / Crafting": 0.40394950499273474, "Tools / Enhancing": -7.877391252390262, "Equipment / Hands": -0.35888852329072635, "Tools / Cheesesmithing": 6.6664101944683365, "Tools / Woodcutting": 5.450906598320101, "Tools / Tailoring": -4.159087333236363, "Equipment / Body": -0.9772856922136857, "Tools / Brewing": 0.800170576032416, "Tools / Foraging": 0.5563293851271973, "Tools / Cooking": 1.8064964962390015, "Loots": 1.5004413062665538, "Keys": 0.24900559565336788, "Jewelry": -1.0614620134140178, "Trinket": -1.4003328604168965}