{"Resources": -0.24132034383137957, "Equipment / Head": 2.2253634931215425, "Consumables": -0.28281127602811457, "Equipment / Legs": 0.33737151004228705, "Books": -1.226553004563937, "Equipment / Pouch": 0.4916835273260983, "Equipment / Main Hand": -1.0305690162883, "Equipment / Off Hand": 3.7250180033044322, "Tools / Alchemy": -0.5216734947066, "Equipment / Feet": -4.74789570540942, "Tools / Milking": -3.1182450478243107, "Tools / Crafting": -0.40719803793936343, "Tools / Enhancing": -3.1485824142777354, "Equipment / Hands": -0.13333493010678146, "Tools / Cheesesmithing": -6.690120204781864, "Tools / Woodcutting": -6.11880122057377, "Tools / Tailoring": -3.107391454990631, "Equipment / Body": 0.8477183655205247, "Tools / Brewing": 1.9169647833296206, "Tools / Foraging": 1.9188959261528253, "Tools / Cooking": -2.9194103457401277, "Loots": 0.6809338521400784, "Keys": -0.22346874795153446, "Jewelry": -0.22233247645931653, "Trinket": -2.725874640584281}