{"Resources": -0.4642467781556147, "Equipment / Head": 3.10376734056938, "Consumables": -1.231566500750797, "Books": 0.2052155716977759, "Equipment / Pouch": 0.03418082846430881, "Equipment / Main Hand": -1.0265687237516607, "Equipment / Off Hand": -0.10041227661218677, "Tools / Alchemy": -1.3946905613431797, "Equipment / Feet": -0.05315022386240528, "Tools / Milking": 1.0357984200596497, "Tools / Crafting": 3.1919076380730034, "Tools / Enhancing": 2.9039491800127264, "Equipment / Hands": 0.3417906686046721, "Tools / Cheesesmithing": -1.0858514264072916, "Tools / Woodcutting": -0.17246042268927186, "Tools / Tailoring": -2.111915645195337, "Equipment / Body": -0.9092372884424719, "Equipment / Legs": -1.5869158590041486, "Tools / Brewing": 3.220260384015674, "Tools / Foraging": 2.011108172495337, "Tools / Cooking": -3.2207517059210646, "Loots": 0.6103763987792418, "Keys": 0.4060203336634727, "Jewelry": 1.109659480827014, "Trinket": -0.15603848094776573}