{"Resources": 0.44324178805546727, "Equipment / Head": -0.08404778281581159, "Consumables": -0.34395678971060706, "Equipment / Body": 0.9615646393484001, "Equipment / Legs": -0.6057845882252947, "Books": -1.8293407692171648, "Equipment / Pouch": 4.311053093394376, "Equipment / Main Hand": 1.7175243049614328, "Equipment / Off Hand": -1.5422366790250268, "Tools / Alchemy": -5.500331398636906, "Equipment / Feet": -1.1883262569730033, "Tools / Milking": -2.1542840294114027, "Tools / Crafting": -2.502966145030472, "Tools / Enhancing": 0.18547376584896483, "Equipment / Hands": -1.805943142758129, "Tools / Cheesesmithing": -5.004161973707728, "Tools / Woodcutting": -2.371051212709569, "Tools / Tailoring": -4.033105042863314, "Tools / Brewing": -5.439372559210306, "Tools / Foraging": -0.4242564747572303, "Tools / Cooking": -3.0951868694945395, "Loots": -0.09910802775025239, "Keys": 0.8495836572547155, "Jewelry": 0.07520171285670565, "Trinket": -0.5050505050505051}