{"Resources": 0.055989603287815916, "Equipment / Head": 3.6613865976637596, "Consumables": 1.3673355335352047, "Equipment / Body": -0.5365137642915047, "Books": -2.356976414511882, "Equipment / Pouch": 0.15696743686378187, "Equipment / Main Hand": 3.7880583488055315, "Equipment / Off Hand": 4.342392073264057, "Tools / Alchemy": -1.1255422974331024, "Equipment / Feet": 1.223607609088814, "Tools / Milking": -2.898480451397703, "Tools / Crafting": -11.12420320633615, "Tools / Enhancing": -7.971664972542703, "Equipment / Hands": 1.325196159254771, "Tools / Cheesesmithing": -4.310383095670174, "Tools / Woodcutting": 0.25294508869599047, "Tools / Tailoring": 2.046225191832189, "Equipment / Legs": 1.4172375875412695, "Tools / Brewing": -8.011658618972437, "Tools / Foraging": -2.9671640757675, "Tools / Cooking": 0.07808726332689771, "Loots": 5.263157894736842, "Keys": -1.1272166552437657, "Jewelry": 1.457096417775679, "Trinket": 2.420958247241823}