{"Resources": -0.9557750489299032, "Equipment / Head": 1.2465235316848373, "Consumables": 0.5773941644730453, "Equipment / Body": 1.0560676079808424, "Equipment / Legs": 5.1638811283138635, "Books": -1.4212337884621917, "Equipment / Pouch": -0.21333445964165168, "Equipment / Main Hand": -0.5755560467304099, "Equipment / Off Hand": 2.2602329680967985, "Tools / Alchemy": 3.1930602933550243, "Equipment / Feet": -1.1584195152498598, "Tools / Milking": 2.1279559527464365, "Tools / Crafting": 2.0213200255699935, "Tools / Enhancing": 2.6918461426999842, "Equipment / Hands": -0.8744396749884962, "Tools / Cheesesmithing": 0.5872873029971406, "Tools / Woodcutting": 0.2504009466801812, "Tools / Tailoring": 4.284057646486331, "Tools / Brewing": 0.13744326549633162, "Tools / Foraging": -5.596646817944812, "Tools / Cooking": 1.8244811195883734, "Loots": 2.913631633714883, "Keys": -0.33051971781660994, "Jewelry": -1.262231350201555, "Trinket": -1.3970576860603654}