{"Resources": 0.46954295602644525, "Equipment / Head": 0.42252077157181817, "Consumables": -0.3187619109155492, "Equipment / Legs": -1.0794107717962576, "Books": 0.3343820030782649, "Equipment / Pouch": -1.3907933341121042, "Equipment / Main Hand": 2.4620321956884026, "Equipment / Off Hand": -2.5850202579590826, "Tools / Alchemy": 0.25611225638917695, "Equipment / Feet": -1.2984915291260064, "Tools / Milking": 0.5672710996765886, "Tools / Crafting": -0.19275502430451635, "Tools / Enhancing": -2.029424971053023, "Equipment / Hands": -0.23789292101140083, "Tools / Cheesesmithing": 1.7051497743294586, "Tools / Woodcutting": -0.43196714165130995, "Tools / Tailoring": -1.3970940070548152, "Equipment / Body": -1.3874989306807657, "Tools / Brewing": 2.6236731748027124, "Tools / Foraging": 2.56063582361258, "Tools / Cooking": 5.0639576561157345, "Loots": 2.0814479638009007, "Keys": 0.08953543720818005, "Jewelry": -0.12990660631930556, "Trinket": 2.264667281003044}