{"Resources": -0.5345211130270384, "Equipment / Head": 0.8055699046031607, "Consumables": -1.4725326628252051, "Equipment / Body": 0.40003273069915085, "Equipment / Legs": -0.22412525801246982, "Books": 1.5797050659338872, "Equipment / Pouch": -0.7921953219793308, "Equipment / Main Hand": -0.2849682809328484, "Equipment / Off Hand": 1.0874486573555049, "Tools / Alchemy": 18.571637064075095, "Equipment / Feet": -0.22073797927334715, "Tools / Milking": 1.1497435549330826, "Tools / Crafting": 2.6314157349789444, "Tools / Enhancing": -0.17384816096238506, "Equipment / Hands": -2.144004250320812, "Tools / Cheesesmithing": -5.177661024785168, "Tools / Woodcutting": -0.030639764960616045, "Tools / Tailoring": 0.5172565505935713, "Tools / Brewing": 1.372747698026395, "Tools / Foraging": -1.703817522405675, "Tools / Cooking": -1.9572187417587974, "Loots": 1.6129032258064564, "Keys": -0.029960202738889403, "Jewelry": 0.44103196212317297, "Trinket": 5.350553505535052}