{"Resources": 0.42635161589982373, "Equipment / Head": -0.9293961152162473, "Consumables": 1.2195089199422369, "Equipment / Legs": -0.7728620609230347, "Books": 0.277265463038171, "Equipment / Pouch": 7.808041580913954, "Equipment / Main Hand": -2.0121593834162868, "Equipment / Off Hand": -0.3729541668861241, "Tools / Alchemy": -1.2004739828548672, "Equipment / Feet": -3.684440247515488, "Tools / Milking": -1.6240763626686399, "Tools / Crafting": -0.2019169978765928, "Tools / Enhancing": -7.721811526022962, "Equipment / Hands": 0.49280363457098686, "Tools / Cheesesmithing": 1.9392436838244969, "Tools / Woodcutting": 1.6738054617094897, "Tools / Tailoring": -3.5658664530470037, "Equipment / Body": -1.3599959353726356, "Tools / Brewing": -1.2625410165504987, "Tools / Foraging": 0.017701365907922626, "Tools / Cooking": -0.3794377527146716, "Loots": 1.0752688172043012, "Keys": -0.46447300224161975, "Jewelry": -0.20913105626663653, "Trinket": 0.03445716709076113}