{"Resources": 0.17364215141377431, "Equipment / Head": 1.141149337460323, "Consumables": 0.7925031632687276, "Equipment / Body": 0.14386031451991652, "Equipment / Legs": 0.1488692612279274, "Books": 1.422715670079261, "Equipment / Pouch": -1.718154067010616, "Equipment / Main Hand": 16.93185420411493, "Equipment / Off Hand": 0.23096747281272292, "Tools / Alchemy": 2.0633346706840183, "Equipment / Feet": 1.7837147600176644, "Tools / Milking": 1.397015499710641, "Tools / Crafting": 0.7868462439560141, "Tools / Enhancing": 1.5146328846136135, "Equipment / Hands": 1.7279334234081176, "Tools / Cheesesmithing": -0.8551313922364835, "Tools / Woodcutting": 1.396566627209689, "Tools / Tailoring": 4.466282883369432, "Tools / Brewing": 0.6037889466324561, "Tools / Foraging": -1.8267486748866564, "Tools / Cooking": 0.3636855066010528, "Loots": 0.1776198934280598, "Keys": -0.09962472531431325, "Jewelry": 0.09485663362561499, "Trinket": 2.1235521235521198}