{"Resources": -0.5177744771249522, "Equipment / Head": -0.5028937577485812, "Consumables": -0.19745366009161852, "Equipment / Body": 0.7699084816019175, "Equipment / Legs": -1.267234847051285, "Books": 0.06648703548329278, "Equipment / Pouch": -0.7945792086637173, "Equipment / Main Hand": -0.9956029758763569, "Equipment / Off Hand": 0.9431477876105526, "Tools / Alchemy": -5.062871458839889, "Equipment / Feet": 0.3986227756246545, "Tools / Milking": -2.3069509151001086, "Tools / Crafting": -0.722105905945903, "Tools / Enhancing": 0.9356809101947621, "Equipment / Hands": -3.4348957497070263, "Tools / Cheesesmithing": -1.4942461450263287, "Tools / Woodcutting": -0.8437301502780935, "Tools / Tailoring": -5.538821155546114, "Tools / Brewing": -2.336998595122511, "Tools / Foraging": -2.1418806287723284, "Tools / Cooking": 7.540793903207892, "Loots": -6.985294117647059, "Keys": -1.3302323410406958, "Jewelry": 1.2392243625146937, "Trinket": -1.8406148867313883}