{"Resources": 0.10994440600408377, "Equipment / Head": 3.976461793842972, "Consumables": 0.3694827451704711, "Equipment / Legs": 1.90789560171494, "Books": -2.438733666589129, "Equipment / Pouch": 0.7304706299329189, "Equipment / Main Hand": -1.7726721721731973, "Equipment / Off Hand": -3.634256541189822, "Tools / Alchemy": 1.0347390145687017, "Equipment / Feet": 2.7150011399255005, "Tools / Milking": -4.630205191710309, "Tools / Crafting": -1.633045636837335, "Tools / Enhancing": -2.136160377573296, "Equipment / Hands": 0.3588337865793185, "Tools / Cheesesmithing": -2.5559711867800567, "Tools / Woodcutting": -2.548703032169368, "Tools / Tailoring": -1.0548959024761355, "Equipment / Body": -2.0605185903898864, "Tools / Brewing": -4.303980448158323, "Tools / Foraging": -0.6336241991411123, "Tools / Cooking": -5.7181152596042395, "Loots": -2.6706231454005933, "Keys": -0.40228227391050775, "Jewelry": 0.28314327478155066, "Trinket": 2.996845425867511}