{"Resources": -0.7317052318011765, "Equipment / Head": 4.85270688083444, "Consumables": -0.2334783889018242, "Equipment / Legs": -1.9192494025481772, "Books": -1.2079761113838243, "Equipment / Pouch": -1.0509932408960214, "Equipment / Main Hand": -2.6987747831348443, "Equipment / Off Hand": -4.8513397600823795, "Tools / Alchemy": -0.028226051285723197, "Equipment / Feet": 0.8574186259527293, "Tools / Milking": 1.495978603150521, "Tools / Crafting": 1.1198075941742451, "Tools / Enhancing": -1.0279396884743321, "Equipment / Hands": -0.23658172780506148, "Tools / Cheesesmithing": 1.991674577167124, "Tools / Woodcutting": 1.9665424104474938, "Tools / Tailoring": 0.9628679872261541, "Equipment / Body": -1.1789218099740546, "Tools / Brewing": -4.452815944120844, "Tools / Foraging": 0.3651290475049239, "Tools / Cooking": -1.4519665972297893, "Loots": -0.9230769230769219, "Keys": -0.5397629969720882, "Jewelry": 0.7082419760300208, "Trinket": 0.5494505494505475}