{"Resources": -0.24642437346908913, "Equipment / Head": -1.3840965223219808, "Consumables": 0.5667419625247835, "Equipment / Legs": -2.4373220176361707, "Books": -0.8555981510564508, "Equipment / Pouch": 0.672253223739325, "Equipment / Main Hand": -1.1400280408713854, "Equipment / Off Hand": 1.2171710149341541, "Tools / Alchemy": -1.4209024947770739, "Equipment / Feet": -0.7813925563312059, "Tools / Milking": -0.8883006103906557, "Tools / Crafting": 2.924105155475257, "Tools / Enhancing": -2.860869537471025, "Equipment / Hands": 2.4487661240655414, "Tools / Cheesesmithing": 0.8713451466551193, "Tools / Woodcutting": -2.118506584149975, "Tools / Tailoring": -0.4945295234453462, "Equipment / Body": -0.5426271890397727, "Tools / Brewing": -0.41759870431290275, "Tools / Foraging": -1.3980228991925923, "Tools / Cooking": -0.9696122063388614, "Loots": 0.4651162790697631, "Keys": 0.2677187882861369, "Jewelry": -0.3226868742640666, "Trinket": 2.6479392125259036}