{"Resources": 0.4382580279432397, "Equipment / Head": 0.33314998305736027, "Consumables": -1.270040763927967, "Books": -1.15010097815925, "Equipment / Pouch": -3.9466751662278834, "Equipment / Main Hand": -1.4180361627896398, "Equipment / Off Hand": 0.3745590604731955, "Tools / Alchemy": -3.017880199171619, "Equipment / Feet": -2.4346611785837275, "Tools / Milking": 0.4926523391067753, "Tools / Crafting": 0.5648928916123277, "Tools / Enhancing": 2.227718497399104, "Equipment / Hands": 2.2538172698226187, "Tools / Cheesesmithing": -1.2802152189076725, "Tools / Woodcutting": -0.5986645245270128, "Tools / Tailoring": -1.0779108721938617, "Equipment / Body": 1.384730962442218, "Equipment / Legs": 4.5920987659089345, "Tools / Brewing": -2.308868858754938, "Tools / Foraging": -1.9757876083145391, "Tools / Cooking": 0.7090968319414099, "Loots": -2.1406727828746175, "Keys": 1.437849984304765, "Jewelry": -1.5531216812941255, "Trinket": -2.143370894269961}