{"Resources": 0.6150958756223609, "Equipment / Head": 5.232774021931554, "Consumables": -0.7488742495238915, "Equipment / Legs": 1.8526428234283439, "Books": -1.7269727273633377, "Equipment / Pouch": 0.5370484949839073, "Equipment / Main Hand": -0.15764626184167105, "Equipment / Off Hand": 1.5121389368511278, "Tools / Alchemy": -5.959389156397973, "Equipment / Feet": -1.486467557404197, "Tools / Milking": -2.903359823402563, "Tools / Crafting": -2.5440222691183316, "Tools / Enhancing": -0.44503286615843357, "Equipment / Hands": 5.747042706824044, "Tools / Cheesesmithing": 1.8044849842445894, "Tools / Woodcutting": -4.268340722944952, "Tools / Tailoring": 0.45892222619657497, "Equipment / Body": 2.8839756519028907, "Tools / Brewing": 1.3405078851693217, "Tools / Foraging": -2.099576175443055, "Tools / Cooking": -1.9824182091139253, "Loots": -1.3278855975485142, "Keys": 0.05969721609772426, "Jewelry": 1.0193462846744883, "Trinket": -0.08347245409015064}