{"Resources": -0.19389834675699996, "Equipment / Head": -2.524342604917114, "Consumables": -0.15381403565810253, "Equipment / Body": 0.06186695818118194, "Equipment / Legs": -0.28463986868786456, "Books": -1.0390759803454537, "Equipment / Pouch": 0.9219006434473423, "Equipment / Main Hand": -1.1812721977694662, "Equipment / Off Hand": 1.190548652995576, "Tools / Alchemy": 3.4502654278572042, "Equipment / Feet": 1.7823698739669736, "Tools / Milking": 9.843363511808947, "Tools / Crafting": -0.7075080398363839, "Tools / Enhancing": 0.7170948181014645, "Equipment / Hands": -2.136329708797984, "Tools / Cheesesmithing": 1.1833203696474965, "Tools / Woodcutting": -1.8651989149350356, "Tools / Tailoring": -1.9831660250531244, "Tools / Brewing": 6.578811523688722, "Tools / Foraging": 1.3656354531049437, "Tools / Cooking": 0.04911741732960124, "Loots": -1.3123359580052494, "Keys": 0.07686131924081652, "Jewelry": -0.6968261624579062, "Trinket": -0.6024096385542169}