{"Resources": 0.10133162575404303, "Equipment / Head": 1.1525326603838564, "Consumables": 0.37620484785316044, "Books": -1.1388580506898403, "Equipment / Pouch": -3.916680670618104, "Equipment / Main Hand": -1.4764487686469743, "Equipment / Off Hand": 4.545662782872268, "Tools / Alchemy": -3.8251608119296923, "Equipment / Feet": -0.08962677954265752, "Tools / Milking": 3.07922523198106, "Tools / Crafting": 1.280433075625014, "Tools / Enhancing": 2.0970702480944023, "Equipment / Hands": -0.432199907856892, "Tools / Cheesesmithing": 3.996233556650929, "Tools / Woodcutting": 0.2392081440262976, "Tools / Tailoring": 0.8869695181042347, "Equipment / Body": -0.5346811683268792, "Equipment / Legs": 13.873774552684806, "Tools / Brewing": -3.448357950516617, "Tools / Foraging": -2.887521515019052, "Tools / Cooking": -2.288282829688696, "Loots": 0.3191489361702171, "Keys": 2.14724957045894, "Jewelry": 4.070611305907355, "Trinket": -2.311827956989248}