{"Resources": -0.28244089335236755, "Equipment / Head": -0.8758868915728274, "Consumables": 1.693954443494227, "Equipment / Body": 4.416810696481698, "Equipment / Legs": -1.547996407992387, "Books": -0.8097301030367675, "Equipment / Pouch": 5.387265774771417, "Equipment / Main Hand": 0.6714937631096474, "Equipment / Off Hand": 3.0877645554484774, "Tools / Alchemy": -0.1940113154274199, "Equipment / Feet": -0.2952625587145684, "Tools / Milking": 12.84209828698452, "Tools / Crafting": 8.726478407167653, "Tools / Enhancing": 4.48846205167601, "Equipment / Hands": -3.593161788053641, "Tools / Cheesesmithing": -4.307233026815205, "Tools / Woodcutting": 2.6168530411153608, "Tools / Tailoring": -4.717064279466576, "Tools / Brewing": -1.2195624960419256, "Tools / Foraging": 2.5002533590772873, "Tools / Cooking": -2.5960156816133777, "Loots": -1.2658227848101267, "Keys": 4.103711767068318, "Jewelry": -3.3570748905412544, "Trinket": 0.17539368508532097}