{"Resources": -0.2293138372177262, "Equipment / Head": 0.5602284869927564, "Consumables": -0.19376291519644478, "Books": 0.8603368063267606, "Equipment / Pouch": -3.7732212056387446, "Equipment / Main Hand": 2.657470074496498, "Equipment / Off Hand": 2.705286651845224, "Tools / Alchemy": 0.6930784441510158, "Equipment / Feet": 1.947845194712741, "Tools / Milking": -0.6258031687581911, "Tools / Crafting": 5.472510481859487, "Tools / Enhancing": 2.8035497781266825, "Equipment / Hands": 2.4217262996656777, "Tools / Cheesesmithing": 1.782746252749931, "Tools / Woodcutting": 1.1719609539601532, "Tools / Tailoring": -3.855661827883042, "Equipment / Body": 1.8326605202904298, "Equipment / Legs": 0.1598349800815817, "Tools / Brewing": 1.5508405517498653, "Tools / Foraging": 0.08748504588702427, "Tools / Cooking": -1.5041108440289919, "Loots": 0.7128309572301431, "Keys": -0.19759030164902983, "Jewelry": 1.5591313732061283, "Trinket": -0.1432774967786643}