{"Resources": 0.5197384059755631, "Equipment / Head": 2.3214073087454774, "Consumables": 1.3462348597966474, "Books": -0.49807912534787635, "Equipment / Pouch": 2.36948317056879, "Equipment / Main Hand": -1.4948327868680689, "Equipment / Off Hand": -1.3537795785607816, "Tools / Alchemy": -6.529718774885242, "Equipment / Feet": -1.1592194192115135, "Tools / Milking": -1.7870092152176114, "Tools / Crafting": 5.857814965946096, "Tools / Enhancing": 1.1352732941419883, "Equipment / Hands": 2.970064888227937, "Tools / Cheesesmithing": 0.6577238887675902, "Tools / Woodcutting": 0.9317104844039148, "Tools / Tailoring": -2.4252776683440462, "Equipment / Body": -0.5865616299370335, "Equipment / Legs": -2.958679314282262, "Tools / Brewing": 0.2337990251622296, "Tools / Foraging": -0.19566125388030725, "Tools / Cooking": 0.560139324380726, "Loots": 2.335025380710655, "Keys": -4.5093677305161295, "Jewelry": 6.474763512249696, "Trinket": -2.087994390035629}