{"Resources": -0.12485055024491272, "Equipment / Head": 0.07840961706560222, "Consumables": -0.5784743316769015, "Equipment / Legs": 1.6468546858129205, "Books": -0.4437292313824883, "Equipment / Pouch": 0.8987020695728649, "Equipment / Main Hand": 1.002145524950409, "Equipment / Off Hand": 1.2036249758529565, "Tools / Alchemy": 0.6416931733523015, "Equipment / Feet": 3.3739218901069825, "Tools / Milking": -1.8312188703233077, "Tools / Crafting": -2.6732365149037625, "Tools / Enhancing": 1.7807759236209704, "Equipment / Hands": -1.4996393743734224, "Tools / Cheesesmithing": 6.108046473034613, "Tools / Woodcutting": 3.127717381767445, "Tools / Tailoring": -0.9506688911229776, "Equipment / Body": 1.2643990224030293, "Tools / Brewing": 0.5548757303799874, "Tools / Foraging": -5.271894405811219, "Tools / Cooking": 1.867889477562693, "Loots": 2.369668246445502, "Keys": 0.017776518262497116, "Jewelry": 0.29428752046835094, "Trinket": 3.511035138308662}