{"Resources": 1.1991701012042908, "Equipment / Head": -0.4818512133329733, "Consumables": 2.0892699152404948, "Books": 0.43487926889493106, "Equipment / Pouch": -1.5551856894825944, "Equipment / Main Hand": 1.1699762680368455, "Equipment / Off Hand": 11.158487760019534, "Tools / Alchemy": 2.2616768419515165, "Equipment / Feet": 0.40565045359637125, "Tools / Milking": 0.9413785277153461, "Tools / Crafting": -1.5304217759473415, "Tools / Enhancing": 4.980099237111689, "Equipment / Hands": -1.3894390849875993, "Tools / Cheesesmithing": 0.7041065598075554, "Tools / Woodcutting": 1.7000590878297142, "Tools / Tailoring": -4.246703293914075, "Equipment / Body": -2.0020782606654888, "Equipment / Legs": -1.7353634064458165, "Tools / Brewing": 2.493898552156643, "Tools / Foraging": 0.2593550294457489, "Tools / Cooking": -0.919013214803573, "Loots": -2.380952380952381, "Keys": 0.13275703129989, "Jewelry": 0.9096568167844687, "Trinket": 0.4074725568346304}