{"Resources": 0.39345041837048617, "Equipment / Head": -0.5427114315081049, "Consumables": 0.41462693403540624, "Equipment / Legs": 1.3832601266582905, "Books": 0.6876091878201591, "Equipment / Pouch": 2.377479926238237, "Equipment / Main Hand": 0.10350289671678768, "Equipment / Off Hand": -1.0383628239463263, "Tools / Alchemy": 2.7819475654570343, "Equipment / Feet": -0.7996065743128244, "Tools / Milking": -1.0872976992696224, "Tools / Crafting": -1.3460749914504235, "Tools / Enhancing": -9.320431809851623, "Equipment / Hands": 4.925276792205154, "Tools / Cheesesmithing": 1.0181418163735436, "Tools / Woodcutting": -2.2537814277933763, "Tools / Tailoring": -1.4595535392460282, "Equipment / Body": 1.6850232518567378, "Tools / Brewing": 3.0262138345967444, "Tools / Foraging": 0.12223655338067818, "Tools / Cooking": 2.0349262653554856, "Loots": -2.032913843175219, "Keys": 0.5743338689200457, "Jewelry": 0.26791723442153925, "Trinket": 3.1805229859460233}