{"Resources": -0.8640350857778897, "Equipment / Head": -0.022606611602390744, "Consumables": -0.2879327982666185, "Equipment / Body": 1.2954735784401652, "Equipment / Legs": 0.7465639285873652, "Books": -3.806226189216765, "Equipment / Pouch": 0.7174897369861764, "Equipment / Main Hand": 0.8811119559328857, "Equipment / Off Hand": -1.6464151111697192, "Tools / Alchemy": -3.078029441329183, "Equipment / Feet": 13.456075694507742, "Tools / Milking": -1.9653530999253785, "Tools / Crafting": 2.269796891739717, "Tools / Enhancing": 2.0032944247470748, "Equipment / Hands": 6.187796250012497, "Tools / Cheesesmithing": 6.058563280940289, "Tools / Woodcutting": 3.0938607597348957, "Tools / Tailoring": 2.1653199806474155, "Tools / Brewing": -0.3871241214026262, "Tools / Foraging": 4.515637184043194, "Tools / Cooking": 10.132261153060957, "Loots": 0.0, "Keys": 1.7776449541786647, "Jewelry": -0.28684318811006276, "Trinket": -8.572336050129735}