{"Resources": 0.21501850806124193, "Equipment / Head": 0.14217141374502318, "Consumables": 0.06902507241530674, "Equipment / Body": -1.489523170917523, "Equipment / Legs": 0.012293387971483898, "Books": -0.09849953219200754, "Equipment / Pouch": 3.3550292273708133, "Equipment / Main Hand": 5.3269880690205325, "Equipment / Off Hand": -0.3868854657436843, "Tools / Alchemy": -0.22707086025317555, "Equipment / Feet": 1.8264470291589563, "Tools / Milking": 4.864778840907811, "Tools / Crafting": 1.8668477115048643, "Tools / Enhancing": -0.35409106499590665, "Equipment / Hands": -1.74382498809051, "Tools / Cheesesmithing": -1.276690334118658, "Tools / Woodcutting": -1.0043489756203656, "Tools / Tailoring": 0.31933036477688337, "Tools / Brewing": -3.0118831828540134, "Tools / Foraging": 1.015997532745755, "Tools / Cooking": 0.30572135273771744, "Loots": 0.7462686567164135, "Keys": -0.25760670689580767, "Jewelry": -0.5764495539242274, "Trinket": -3.0620120345804183}