{"Resources": 0.3552733749171349, "Equipment / Head": 2.59501047801985, "Consumables": 0.7459739327592578, "Equipment / Legs": -1.9250048803907547, "Books": -0.4088273625037665, "Equipment / Pouch": -0.9299076032627329, "Equipment / Main Hand": -0.45202170313076057, "Equipment / Off Hand": 1.7962581435800669, "Tools / Alchemy": 1.1705977245890908, "Equipment / Feet": 4.002475406238262, "Tools / Milking": -0.7280906013108519, "Tools / Crafting": 2.442304432541304, "Tools / Enhancing": 0.6278799753835428, "Equipment / Hands": 4.586054802901969, "Tools / Cheesesmithing": 0.05485583218015788, "Tools / Woodcutting": 1.705552134243726, "Tools / Tailoring": 1.8587255214394671, "Equipment / Body": -0.19189723322904312, "Tools / Brewing": 3.4934997749909664, "Tools / Foraging": 2.0228420652756967, "Tools / Cooking": -4.25220509067764, "Loots": -1.273261508325176, "Keys": -0.329280563781051, "Jewelry": 0.656936259399502, "Trinket": 0.20112630732099457}