{"Resources": 0.15791548781863665, "Equipment / Head": 0.7598915285236921, "Consumables": 0.21610392934264933, "Books": -0.7710252816889821, "Equipment / Pouch": 5.096494643779349, "Equipment / Main Hand": -1.5613228195360165, "Equipment / Off Hand": 2.431033435917239, "Tools / Alchemy": 3.3678461479419877, "Equipment / Feet": -1.4652901261042879, "Tools / Milking": 2.3345721708029417, "Tools / Crafting": -0.4639320978659548, "Tools / Enhancing": -2.241640045480302, "Equipment / Hands": -2.090079778972845, "Tools / Cheesesmithing": 0.8870047718902799, "Tools / Woodcutting": -1.295460959405066, "Tools / Tailoring": 1.6657176795517161, "Equipment / Body": 1.7325958840822766, "Equipment / Legs": 0.09451732251288972, "Tools / Brewing": 1.7543783872443843, "Tools / Foraging": 2.549677121694932, "Tools / Cooking": 0.6576901967499302, "Loots": -3.5639412997903532, "Keys": 3.3021020889601385, "Jewelry": -0.2849193655185658, "Trinket": -0.629853263160761}