{"Resources": 1.245757477863928, "Equipment / Head": -7.690336373240309, "Consumables": 1.0348973444878653, "Books": 0.8380805544904173, "Equipment / Pouch": 7.109051005447012, "Equipment / Main Hand": -2.404767463818067, "Equipment / Off Hand": 1.8365490682755157, "Tools / Alchemy": -2.064695403561155, "Equipment / Feet": 2.3270789235397813, "Tools / Milking": 1.5129920955955263, "Tools / Crafting": -2.054209316640707, "Tools / Enhancing": 1.0028887712021155, "Equipment / Hands": 0.22477370660984464, "Tools / Cheesesmithing": -1.168251877532713, "Tools / Woodcutting": 1.5835900826733726, "Tools / Tailoring": -0.6155479309027714, "Equipment / Body": -0.49208571215098573, "Equipment / Legs": -4.768811195881207, "Tools / Brewing": 2.6507889870579664, "Tools / Foraging": -1.3145890528689186, "Tools / Cooking": 1.024535847325651, "Loots": -3.157894736842106, "Keys": 0.37304708655800023, "Jewelry": -0.9748290314717607, "Trinket": 1.219473393439251}