{"Resources": -0.2865235524206725, "Equipment / Head": -2.1359215898760593, "Consumables": -1.0605721117269455, "Equipment / Body": -1.2332714528381756, "Equipment / Legs": 1.197132626946053, "Books": 1.7290729933969846, "Equipment / Pouch": -2.11833975780022, "Equipment / Main Hand": -0.9598374159851956, "Equipment / Off Hand": -3.023285451246576, "Tools / Alchemy": -2.0813427823879125, "Equipment / Feet": 3.582709031542208, "Tools / Milking": 0.010274277048757385, "Tools / Crafting": -1.5796614675986873, "Tools / Enhancing": -3.443842725670481, "Equipment / Hands": 1.5782624599475472, "Tools / Cheesesmithing": 0.46274201453025754, "Tools / Woodcutting": 1.9723785504257012, "Tools / Tailoring": -10.87804091941872, "Tools / Brewing": 0.1776434040898646, "Tools / Foraging": 2.716093060239831, "Tools / Cooking": 0.7557243812830432, "Loots": 2.218278615794148, "Keys": 0.03804014989788505, "Jewelry": 0.9429732892911135, "Trinket": -1.4792899408284024}