{"Resources": -0.15376015436540025, "Equipment / Head": 0.3094562676542977, "Consumables": -0.12058989546661086, "Equipment / Legs": -0.5337070892927617, "Books": 0.34484122365739345, "Equipment / Pouch": -1.1548175703043488, "Equipment / Main Hand": -2.7106068858259897, "Equipment / Off Hand": -2.6037094275539436, "Tools / Alchemy": -0.22268196177024027, "Equipment / Feet": -1.248111426338616, "Tools / Milking": 3.4552941555738785, "Tools / Crafting": 0.7836776773377055, "Tools / Enhancing": -1.2966643011368135, "Equipment / Hands": -3.517087996795131, "Tools / Cheesesmithing": -0.23409899203452447, "Tools / Woodcutting": 0.1477235260894741, "Tools / Tailoring": 6.1846184474077335, "Equipment / Body": 1.0230890402510233, "Tools / Brewing": 7.904688764310341, "Tools / Foraging": 3.7600724297672556, "Tools / Cooking": -2.094771118202447, "Loots": 0.5586592178770949, "Keys": 0.23610485121539812, "Jewelry": -0.8972212958397877, "Trinket": -1.961935256738905}