{"Resources": 0.6809653234596188, "Equipment / Head": 4.050714185937477, "Consumables": -0.5891189954115247, "Equipment / Body": 9.905935331980064, "Equipment / Legs": 4.1100278735838955, "Books": -0.4717467090312941, "Equipment / Pouch": -6.972489638223147, "Equipment / Main Hand": -1.051061866014983, "Equipment / Off Hand": -2.0015749257919553, "Tools / Alchemy": -3.614408727611188, "Equipment / Feet": 0.8868319413208234, "Tools / Milking": 0.2426611233845893, "Tools / Crafting": 5.461194738818486, "Tools / Enhancing": 3.1385326900251256, "Equipment / Hands": 4.757643635124166, "Tools / Cheesesmithing": -3.7845839262679393, "Tools / Woodcutting": -19.860776508521123, "Tools / Tailoring": -7.631923076910899, "Tools / Brewing": 0.6977686168623709, "Tools / Foraging": -4.708492958689033, "Tools / Cooking": -3.0586372364891856, "Loots": -1.8299246501614592, "Keys": 1.6476789964024914, "Jewelry": -0.6299828337797504, "Trinket": -1.208263321922347}