{"Resources": 0.648851751534701, "Equipment / Head": -1.0417748251826495, "Consumables": 0.4316383400601352, "Equipment / Body": 0.7116695611168697, "Equipment / Legs": -0.10275792131489862, "Books": -1.7247877124302946, "Equipment / Pouch": -5.307934150983593, "Equipment / Main Hand": -2.2139671044422755, "Equipment / Off Hand": -2.391665010574741, "Tools / Alchemy": -0.11885416595902824, "Equipment / Feet": -0.10432077387188997, "Tools / Milking": 1.2634094943201932, "Tools / Crafting": 2.3145940982752395, "Tools / Enhancing": -1.1545225251510636, "Equipment / Hands": 0.31877527928369015, "Tools / Cheesesmithing": 10.56469224513553, "Tools / Woodcutting": 4.4414548153931745, "Tools / Tailoring": -0.6513857726289773, "Tools / Brewing": -3.1094017912921745, "Tools / Foraging": 1.7550337185627847, "Tools / Cooking": 1.4079442318214817, "Loots": 0.43591979075849635, "Keys": -0.17971618755728191, "Jewelry": -2.2416110920524117, "Trinket": -3.810795394797637}