{"Resources": -0.11117409061276341, "Equipment / Head": 2.3790437906822306, "Consumables": 0.4503936501701066, "Equipment / Legs": 1.2744058725505296, "Books": -0.5765989123963885, "Equipment / Pouch": -0.6191968063207701, "Equipment / Main Hand": 0.5642766084438401, "Equipment / Off Hand": 1.9380717531207672, "Tools / Alchemy": 3.2381488925325046, "Equipment / Feet": 1.0774423789263892, "Tools / Milking": 4.623018177745431, "Tools / Crafting": 4.356622378424158, "Tools / Enhancing": -3.6976046592036895, "Equipment / Hands": 3.697181044396178, "Tools / Cheesesmithing": -1.221109283897805, "Tools / Woodcutting": 6.971406787803843, "Tools / Tailoring": -1.4871674365105103, "Equipment / Body": 1.6571539445200432, "Tools / Brewing": 3.2130308299062618, "Tools / Foraging": 2.651444545805409, "Tools / Cooking": 4.9767942625520885, "Loots": -2.1276595744680904, "Keys": 0.6377412004606213, "Jewelry": -1.2443765018964876, "Trinket": -1.0220834778587136}