{"Resources": -0.42302129942906447, "Equipment / Head": 0.2935103744043399, "Consumables": -0.019213117686732374, "Equipment / Body": -0.3608596717263063, "Equipment / Legs": 0.2384495932295058, "Books": -1.2447180137259661, "Equipment / Pouch": 0.04948566848699957, "Equipment / Main Hand": -0.23928393754963195, "Equipment / Off Hand": 1.850612091628309, "Tools / Alchemy": -3.139926302525366, "Equipment / Feet": -1.3599843874723307, "Tools / Milking": -1.2243542883901983, "Tools / Crafting": 0.8427947009610423, "Tools / Enhancing": 0.3148654937976181, "Equipment / Hands": -2.9153920282690087, "Tools / Cheesesmithing": -2.9654381664544154, "Tools / Woodcutting": -1.9829996298992223, "Tools / Tailoring": -0.03913197587357331, "Tools / Brewing": -0.01672555414441081, "Tools / Foraging": -1.699344880698187, "Tools / Cooking": 0.10815520816180389, "Loots": 0.2915451895043732, "Keys": -0.05468756088302862, "Jewelry": 0.05811897289651552, "Trinket": -0.8379888268156425}