{"Resources": 0.12859734466966544, "Equipment / Head": -0.5446169800745362, "Consumables": -0.20667299668705094, "Equipment / Body": 0.32201650507618584, "Equipment / Legs": -0.04073453266914469, "Books": -0.14662612887027726, "Equipment / Pouch": -0.34270221502198983, "Equipment / Main Hand": 0.08690133549624458, "Equipment / Off Hand": 0.35988000517019025, "Tools / Alchemy": -0.6934812760055478, "Equipment / Feet": 0.21651345510019715, "Tools / Milking": 0.3200556636314593, "Tools / Crafting": 3.009947002056637, "Tools / Enhancing": 0.16666666666666669, "Equipment / Hands": -0.4143874423540331, "Tools / Cheesesmithing": -0.4735239217997838, "Tools / Woodcutting": 1.0516352465419858, "Tools / Tailoring": -0.29787961552619535, "Tools / Brewing": -2.5713230201330113, "Tools / Foraging": 1.154995389860552, "Tools / Cooking": -0.5254825042145005, "Loots": 0.0, "Keys": 0.029855870783791254, "Jewelry": -0.038294604170657214, "Trinket": 0.0}