{"Resources": 0.28113241677737405, "Equipment / Head": -0.07446701102193824, "Consumables": -2.213926995267873, "Equipment / Body": -2.1247099024819818, "Equipment / Legs": 5.295601322152121, "Books": -0.0289643893894019, "Equipment / Pouch": -0.735132511679236, "Equipment / Main Hand": -1.1599921117347047, "Equipment / Off Hand": -2.5821358526908678, "Tools / Alchemy": 4.2006256259806625, "Equipment / Feet": 2.3542331086904937, "Tools / Milking": -2.170419582154426, "Tools / Crafting": -5.6744097213351825, "Tools / Enhancing": -1.189033841082886, "Equipment / Hands": -4.481072541522647, "Tools / Cheesesmithing": -4.670577648212824, "Tools / Woodcutting": -0.4201412701046916, "Tools / Tailoring": -4.12832914523754, "Tools / Brewing": 0.8170713829105756, "Tools / Foraging": 4.691978251904247, "Tools / Cooking": -4.408263574540369, "Loots": 0.8620689655172363, "Keys": -1.5785762074953886, "Jewelry": -3.8760304279337703, "Trinket": 1.1589659015739775}