{"Resources": -0.52442821844709, "Equipment / Head": 1.1728096638290053, "Consumables": -0.8542467076790656, "Equipment / Body": -0.5156266647016429, "Equipment / Legs": 0.20473270390318982, "Books": -1.4248525037537723, "Equipment / Pouch": 0.1777366513717487, "Equipment / Main Hand": 9.650258154483009, "Equipment / Off Hand": 8.276024904098403, "Tools / Alchemy": 1.1701212764395477, "Equipment / Feet": 0.3861389973541814, "Tools / Milking": 0.26115954987386464, "Tools / Crafting": 0.724230798524132, "Tools / Enhancing": 1.2011466054071118, "Equipment / Hands": -3.6277537731911527, "Tools / Cheesesmithing": 2.607242603026416, "Tools / Woodcutting": 0.25413272140016596, "Tools / Tailoring": -2.540342888569856, "Tools / Brewing": -1.5809839946770334, "Tools / Foraging": 3.149772340028566, "Tools / Cooking": 0.24693515805710567, "Loots": 1.3409961685823766, "Keys": -0.292536708709712, "Jewelry": 0.20653583428669814, "Trinket": -1.417511068510657}