{"Resources": -0.32344805514683217, "Equipment / Head": -0.24193034246967765, "Consumables": 0.568732493789922, "Equipment / Legs": 1.7841066979892741, "Books": 0.3966982476099545, "Equipment / Pouch": -0.7197837496966591, "Equipment / Main Hand": -0.6853707373764089, "Equipment / Off Hand": 2.086868434231159, "Tools / Alchemy": -0.2752922942562845, "Equipment / Feet": -0.08398934611144235, "Tools / Milking": 1.7139620625757945, "Tools / Crafting": -2.3620167053029206, "Tools / Enhancing": 2.1088833788863623, "Equipment / Hands": -1.1433642673753306, "Tools / Cheesesmithing": 1.4455223854307409, "Tools / Woodcutting": 0.9088203279089471, "Tools / Tailoring": 4.036772198765325, "Equipment / Body": -0.020781601957791388, "Tools / Brewing": -1.2657879328697992, "Tools / Foraging": -0.856353016553288, "Tools / Cooking": -1.8925544924262765, "Loots": -0.37664783427494963, "Keys": 0.6973451585275289, "Jewelry": 1.246276722349135, "Trinket": 2.7868852459016407}