{"Resources": -1.8550864650929748, "Equipment / Head": -1.6718313600828965, "Consumables": -0.4428520102749163, "Equipment / Legs": -3.8335494418225267, "Books": -2.8933113015002783, "Equipment / Pouch": -0.9978971677066389, "Equipment / Main Hand": -1.4166584180630482, "Equipment / Off Hand": -2.574790567934542, "Tools / Alchemy": -2.480238346983271, "Equipment / Feet": -1.5886810899362274, "Tools / Milking": -1.2973820478799531, "Tools / Crafting": -3.5497527615091187, "Tools / Enhancing": 0.14610475311110704, "Equipment / Hands": -4.643082076542289, "Tools / Cheesesmithing": -3.1029176934602845, "Tools / Woodcutting": -1.7871978489613756, "Tools / Tailoring": 6.918057193572176, "Equipment / Body": -5.184570597357805, "Tools / Brewing": -3.141413685507467, "Tools / Foraging": 0.6682602816800569, "Tools / Cooking": -10.6633049685669, "Loots": 1.4173228346456674, "Keys": -1.3995799793849613, "Jewelry": -3.545106231331908, "Trinket": -0.35934565192826784}