{"Resources": -0.6901117386502481, "Equipment / Head": -2.374945507899179, "Consumables": -0.6948869252967044, "Equipment / Body": -0.9549513548819643, "Equipment / Legs": 1.1028828432181172, "Books": 0.23160333916768708, "Equipment / Pouch": 1.556949529192519, "Equipment / Main Hand": 0.13907224637847376, "Equipment / Off Hand": -0.354710896399947, "Tools / Alchemy": -3.5365956506830556, "Equipment / Feet": 0.653131451220126, "Tools / Milking": 6.326655452241047, "Tools / Crafting": 2.4779011379268723, "Tools / Enhancing": 0.09296389527625085, "Equipment / Hands": 1.2240284824215668, "Tools / Cheesesmithing": 2.779828818877366, "Tools / Woodcutting": -0.91469913764792, "Tools / Tailoring": -0.34341476530376397, "Tools / Brewing": -0.24404301143491317, "Tools / Foraging": 0.2619555809690592, "Tools / Cooking": 0.3267871239293209, "Loots": 0.0, "Keys": -1.6600380246388544, "Jewelry": 0.5292386142564374, "Trinket": -0.17301038062284058}