{"Resources": -0.6349063176471069, "Equipment / Head": 1.4371756317042053, "Consumables": 1.3350443403552543, "Equipment / Legs": 0.6527728016322786, "Books": -1.1847859003410028, "Equipment / Pouch": -1.7469670443103282, "Equipment / Main Hand": -2.4647929657630723, "Equipment / Off Hand": 0.14359567788033584, "Tools / Alchemy": 0.4696003666547409, "Equipment / Feet": 0.25337512522530736, "Tools / Milking": 0.578274932477812, "Tools / Crafting": 0.6587612033451924, "Tools / Enhancing": 0.20628807174313193, "Equipment / Hands": 3.3303371468065097, "Tools / Cheesesmithing": -0.37586040234565565, "Tools / Woodcutting": 1.5359289624943102, "Tools / Tailoring": -2.827498519971401, "Equipment / Body": 0.5623623171106378, "Tools / Brewing": -0.34641606066116554, "Tools / Foraging": 0.8122967629758884, "Tools / Cooking": 1.5532102847827298, "Loots": 0.5107252298263486, "Keys": 0.9650221021740932, "Jewelry": 0.5536907484930057, "Trinket": 0.22261798753338935}