{"Resources": 0.14243404497177478, "Equipment / Head": -0.4265504024135165, "Consumables": 0.3326688544747392, "Equipment / Body": -0.10982463524152562, "Equipment / Legs": 0.06337608093433532, "Books": 0.06620887755205562, "Equipment / Pouch": 0.8631837766945073, "Equipment / Main Hand": -0.6144310798312594, "Equipment / Off Hand": 2.600563844087265, "Tools / Alchemy": -0.09863225347631834, "Equipment / Feet": -0.2651089700116018, "Tools / Milking": -1.7512499010547364, "Tools / Crafting": 1.8705321320558177, "Tools / Enhancing": -0.9249356997567924, "Equipment / Hands": 0.27718113322527277, "Tools / Cheesesmithing": -0.45618745426678053, "Tools / Woodcutting": -0.1787161247898453, "Tools / Tailoring": -1.4130731938348051, "Tools / Brewing": -2.146001523402449, "Tools / Foraging": 4.626851223796731, "Tools / Cooking": -1.3611306976802862, "Loots": 0.0, "Keys": 0.008759915788494207, "Jewelry": 0.36360121839607207, "Trinket": -0.4608294930875576}