{"Resources": 1.1328407009243768, "Equipment / Head": -0.668420721199877, "Consumables": 1.1746437878072482, "Books": 0.5593564703776205, "Equipment / Pouch": -2.381460331946589, "Equipment / Main Hand": 0.7728728410824598, "Equipment / Off Hand": 1.6174165730923895, "Tools / Alchemy": 1.757755533343671, "Equipment / Feet": 1.272086807864118, "Tools / Milking": 1.1268200385688063, "Tools / Crafting": -0.49640454686185825, "Tools / Enhancing": 3.3967331077775027, "Equipment / Hands": 18.317176425981753, "Tools / Cheesesmithing": -0.08822824660412362, "Tools / Woodcutting": 1.2944056832196846, "Tools / Tailoring": -4.653931734308078, "Equipment / Body": 1.502076454081792, "Equipment / Legs": -0.9603616440924301, "Tools / Brewing": -0.2287079518149837, "Tools / Foraging": -1.0614973255361009, "Tools / Cooking": 1.6755262797487767, "Loots": -2.1868787276341997, "Keys": 0.989555497877638, "Jewelry": 0.9506155544412677, "Trinket": 0.069330856269738}