{"Resources": -0.6962931911362213, "Equipment / Head": -1.8659134149209105, "Consumables": -0.6218486510521264, "Books": 0.6764862330071919, "Equipment / Pouch": -3.7013248085787485, "Equipment / Main Hand": 0.32658291579420956, "Equipment / Off Hand": 13.068249794209073, "Tools / Alchemy": 7.986155926397878, "Equipment / Feet": 2.9560328644201883, "Tools / Milking": -0.797358153428996, "Tools / Crafting": 1.7078702047318974, "Tools / Enhancing": -6.600456953516062, "Equipment / Hands": 2.6012413676431576, "Tools / Cheesesmithing": -0.37510327890549466, "Tools / Woodcutting": -5.4686670927143055, "Tools / Tailoring": -0.5949311829416889, "Equipment / Body": 0.9753701063313134, "Equipment / Legs": -1.07897607585611, "Tools / Brewing": -3.9138423772618482, "Tools / Foraging": 1.6670025927188352, "Tools / Cooking": 5.346286467622058, "Loots": -1.024590163934431, "Keys": -1.8522685820229874, "Jewelry": -1.7512091525700684, "Trinket": -0.9646302250803839}