{"Resources": -0.31676837438449296, "Equipment / Head": 1.8496323928263172, "Consumables": -1.0477599539846736, "Equipment / Body": 0.4823220217056685, "Equipment / Legs": -0.08902508354608675, "Books": -0.7226258572694884, "Equipment / Pouch": -0.6791096471361857, "Equipment / Main Hand": -3.3747034535266454, "Equipment / Off Hand": 1.8229616016379504, "Tools / Alchemy": 2.5280105606806553, "Equipment / Feet": 2.164140250955799, "Tools / Milking": -1.9589180522774223, "Tools / Crafting": -0.2731372801288545, "Tools / Enhancing": 1.0144594539085152, "Equipment / Hands": -2.6875364817832907, "Tools / Cheesesmithing": -0.6283140943409821, "Tools / Woodcutting": 1.9709923278752823, "Tools / Tailoring": -4.773430803300064, "Tools / Brewing": 2.0189552031888853, "Tools / Foraging": 2.583705313647666, "Tools / Cooking": -1.0590524409512116, "Loots": -0.18083182640144244, "Keys": -1.0402075897745584, "Jewelry": 0.11000467019614768, "Trinket": 1.4285714285714266}