{"Resources": -0.7088050116374114, "Equipment / Head": -0.3440884465519426, "Consumables": -1.7444595158359104, "Equipment / Body": -0.7349630527010671, "Equipment / Legs": 0.17511781636523732, "Books": 0.8847371957102428, "Equipment / Pouch": -4.027376390918903, "Equipment / Main Hand": 0.32043888978163215, "Equipment / Off Hand": -0.009727205344979834, "Tools / Alchemy": 5.1182589613307705, "Equipment / Feet": -1.1220621071427652, "Tools / Milking": 2.8921673468281686, "Tools / Crafting": 4.142801989331817, "Tools / Enhancing": -2.2667434673251914, "Equipment / Hands": -1.0480024802667645, "Tools / Cheesesmithing": -1.7823849917797827, "Tools / Woodcutting": -1.068422084333505, "Tools / Tailoring": -1.5068744281236075, "Tools / Brewing": 2.7032678889571846, "Tools / Foraging": 1.464341526656986, "Tools / Cooking": -4.180718767893831, "Loots": 1.6842105263157887, "Keys": -0.8490279641644767, "Jewelry": -0.3385672896864714, "Trinket": 1.7338331771321496}