{"Resources": 0.22333235617093794, "Equipment / Head": 2.6591244843251136, "Equipment / Legs": -1.4510944378369066, "Equipment / Body": 4.37360354495039, "Consumables": 0.179046865386737, "Books": -0.15392870563383562, "Equipment / Pouch": -0.2976639918695188, "Equipment / Main Hand": -1.6652233445648448, "Equipment / Off Hand": 5.002184423690137, "Tools / Alchemy": 1.1373000204672894, "Equipment / Feet": -1.2424598738699033, "Tools / Milking": -2.278904888750074, "Tools / Crafting": 5.338002546098918, "Tools / Enhancing": -2.833518470361063, "Equipment / Hands": 3.653629853879622, "Tools / Cheesesmithing": 1.8391418487755826, "Tools / Woodcutting": -0.9888060058076645, "Tools / Tailoring": 2.31723681391291, "Tools / Brewing": -1.2012010652928737, "Tools / Foraging": 0.45978417123257975, "Tools / Cooking": 19.636003748721162, "Loots": 0.31152647975078307, "Keys": 0.5341983102752671, "Jewelry": -2.7298912376568554, "Trinket": -3.1851474203334558}