{"Resources": 0.33127033741594486, "Equipment / Head": -1.0831465388120347, "Consumables": 0.13716970620264285, "Equipment / Body": 0.06567609480921925, "Equipment / Legs": 0.16821094992835076, "Books": -0.11736341920294206, "Equipment / Pouch": 13.459199718680955, "Equipment / Main Hand": -1.2863246467011513, "Equipment / Off Hand": -0.8352867647329679, "Tools / Alchemy": 3.8394122041728265, "Equipment / Feet": -3.5141952129243386, "Tools / Milking": 0.8177081237543835, "Tools / Crafting": 1.2823515577398528, "Tools / Enhancing": -4.382572681826548, "Equipment / Hands": -1.7735939465847224, "Tools / Cheesesmithing": 1.8806269964092013, "Tools / Woodcutting": -11.640180975629441, "Tools / Tailoring": -0.7511235539928703, "Tools / Brewing": 3.002068606205839, "Tools / Foraging": -7.5535301417894605, "Tools / Cooking": -4.759559498734652, "Loots": 0.5370569280343667, "Keys": 0.004602395926073403, "Jewelry": -1.8744073426631995, "Trinket": 0.2223165196856256}