{"Resources": -0.3629259872398509, "Equipment / Head": 5.0542499997867365, "Consumables": 0.5952625723443896, "Equipment / Body": 1.7691223097733302, "Equipment / Legs": 0.40535080405628215, "Books": -1.683604963857273, "Equipment / Pouch": -1.6544244465602045, "Equipment / Main Hand": -0.797511075929806, "Equipment / Off Hand": 1.2405546845600235, "Tools / Alchemy": 4.813101876409131, "Equipment / Feet": 1.4619689506775813, "Tools / Milking": 6.716921940311567, "Tools / Crafting": 2.7403340815669517, "Tools / Enhancing": 2.5803570551080637, "Equipment / Hands": 3.2057087685456502, "Tools / Cheesesmithing": -0.7513080159581281, "Tools / Woodcutting": 4.389116297697468, "Tools / Tailoring": -3.363748067648236, "Tools / Brewing": 2.713675714071151, "Tools / Foraging": 4.5745441736427574, "Tools / Cooking": 3.813186892555952, "Loots": 2.135561745589604, "Keys": 0.1823826075090459, "Jewelry": -0.5392723000121318, "Trinket": -1.6719933835111447}