{"Resources": -0.09491183718343776, "Equipment / Head": -2.5523041595722393, "Equipment / Body": -0.7364626635417426, "Consumables": 1.3879831619581402, "Equipment / Legs": -3.2249441501990153, "Books": -0.18616178381303206, "Equipment / Pouch": 7.545818960989772, "Equipment / Main Hand": 0.24892265592893867, "Equipment / Off Hand": 1.723352208491285, "Tools / Alchemy": 8.056104458857105, "Equipment / Feet": 2.0384698272263053, "Tools / Milking": -1.9655587164777797, "Tools / Crafting": -2.483016673146343, "Tools / Enhancing": 11.00791466538763, "Equipment / Hands": -4.644337031724982, "Tools / Cheesesmithing": -1.2615327670616152, "Tools / Woodcutting": 1.804835700548687, "Tools / Tailoring": 0.12522868486902894, "Tools / Brewing": 0.8436960754656191, "Tools / Foraging": 0.7260474018286748, "Tools / Cooking": 27.595385273278414, "Loots": 6.403940886699503, "Keys": -0.5564408112787571, "Jewelry": -0.49362168808340917, "Trinket": -1.042892131209306}