{"Resources": -0.2016125841910003, "Equipment / Head": 1.3918136157516274, "Consumables": 0.2165608001529266, "Equipment / Body": -0.1879840304862009, "Equipment / Legs": -0.048858468416239496, "Books": -1.0884723724069705, "Equipment / Pouch": -2.7227691081797505, "Equipment / Main Hand": -1.395925063822847, "Equipment / Off Hand": 0.6295424969136618, "Tools / Alchemy": 5.7626233266222275, "Equipment / Feet": -0.01828023637644117, "Tools / Milking": 4.493797822428944, "Tools / Crafting": 0.7830473251121784, "Tools / Enhancing": 0.860261793488259, "Equipment / Hands": 4.45861176146632, "Tools / Cheesesmithing": 25.9452882009759, "Tools / Woodcutting": 1.2602573110338129, "Tools / Tailoring": -1.0372376349078025, "Tools / Brewing": -0.805042341109065, "Tools / Foraging": -4.1611403311284665, "Tools / Cooking": -1.359819070093769, "Loots": 0.09066183136899893, "Keys": -0.3834977690685329, "Jewelry": -2.0444785588232963, "Trinket": -4.8569941140222195}