{"Resources": 2.9846129351094377, "Equipment / Head": 3.952376146344483, "Consumables": 0.8386035089526488, "Equipment / Body": -0.6625735911063526, "Equipment / Legs": 1.5861943279150323, "Books": 0.11746749565208531, "Equipment / Pouch": 2.5805489044040146, "Equipment / Main Hand": -0.14514501776652855, "Equipment / Off Hand": 14.612464730486508, "Tools / Alchemy": 12.729618499275366, "Equipment / Feet": 4.690319823503817, "Tools / Milking": 7.691483369664971, "Tools / Crafting": -6.778584199377612, "Tools / Enhancing": -4.5977424565581275, "Equipment / Hands": -2.588442792151417, "Tools / Cheesesmithing": -2.3463291561680624, "Tools / Woodcutting": -4.011208101540861, "Tools / Tailoring": 3.8422897470971122, "Tools / Brewing": 2.00726811480242, "Tools / Foraging": -0.3217646142501409, "Tools / Cooking": -9.302936574179741, "Loots": 5.284147557328011, "Keys": -0.6084161027339993, "Jewelry": 0.17871583315814704, "Trinket": 1.7087667161961397}