{"Resources": -0.4277734576539588, "Equipment / Head": 0.9700862315636162, "Consumables": -0.38107574977362885, "Equipment / Legs": 0.26397997354562, "Books": 0.21352947202928094, "Equipment / Pouch": -3.6607093710729184, "Equipment / Main Hand": 0.13787182833131867, "Equipment / Off Hand": -0.8902556896138885, "Tools / Alchemy": 4.1834926681448525, "Equipment / Feet": -1.6216314625802917, "Tools / Milking": 0.9071955603346321, "Tools / Crafting": 3.345084077092945, "Tools / Enhancing": -3.572990961476126, "Equipment / Hands": -2.2857500679099907, "Tools / Cheesesmithing": 5.594072963723977, "Tools / Woodcutting": 1.3338159040214836, "Tools / Tailoring": -3.8656828645324453, "Equipment / Body": -1.4210662864221943, "Tools / Brewing": 4.127414183743279, "Tools / Foraging": -1.001225147769046, "Tools / Cooking": 2.1345029806342466, "Loots": -0.7048458149779792, "Keys": 1.1968678523956664, "Jewelry": -0.017545819143672918, "Trinket": -0.1228388557155724}