{"Resources": 0.10760953315335643, "Equipment / Head": -2.2010967560106653, "Consumables": -0.2807080717779867, "Equipment / Legs": -2.6875965563389754, "Books": -1.861883294894974, "Equipment / Pouch": -0.7592950286101959, "Equipment / Main Hand": 0.04713051735967436, "Equipment / Off Hand": -5.566355923200985, "Tools / Alchemy": 3.1147614245390636, "Equipment / Feet": -3.441075278190957, "Tools / Milking": -5.029986023118792, "Tools / Crafting": -6.708951687317009, "Tools / Enhancing": -3.218864027522613, "Equipment / Hands": -4.294465694150945, "Tools / Cheesesmithing": -2.373344088739994, "Tools / Woodcutting": -0.7929686007776461, "Tools / Tailoring": -6.745443488929619, "Equipment / Body": -1.1191004018386295, "Tools / Brewing": -2.3322900442833316, "Tools / Foraging": -4.500690768676878, "Tools / Cooking": -0.6553185800925259, "Loots": -3.134182174338882, "Keys": -0.6924212507091912, "Jewelry": 1.7323408369702136, "Trinket": -0.16666666666666743}