{"Resources": 0.035001755982978826, "Equipment / Head": -5.766365377603223, "Consumables": -0.21454310320742012, "Books": -0.959561210789226, "Equipment / Pouch": 3.0913038565259754, "Equipment / Main Hand": -2.556975343326089, "Equipment / Off Hand": 4.3782284907999856, "Tools / Alchemy": 3.204037154714271, "Equipment / Feet": 0.2012292466369155, "Tools / Milking": 2.399653560339887, "Tools / Crafting": 18.89495428984049, "Tools / Enhancing": 5.2881550007903915, "Equipment / Hands": 2.736862446707906, "Tools / Cheesesmithing": -0.7861722133043486, "Tools / Woodcutting": 1.6202287275754856, "Tools / Tailoring": -1.893063892696799, "Equipment / Body": 3.9748631760869597, "Equipment / Legs": 2.4077694003261456, "Tools / Brewing": 0.2971627865057759, "Tools / Foraging": 6.422210251116695, "Tools / Cooking": 0.3988054354382628, "Loots": -1.0060362173038275, "Keys": -0.15339018667556253, "Jewelry": 0.5306983364226958, "Trinket": -7.382550335570476}