{"Resources": -0.6193487833082835, "Consumables": -1.1194970211261401, "Equipment / Body": -1.2026995634515738, "Equipment / Legs": -1.8852937557191176, "Books": -1.9908199635490313, "Equipment / Pouch": -5.208742281100511, "Equipment / Main Hand": -1.5482697731353123, "Equipment / Off Hand": -0.9923101840144707, "Tools / Alchemy": -1.4535164058043475, "Equipment / Feet": -1.7303426657375816, "Tools / Milking": 5.422228333268458, "Tools / Crafting": -2.7956630171449803, "Tools / Enhancing": -0.5574361744217129, "Equipment / Hands": -8.538109114407625, "Tools / Cheesesmithing": -1.0633913806489925, "Tools / Woodcutting": 0.12120874407304677, "Equipment / Head": -3.6151878536755166, "Tools / Tailoring": 1.2124595591800666, "Tools / Brewing": 2.4302638221618063, "Tools / Foraging": -1.153672697537772, "Tools / Cooking": -9.856412851805459, "Loots": -1.6684045881126166, "Keys": 1.3956947590903133, "Jewelry": 0.7964597445775629, "Trinket": -1.8151753307136216}