{"Resources": -0.4337537635834741, "Equipment / Head": -0.9595767095267144, "Consumables": 0.500568801660485, "Equipment / Legs": -1.7300206217660912, "Books": -1.5292070475045554, "Equipment / Pouch": -0.14224616915908167, "Equipment / Main Hand": -3.2627533496291097, "Equipment / Off Hand": -3.2924255302720327, "Tools / Alchemy": -0.7338616418406598, "Equipment / Feet": -2.9194442604422504, "Tools / Milking": -0.6189287324680344, "Tools / Crafting": 1.3734862046147116, "Tools / Enhancing": -5.455285293889308, "Equipment / Hands": 0.2871893045767882, "Tools / Cheesesmithing": -1.4317331977009005, "Tools / Woodcutting": -0.8389750641708456, "Tools / Tailoring": -2.2424668002076764, "Equipment / Body": -3.128435109832045, "Tools / Brewing": -6.944334236192245, "Tools / Foraging": -2.3865543415937838, "Tools / Cooking": -0.41471052153554144, "Loots": -0.6172839506172786, "Keys": -0.6254630937163045, "Jewelry": -1.5687294635325126, "Trinket": 0.4641350210970441}