{"Resources": -1.2580379154704975, "Equipment / Head": -0.24735364810194194, "Consumables": 0.41115972097656794, "Equipment / Body": -1.923587417666555, "Equipment / Legs": -2.0998782152261577, "Books": -1.427374865402695, "Equipment / Pouch": -1.1754940547280035, "Equipment / Main Hand": -1.3163082348632997, "Equipment / Off Hand": -1.9584814108396038, "Tools / Alchemy": -0.939855324690639, "Equipment / Feet": 1.6783378645182947, "Tools / Milking": -1.0671563561537667, "Tools / Crafting": 0.5588378400854147, "Tools / Enhancing": -2.846289100754028, "Equipment / Hands": -1.145174154088184, "Tools / Cheesesmithing": -0.8418521823001923, "Tools / Woodcutting": -0.4969097039196167, "Tools / Tailoring": 1.3224994580469047, "Tools / Brewing": 4.345251750027004, "Tools / Foraging": 1.402690073542215, "Tools / Cooking": 3.2919886249616277, "Loots": -0.18484288354897907, "Keys": -0.6469524964873328, "Jewelry": -0.8758398484910773, "Trinket": -1.1422324424171575}