{"Resources": -0.3573956111295884, "Equipment / Head": -0.6076971238474429, "Consumables": 0.15438816552485132, "Equipment / Body": -3.0818944060555076, "Equipment / Legs": -2.272199855290496, "Books": -0.03473836765292872, "Equipment / Pouch": 3.3865301919771973, "Equipment / Main Hand": 1.772367426539649, "Equipment / Off Hand": -1.2237102854095852, "Tools / Alchemy": 0.4128122128942372, "Equipment / Feet": -3.6167558304051903, "Tools / Milking": 7.408916293615461, "Tools / Crafting": 0.5965532784065994, "Tools / Enhancing": 12.82195005250395, "Equipment / Hands": -4.9390043085400865, "Tools / Cheesesmithing": 0.08209539514107611, "Tools / Woodcutting": 0.4558417388960273, "Tools / Tailoring": -3.9251307930260984, "Tools / Brewing": -0.9165370386653666, "Tools / Foraging": 2.7040511985707423, "Tools / Cooking": -4.73964252760653, "Loots": 1.3727560718057072, "Keys": 3.4495111323172054, "Jewelry": -4.621518365085171, "Trinket": -0.2722836898208981}