{"Resources": 0.14685298360577984, "Equipment / Head": 2.561761118938472, "Consumables": -1.4841142493578956, "Equipment / Legs": 0.08325360944068173, "Books": -1.0194803471179479, "Equipment / Pouch": 2.0504860521703008, "Equipment / Main Hand": -0.3047321665658943, "Equipment / Off Hand": 5.184934080143775, "Tools / Alchemy": -0.7736127793077595, "Equipment / Feet": 3.7995967948987057, "Tools / Milking": 0.2088446802466731, "Tools / Crafting": -1.1470265269335658, "Tools / Enhancing": -2.32088618088745, "Equipment / Hands": 3.3382843170276444, "Tools / Cheesesmithing": 0.028666539416458248, "Tools / Woodcutting": -4.274294149539846, "Tools / Tailoring": 2.28620481812013, "Equipment / Body": 0.38457606737742667, "Tools / Brewing": -1.3848265760245553, "Tools / Foraging": -6.920099119911722, "Tools / Cooking": -0.19505455890651638, "Loots": 0.3058103975535168, "Keys": -0.44900477445435183, "Jewelry": 0.14322977007761706, "Trinket": -2.0754375960623723}