{"Resources": -0.47235645515688635, "Equipment / Head": 1.8439983894101948, "Consumables": 0.28962191218435973, "Equipment / Legs": 0.1609367003397383, "Books": -1.1193952495987334, "Equipment / Pouch": 3.909938951488666, "Equipment / Main Hand": -0.9130375252565048, "Equipment / Off Hand": -1.7533599725819307, "Tools / Alchemy": -1.0234396008671731, "Equipment / Feet": 2.4597651157886924, "Tools / Milking": 5.8329137385159715, "Tools / Crafting": -0.026153376118093, "Tools / Enhancing": -0.23196702552009268, "Equipment / Hands": 2.757510287266123, "Tools / Cheesesmithing": -1.7346474567793273, "Tools / Woodcutting": -0.004075860583546254, "Tools / Tailoring": -0.4475491822834577, "Equipment / Body": -0.2806096484597024, "Tools / Brewing": -0.4973952958056844, "Tools / Foraging": -2.553669570785046, "Tools / Cooking": -0.6389207235090568, "Loots": 0.3191489361702171, "Keys": 1.3491546883253223, "Jewelry": -0.026186325945204113, "Trinket": -1.4295718363463419}