{"Resources": 0.6313683577381042, "Equipment / Head": -4.735792648708858, "Consumables": 1.1020198493205857, "Books": -1.05333617579947, "Equipment / Pouch": 7.6938651050987135, "Equipment / Main Hand": 2.2101151545354836, "Equipment / Off Hand": 1.6253441088381664, "Tools / Alchemy": -0.928786585829309, "Equipment / Feet": -0.08392358538925557, "Tools / Milking": 4.26923559546694, "Tools / Crafting": -0.13729435694583808, "Tools / Enhancing": -4.049396960129082, "Equipment / Hands": 1.0758560971989455, "Tools / Cheesesmithing": -1.9567769207448231, "Tools / Woodcutting": 1.2626878582928356, "Tools / Tailoring": 3.5384118790037604, "Equipment / Body": 1.6493247450964403, "Equipment / Legs": 32.2899956438428, "Tools / Brewing": -1.403931057674003, "Tools / Foraging": -0.28169122733588947, "Tools / Cooking": -1.3838486909210725, "Loots": -1.4028056112224403, "Keys": 0.46162125714344926, "Jewelry": -0.9979837700759766, "Trinket": 1.2936940381735338}