{"Resources": -0.3198927156886074, "Equipment / Head": 0.5243687331024672, "Consumables": -0.5110223100338849, "Equipment / Body": -0.8707550635062196, "Equipment / Legs": -0.4955791869880119, "Books": 0.3608901440176203, "Equipment / Pouch": 1.2129603421310327, "Equipment / Main Hand": 0.09646616925506243, "Equipment / Off Hand": -3.973368174831476, "Tools / Alchemy": -3.2814728861549622, "Equipment / Feet": 0.9476824849142453, "Tools / Milking": -2.5820843226686523, "Tools / Crafting": -1.3839868251366405, "Tools / Enhancing": -0.17085051361927922, "Equipment / Hands": -2.2492984412793513, "Tools / Cheesesmithing": -3.927767468747264, "Tools / Woodcutting": -1.8411968441558488, "Tools / Tailoring": -1.0240255555752473, "Tools / Brewing": -3.4643084995128604, "Tools / Foraging": -2.3765970945299557, "Tools / Cooking": 2.5609008848011645, "Loots": 2.075702075702078, "Keys": -0.01071204573195958, "Jewelry": -0.009331854214300415, "Trinket": -1.0006407115667348}