{"Resources": -0.01496046967898128, "Equipment / Head": 1.059103806418499, "Consumables": 0.2537706267393636, "Equipment / Body": -0.5841398818985312, "Equipment / Legs": 5.184085577893555, "Books": -0.2238742173571243, "Equipment / Pouch": 2.355209564393312, "Equipment / Main Hand": -0.15445834420446183, "Equipment / Off Hand": 0.646575595323017, "Tools / Alchemy": -0.5300029738751494, "Equipment / Feet": -0.3371457911264746, "Tools / Milking": 0.48296420492155095, "Tools / Crafting": -6.366270117202312, "Tools / Enhancing": -1.3945036973090879, "Equipment / Hands": -0.46978779533215304, "Tools / Cheesesmithing": 2.588384833968418, "Tools / Woodcutting": 0.4381463814393353, "Tools / Tailoring": 0.409051973155827, "Tools / Brewing": 1.2548707071105791, "Tools / Foraging": -0.8857689536570589, "Tools / Cooking": 0.6436011856907476, "Loots": 1.838755304101843, "Keys": 0.10701424923621436, "Jewelry": 0.1022240612932455, "Trinket": -0.1545595054095791}