{"Resources": 0.6823560052233663, "Equipment / Head": -1.4537283798218277, "Consumables": -0.5305145036843901, "Equipment / Legs": -0.404699785819562, "Books": -1.9692440282693449, "Equipment / Pouch": -3.885576975445497, "Equipment / Main Hand": -0.9583886683234468, "Equipment / Off Hand": 0.14703740305847182, "Tools / Alchemy": -0.23716890126799134, "Equipment / Feet": -2.280935050310981, "Tools / Milking": 1.6635887223293673, "Tools / Crafting": 0.2670124286990313, "Tools / Enhancing": -2.6431602155674945, "Equipment / Hands": -1.895821200000915, "Tools / Cheesesmithing": 0.8331423192808493, "Tools / Woodcutting": -1.6485000963841092, "Tools / Tailoring": -3.0824897639936397, "Equipment / Body": -1.5706876902219702, "Tools / Brewing": 2.1150365582252233, "Tools / Foraging": -1.7596932478660388, "Tools / Cooking": -0.5908316775772647, "Loots": 8.724832214765096, "Keys": 0.8819572404261332, "Jewelry": -0.8475780586436824, "Trinket": 0.744096779775666}