{"Resources": -0.1618619237549066, "Equipment / Head": -1.8209433646079376, "Consumables": -0.3208944119635626, "Books": -1.033349302238544, "Equipment / Pouch": 2.604578706394088, "Equipment / Main Hand": -1.282165560317906, "Equipment / Off Hand": -1.0920106015361903, "Tools / Alchemy": -8.787697671431978, "Equipment / Feet": -1.1635846072210305, "Tools / Milking": -4.556147104219973, "Tools / Crafting": 1.5204541000551042, "Tools / Enhancing": -1.6480264637747037, "Equipment / Hands": 7.260577748310626, "Tools / Cheesesmithing": 3.1732471664301545, "Tools / Woodcutting": -3.6484013252953575, "Tools / Tailoring": -1.7083885346632928, "Equipment / Body": 0.9881438142669069, "Equipment / Legs": -0.042989730088672545, "Tools / Brewing": 1.699216185864222, "Tools / Foraging": -8.78524277966005, "Tools / Cooking": -0.9333848631812389, "Loots": 0.20366598778003597, "Keys": -5.832622487130596, "Jewelry": 0.4409075701489017, "Trinket": -0.15097945532728313}