{"Resources": -0.5062457480355073, "Equipment / Head": 4.177731353568539, "Consumables": -0.15657781958137465, "Equipment / Body": -1.3877661809946187, "Equipment / Legs": -1.915927273052957, "Books": -1.2143922787914159, "Equipment / Pouch": 6.324939641128897, "Equipment / Main Hand": -1.7085064306813293, "Equipment / Off Hand": 3.5358791188552834, "Tools / Alchemy": -4.685089484823655, "Equipment / Feet": -1.9040338542706976, "Tools / Milking": -0.7188049864780373, "Tools / Crafting": -1.261330939819235, "Tools / Enhancing": -4.255365587193442, "Equipment / Hands": 6.146851401308503, "Tools / Cheesesmithing": 7.538135937083806, "Tools / Woodcutting": 0.23235189910754556, "Tools / Tailoring": 1.7967281587833872, "Tools / Brewing": 2.360203212137093, "Tools / Foraging": 3.2607848704505074, "Tools / Cooking": -1.5961929595923756, "Loots": -4.3659043659043695, "Keys": -4.389094967430681, "Jewelry": -2.5091691772025166, "Trinket": 1.8241464917029155}