{"Resources": 0.14719048769122703, "Equipment / Head": 1.8050354609915158, "Consumables": -0.32067288736686533, "Equipment / Legs": -0.6880588597513259, "Books": -1.6582830990725288, "Equipment / Pouch": 2.605899217524132, "Equipment / Main Hand": -2.4819077691062814, "Equipment / Off Hand": -0.30807534193283415, "Tools / Alchemy": -2.8239604195744628, "Equipment / Feet": -6.618253653372855, "Tools / Milking": -2.883754044989226, "Tools / Crafting": -2.1128567622972696, "Tools / Enhancing": -2.5291573634713163, "Equipment / Hands": -0.5009228646904006, "Tools / Cheesesmithing": -7.095355225888983, "Tools / Woodcutting": -4.036776246124147, "Tools / Tailoring": -3.3445078084504436, "Equipment / Body": 1.1347885372165998, "Tools / Brewing": -3.0275326695752924, "Tools / Foraging": -4.172631338322002, "Tools / Cooking": -4.859517938576474, "Loots": 0.6523765144454843, "Keys": 0.944500969577602, "Jewelry": -0.010629096540037953, "Trinket": 0.4498158553666941}