{"Resources": 0.47611277254276085, "Equipment / Head": 2.2630718485756254, "Equipment / Legs": 0.1962262326384084, "Consumables": -0.5719671800585655, "Equipment / Body": -0.06927810378297884, "Books": -1.8171397973806767, "Equipment / Pouch": 0.6376285956440825, "Equipment / Main Hand": -0.1467990381432305, "Equipment / Off Hand": 4.382968881865739, "Tools / Alchemy": -5.009825993680244, "Equipment / Feet": -0.6654114266317254, "Tools / Milking": -3.2650029129909095, "Tools / Crafting": -0.03789341339285979, "Tools / Enhancing": 2.3223325294035986, "Equipment / Hands": -0.5526116635006522, "Tools / Cheesesmithing": 1.384099880866544, "Tools / Woodcutting": 4.050010866293302, "Tools / Tailoring": -2.3755136932907717, "Tools / Brewing": -5.541781116227936, "Tools / Foraging": 0.3994936335838655, "Tools / Cooking": -1.6768396207076568, "Loots": -1.6632016632016677, "Keys": 1.0118851732633165, "Jewelry": 0.07392253504604522, "Trinket": -0.250322997416023}