{"Resources": 0.38257407744592287, "Equipment / Head": 0.9949919240813986, "Consumables": 0.8688430990183041, "Equipment / Body": -2.7969701187793152, "Equipment / Legs": 1.460486777348214, "Books": 5.127243987051833, "Equipment / Pouch": -0.10110369503425068, "Equipment / Main Hand": -1.3960768292804449, "Equipment / Off Hand": -2.562040139278122, "Tools / Alchemy": 1.7064101400022142, "Equipment / Feet": -0.18952485150339637, "Tools / Milking": -0.02726792410252643, "Tools / Crafting": 6.083897527357842, "Tools / Enhancing": 4.723512959273783, "Equipment / Hands": -0.8873592184188717, "Tools / Cheesesmithing": 1.7425392288723236, "Tools / Woodcutting": 4.481237784071462, "Tools / Tailoring": 4.967382152743781, "Tools / Brewing": 9.862801192494542, "Tools / Foraging": 3.7691223443957753, "Tools / Cooking": 6.255068094698339, "Loots": 1.3065326633165877, "Keys": -0.1002822552005282, "Jewelry": 1.7589315647184833, "Trinket": 1.5907136715391261}