{"Resources": 0.6143420844537305, "Equipment / Head": 2.8449858160307993, "Consumables": 0.5394014999618586, "Equipment / Body": -2.02487894836251, "Equipment / Legs": 1.6410042345654696, "Books": -2.6711361786738914, "Equipment / Pouch": 2.683653105678846, "Equipment / Main Hand": 1.857409182364963, "Equipment / Off Hand": 1.4148025677440084, "Tools / Alchemy": -3.309141957183584, "Equipment / Feet": -0.7492199880836118, "Tools / Milking": -3.3415677698842035, "Tools / Crafting": -1.8725245848257517, "Tools / Enhancing": -4.400525342905123, "Equipment / Hands": 1.368744703586877, "Tools / Cheesesmithing": -3.772499327253309, "Tools / Woodcutting": -3.900284574015531, "Tools / Tailoring": 0.7659277065851917, "Tools / Brewing": -6.966422038537969, "Tools / Foraging": -3.2125471805090178, "Tools / Cooking": -3.5204451745852774, "Loots": 2.380952380952381, "Keys": 0.18967883790975482, "Jewelry": 0.8881698939605587, "Trinket": 0.3943908851884283}