{"Resources": 0.1743162553153865, "Equipment / Head": -0.7276807647501715, "Consumables": 0.3931072424055309, "Equipment / Legs": 0.5637563111084797, "Books": 3.471807056037931, "Equipment / Pouch": 1.0321804679823483, "Equipment / Main Hand": 0.50603454553301, "Equipment / Off Hand": -3.0699843727433604, "Tools / Alchemy": 0.5651584011873073, "Equipment / Feet": 0.3020206702956054, "Tools / Milking": 2.5137058012396807, "Tools / Crafting": -0.9912904735435824, "Tools / Enhancing": -9.189825400020009, "Equipment / Hands": 4.8974894297093705, "Tools / Cheesesmithing": 0.7762358593181207, "Tools / Woodcutting": -2.821983654222294, "Tools / Tailoring": -1.5886769441936017, "Equipment / Body": 1.3634592874909401, "Tools / Brewing": 0.8620660455510112, "Tools / Foraging": -0.05400294614621303, "Tools / Cooking": 1.8497537790557914, "Loots": 0.3039513677811526, "Keys": 0.4977808462127644, "Jewelry": -1.0650504597209618, "Trinket": -0.6304136725577809}