{"Resources": -0.5457285580262726, "Equipment / Head": -1.9284622752412774, "Consumables": 0.04848995977240474, "Equipment / Body": 0.12913100377331418, "Equipment / Legs": -1.9851519661361336, "Books": -1.0714876424323876, "Equipment / Pouch": 0.43311796649650675, "Equipment / Main Hand": -0.04547854397260922, "Equipment / Off Hand": 2.8988031230448117, "Tools / Alchemy": 2.750472661944427, "Equipment / Feet": -0.8111986941617829, "Tools / Milking": -2.4105683890345273, "Tools / Crafting": 0.8365117470790893, "Tools / Enhancing": -1.3970594417729145, "Equipment / Hands": 1.4226009150791168, "Tools / Cheesesmithing": -0.6551252096408234, "Tools / Woodcutting": 1.4690634965921252, "Tools / Tailoring": -0.437728863864168, "Tools / Brewing": -2.209199613400011, "Tools / Foraging": 3.47054698075333, "Tools / Cooking": -1.6180576635820145, "Loots": 1.1669658886894034, "Keys": -0.5915779489962603, "Jewelry": 0.20962484162725595, "Trinket": -0.41532976827094426}