{"Resources": -0.954348612025248, "Equipment / Head": -2.5738205801893277, "Consumables": -0.06572614185593936, "Equipment / Body": 0.8457794896058239, "Equipment / Legs": -0.1130263612659204, "Books": -1.9933789370103223, "Equipment / Pouch": -1.4833343951864726, "Equipment / Main Hand": -1.8246154377602664, "Equipment / Off Hand": 2.872994337505419, "Tools / Alchemy": -2.3963677119084568, "Equipment / Feet": 0.45866896211242036, "Tools / Milking": -0.7000050793016468, "Tools / Crafting": -2.3644545100367806, "Tools / Enhancing": -3.6051965551801883, "Equipment / Hands": -0.8908193966206421, "Tools / Cheesesmithing": -4.330778313385408, "Tools / Woodcutting": -2.4236116856093117, "Tools / Tailoring": -3.9456803631066513, "Tools / Brewing": -2.4809180866653096, "Tools / Foraging": -4.093798633007706, "Tools / Cooking": -4.059283946864435, "Loots": 0.8733624454148498, "Keys": -0.4829085923764848, "Jewelry": -1.0769251268335291, "Trinket": -3.2389444909836405}