{"Resources": -0.12590625312277487, "Equipment / Head": 1.2424170128970906, "Consumables": -0.23531879290724203, "Equipment / Legs": -0.7379356237470677, "Books": -0.1777854495698311, "Equipment / Pouch": -0.8298954772238293, "Equipment / Main Hand": -1.7754339442818667, "Equipment / Off Hand": 11.476221701279657, "Tools / Alchemy": -2.4012424320039414, "Equipment / Feet": -1.042827579833854, "Tools / Milking": -2.049018084969307, "Tools / Crafting": -2.0279500368556738, "Tools / Enhancing": -6.266093049786668, "Equipment / Hands": 0.03132351519002172, "Tools / Cheesesmithing": -0.7745055669883908, "Tools / Woodcutting": -2.2861288694349953, "Tools / Tailoring": -2.965398859324639, "Equipment / Body": 2.565974053164609, "Tools / Brewing": -9.256775041591245, "Tools / Foraging": -1.9447875291308077, "Tools / Cooking": -3.476867947592006, "Loots": 1.435897435897437, "Keys": -1.4900469181825742, "Jewelry": 2.218962283728192, "Trinket": 0.04184100418409613}