{"Resources": -0.23059781935167195, "Equipment / Head": -0.7943325339169036, "Consumables": -0.09964761849594335, "Equipment / Body": -0.37460539038798935, "Equipment / Legs": -0.17658226778992958, "Books": -1.2635713106340711, "Equipment / Pouch": -2.23721173999744, "Equipment / Main Hand": -0.8232122145544412, "Equipment / Off Hand": -2.3889485736362515, "Tools / Alchemy": 2.548525368791183, "Equipment / Feet": 0.4075986459017611, "Tools / Milking": -0.8155501752090317, "Tools / Crafting": 2.71297152906345, "Tools / Enhancing": -0.3930028892286963, "Equipment / Hands": 1.1098640626710594, "Tools / Cheesesmithing": 0.03209096765062358, "Tools / Woodcutting": 1.9533392788852357, "Tools / Tailoring": -1.8933287765041469, "Tools / Brewing": 1.8139966788889497, "Tools / Foraging": -1.6084818704346475, "Tools / Cooking": 1.5720465919401951, "Loots": 0.0, "Keys": -1.5865221048087101, "Jewelry": -0.4313577569677812, "Trinket": -0.648702594810377}