{"Resources": 0.3049945839358568, "Equipment / Head": 0.05089663797350378, "Consumables": -0.6166599348084332, "Equipment / Body": -0.6749305151889156, "Equipment / Legs": 0.8081212163566551, "Books": -1.4574697890624206, "Equipment / Pouch": 3.470626864370823, "Equipment / Main Hand": 12.380064335239835, "Equipment / Off Hand": -1.5800053219684633, "Tools / Alchemy": -3.3200062578763623, "Equipment / Feet": -1.5947421941514275, "Tools / Milking": -0.3833306030526772, "Tools / Crafting": 0.43345933141977244, "Tools / Enhancing": 0.281784045634563, "Equipment / Hands": -2.3900535903755156, "Tools / Cheesesmithing": -6.58423964965269, "Tools / Woodcutting": 0.0362728168910782, "Tools / Tailoring": -1.750400560607664, "Tools / Brewing": -6.8828437456122495, "Tools / Foraging": -2.095084754936083, "Tools / Cooking": 0.4427467017606676, "Loots": -2.380952380952381, "Keys": 0.30160502876830436, "Jewelry": -0.28563049617776415, "Trinket": -0.6134969325153402}