{"Resources": 0.7006103992934527, "Equipment / Head": -0.6906602985307968, "Consumables": 0.5152023887594357, "Equipment / Body": -3.0664764908940993, "Equipment / Legs": -0.0565328337208772, "Books": 0.9683183860646425, "Equipment / Pouch": 3.04121223324476, "Equipment / Main Hand": 0.14643150983994582, "Equipment / Off Hand": -2.6300868874103105, "Tools / Alchemy": 1.5346477037349995, "Equipment / Feet": 1.172704856994968, "Tools / Milking": 0.16314797418026286, "Tools / Crafting": -0.07361178293290431, "Tools / Enhancing": -0.2236533398548476, "Equipment / Hands": -2.0669959114172216, "Tools / Cheesesmithing": -3.7356594134876717, "Tools / Woodcutting": -2.2270043220214975, "Tools / Tailoring": 4.14058778809001, "Tools / Brewing": -2.3528060891953877, "Tools / Foraging": -1.259179349654899, "Tools / Cooking": 4.106418238822103, "Loots": 6.515580736543909, "Keys": 0.04669317947823361, "Jewelry": -1.1870923810821394, "Trinket": -4.240003164181469}