{"Resources": 0.22854297075852104, "Equipment / Head": 7.087515755349152, "Consumables": -1.6896769537552252, "Equipment / Body": -1.2210022504313933, "Equipment / Legs": 4.062293919934021, "Books": 23.44877053153937, "Equipment / Pouch": 0.02040819634089992, "Equipment / Main Hand": 4.592200066246366, "Equipment / Off Hand": 0.8567387492014291, "Tools / Alchemy": -9.625413080615377, "Equipment / Feet": -0.06597289157500726, "Tools / Milking": 0.8008598693669832, "Tools / Crafting": 3.375496364969499, "Tools / Enhancing": -4.1834575012674, "Equipment / Hands": 3.3634056270406916, "Tools / Cheesesmithing": -6.542445442519808, "Tools / Woodcutting": 1.2582500242109615, "Tools / Tailoring": 6.3415361928599, "Tools / Brewing": 9.544912311234082, "Tools / Foraging": 9.214387726426347, "Tools / Cooking": 4.345292735908096, "Loots": -3.1847133757961785, "Keys": 3.16758183113787, "Jewelry": -1.4619485120068643, "Trinket": -7.210554418439083}