{"Resources": 0.040682392910566016, "Equipment / Head": -0.721255415674716, "Consumables": -0.13226477465221984, "Equipment / Body": -0.0257796222043603, "Equipment / Legs": 0.6064359982355539, "Books": 0.6925441261333388, "Equipment / Pouch": 1.6388366626998931, "Equipment / Main Hand": 0.4115821043148052, "Equipment / Off Hand": 1.616773307612938, "Tools / Alchemy": 0.3190377523470528, "Equipment / Feet": -0.21816633012667616, "Tools / Milking": 0.5494104205493897, "Tools / Crafting": 2.2976222074396904, "Tools / Enhancing": -2.4849544097445295, "Equipment / Hands": 1.1322413999600769, "Tools / Cheesesmithing": 2.3286806635463693, "Tools / Woodcutting": 1.3473442871543575, "Tools / Tailoring": -0.7550281404728845, "Tools / Brewing": 0.24614827764350244, "Tools / Foraging": 0.2000357712381327, "Tools / Cooking": -0.5119095602183528, "Loots": 1.1764705882352942, "Keys": -0.7513168471451628, "Jewelry": 0.16856637882634962, "Trinket": 2.0}