{"Resources": -0.32072673175963773, "Equipment / Head": 0.19090755938969836, "Consumables": -0.04428636635409751, "Equipment / Body": -0.0942800239760279, "Equipment / Legs": 0.06588827858656429, "Books": -0.8306351757271933, "Equipment / Pouch": -0.8268951464718649, "Equipment / Main Hand": -1.0098089869621494, "Equipment / Off Hand": 0.06154489352690698, "Tools / Alchemy": 3.2575499276092565, "Equipment / Feet": 1.816217262438481, "Tools / Milking": 0.49673121823083444, "Tools / Crafting": -0.3459248784840983, "Tools / Enhancing": -1.181734483107062, "Equipment / Hands": 6.51997140185823, "Tools / Cheesesmithing": -1.0665706192666926, "Tools / Woodcutting": 0.28139135366552165, "Tools / Tailoring": -0.7804017365060959, "Tools / Brewing": 2.4611565661341506, "Tools / Foraging": -1.2302687270632109, "Tools / Cooking": 1.2253628654779662, "Loots": 0.08873114463176988, "Keys": -2.1145861416358884, "Jewelry": -0.7774163280107778, "Trinket": -1.7703349282296685}