{"Resources": -0.4403466372402084, "Equipment / Head": 0.3922411069605756, "Consumables": -0.1603944293041922, "Equipment / Body": 1.1905206339836576, "Equipment / Legs": -0.36636477918616633, "Books": 0.014106033830256777, "Equipment / Pouch": 1.5446030082904327, "Equipment / Main Hand": -1.1035492253372643, "Equipment / Off Hand": -3.1956292341384636, "Tools / Alchemy": -2.120562118535609, "Equipment / Feet": 0.3942068400926644, "Tools / Milking": -0.0895683101083953, "Tools / Crafting": -1.863151707303676, "Tools / Enhancing": 0.1587368901252766, "Equipment / Hands": 1.4231123319250083, "Tools / Cheesesmithing": -5.531439155130491, "Tools / Woodcutting": -0.5148175005065739, "Tools / Tailoring": 0.055644225825644815, "Tools / Brewing": -5.158004317815249, "Tools / Foraging": -2.694612295907482, "Tools / Cooking": 0.850263950965702, "Loots": 0.1455604075691412, "Keys": 0.12011715262303199, "Jewelry": 0.606709577794615, "Trinket": -2.4414970009292896}