{"Resources": -0.6864174772650061, "Equipment / Head": -2.406134505975073, "Consumables": 0.1565863081367338, "Equipment / Body": -0.46050526182766105, "Equipment / Legs": 1.8551000178851733, "Books": -1.6186726044052524, "Equipment / Pouch": -0.39640838604365475, "Equipment / Main Hand": 0.14013614612524838, "Equipment / Off Hand": -0.38168587877759935, "Tools / Alchemy": -0.7385654355230697, "Equipment / Feet": -0.650989330978216, "Tools / Milking": 3.3415509274615807, "Tools / Crafting": 0.5539739741740107, "Tools / Enhancing": -0.5208899838276314, "Equipment / Hands": -0.2525664053969473, "Tools / Cheesesmithing": 1.463627062572171, "Tools / Woodcutting": -3.3299661307908086, "Tools / Tailoring": -1.1471221743333593, "Tools / Brewing": 0.4462486800430176, "Tools / Foraging": -0.11010898030281854, "Tools / Cooking": -4.527144419313868, "Loots": 1.4084507042253522, "Keys": -0.4597101293202015, "Jewelry": -0.04824092916562073, "Trinket": -2.941176470588235}