{"Resources": -0.45072403692616353, "Equipment / Head": 0.722668802430384, "Consumables": 0.2012134581527352, "Equipment / Body": -0.3163690854594507, "Equipment / Legs": 1.4197926925302884, "Books": -1.1222702593710876, "Equipment / Pouch": 3.028409242886017, "Equipment / Main Hand": -0.2920451863665682, "Equipment / Off Hand": 27.81859366521819, "Tools / Alchemy": 2.1319211644016254, "Equipment / Feet": 0.03392991947130653, "Tools / Milking": -0.46667763287069297, "Tools / Crafting": 1.6902692187107016, "Tools / Enhancing": -7.573798400592521, "Equipment / Hands": 1.2084324465339116, "Tools / Cheesesmithing": -0.36536904527103414, "Tools / Woodcutting": 3.5556578397254555, "Tools / Tailoring": -3.3001392509641927, "Tools / Brewing": -0.5768787517075691, "Tools / Foraging": 1.2678339911169911, "Tools / Cooking": 2.3843019923035698, "Loots": -0.441696113074207, "Keys": 0.3727865047594705, "Jewelry": -0.27738161460773, "Trinket": 2.8652445429912703}