{"Resources": 0.028805078139835325, "Equipment / Head": -0.6524702980080839, "Consumables": -1.1913959664162959, "Equipment / Legs": -0.9246370319820021, "Books": -1.9910895289294621, "Equipment / Pouch": -1.5786790136455335, "Equipment / Main Hand": 0.6297317777290279, "Equipment / Off Hand": -0.830110718455608, "Tools / Alchemy": -1.5384196047924827, "Equipment / Feet": -0.27631943530746034, "Tools / Milking": 3.654492619691376, "Tools / Crafting": 2.167784842034789, "Tools / Enhancing": 1.5808311070809626, "Equipment / Hands": -2.138068846252264, "Tools / Cheesesmithing": 0.31936083858448, "Tools / Woodcutting": 0.29658084830135073, "Tools / Tailoring": -3.0648487314858763, "Equipment / Body": -0.6662515327027493, "Tools / Brewing": 2.161834027365913, "Tools / Foraging": -2.246330624311275, "Tools / Cooking": -4.952092454370506, "Loots": -3.4179687500000027, "Keys": -1.3435798500412595, "Jewelry": 1.0228140951996159, "Trinket": 1.6621779621087425}