{"Resources": 0.11546570476237857, "Equipment / Head": -0.8139717379223588, "Consumables": 0.8695605336676231, "Equipment / Legs": -0.8057822863129059, "Books": -0.45371112994507123, "Equipment / Pouch": 1.3749728567166337, "Equipment / Main Hand": -2.1606184528801897, "Equipment / Off Hand": 1.0977953207605191, "Tools / Alchemy": -1.3688724161273786, "Equipment / Feet": -2.1816515972893282, "Tools / Milking": 0.3791507715920083, "Tools / Crafting": 2.265539627051253, "Tools / Enhancing": -5.751236221371405, "Equipment / Hands": 0.9369041605561855, "Tools / Cheesesmithing": 3.9083340071990165, "Tools / Woodcutting": 1.0974152237544423, "Tools / Tailoring": -3.246074821875483, "Equipment / Body": -0.20588174898768852, "Tools / Brewing": -1.2145400239051811, "Tools / Foraging": -2.8582729331573873, "Tools / Cooking": -1.5489626150287275, "Loots": 1.0280373831775673, "Keys": 0.18538901682633094, "Jewelry": 0.5532024341681094, "Trinket": 1.2018552127445066}