{"Resources": -0.20966078880817915, "Consumables": -1.8548358983369306, "Equipment / Body": -2.408033066780874, "Equipment / Legs": -2.1522831787152135, "Books": -0.8097271103867673, "Equipment / Pouch": -0.051191309749025325, "Equipment / Main Hand": -0.5096826525164404, "Equipment / Off Hand": -3.4935188491645475, "Tools / Alchemy": 0.05998800863217446, "Equipment / Feet": -2.611198194867203, "Tools / Milking": 1.935208694945395, "Tools / Crafting": -0.2797408565730332, "Tools / Enhancing": 1.0015152544740247, "Equipment / Hands": -7.724851714047627, "Tools / Cheesesmithing": 0.5820144447857666, "Tools / Woodcutting": 3.627305185437035, "Equipment / Head": -3.2635558427719555, "Tools / Tailoring": 4.331900445514825, "Tools / Brewing": -2.7443138372793365, "Tools / Foraging": -3.3000587388068796, "Tools / Cooking": 2.2984621385067827, "Loots": -0.906344410876133, "Keys": -1.4710840420441917, "Jewelry": 6.847629180921852, "Trinket": -0.15863314539997989}