{"Resources": -0.4217146839624678, "Equipment / Head": -1.2718938879884334, "Consumables": -1.204002442901372, "Equipment / Body": 0.7608586844436978, "Equipment / Legs": -0.7872502800984497, "Books": -0.5773591541532647, "Equipment / Pouch": 3.594420179053251, "Equipment / Main Hand": -2.1546708922220685, "Equipment / Off Hand": -4.082912744799733, "Tools / Alchemy": 0.8111155931491248, "Equipment / Feet": -1.1459709874058304, "Tools / Milking": -2.7294673698201906, "Tools / Crafting": -1.6351114213804585, "Tools / Enhancing": 0.08418379296988521, "Equipment / Hands": 1.9309697435874273, "Tools / Cheesesmithing": -2.951123079294746, "Tools / Woodcutting": 3.7590528580757607, "Tools / Tailoring": 0.6195511299791986, "Tools / Brewing": 1.478970410686579, "Tools / Foraging": -0.6333000053101403, "Tools / Cooking": 0.7696578332164525, "Loots": -0.18467220683287003, "Keys": -1.8365880841994384, "Jewelry": 0.028925895281392732, "Trinket": -1.3595166163142003}