{"Resources": -1.267018677852178, "Equipment / Head": -5.464066015656397, "Consumables": -0.9947742927735768, "Equipment / Body": -3.8719014995890246, "Equipment / Legs": -7.871968877057206, "Books": -1.0255229360314302, "Equipment / Pouch": 6.1839669331839, "Equipment / Main Hand": 0.5739237961004906, "Equipment / Off Hand": -2.8106580337287452, "Tools / Alchemy": 6.819010293335736, "Equipment / Feet": -6.013425460879435, "Tools / Milking": -6.2178340389328275, "Tools / Crafting": 0.007796303989946907, "Tools / Enhancing": 1.5620522301366206, "Equipment / Hands": -3.8862673946953987, "Tools / Cheesesmithing": 5.328408216761667, "Tools / Woodcutting": 1.3882411249068727, "Tools / Tailoring": -6.035434795042211, "Tools / Brewing": 0.5752263151970425, "Tools / Foraging": -0.6053923250741146, "Tools / Cooking": -2.492617216966794, "Loots": -0.8474576271186393, "Keys": -0.4033874331823113, "Jewelry": -4.835297469239351, "Trinket": 5.522243130112303}