{"Resources": -0.23021378491280808, "Equipment / Head": -0.36164155000894627, "Consumables": 1.0943267914159385, "Equipment / Body": -0.17440318726429013, "Equipment / Legs": 0.7748599404504781, "Books": 0.48906252852533083, "Equipment / Pouch": -0.27165417547635445, "Equipment / Main Hand": -1.0844185433393188, "Equipment / Off Hand": 1.3807984630056427, "Tools / Alchemy": -1.261154401964788, "Equipment / Feet": -0.8876256215717143, "Tools / Milking": 3.695785238001053, "Tools / Crafting": -1.3894128322018573, "Tools / Enhancing": 0.11427546392144275, "Equipment / Hands": -0.9120136250598861, "Tools / Cheesesmithing": -2.766186887637048, "Tools / Woodcutting": 0.9072244463031696, "Tools / Tailoring": 2.5718342408550834, "Tools / Brewing": 1.4006491038354194, "Tools / Foraging": 1.7051445582978402, "Tools / Cooking": -2.016336740032881, "Loots": -2.9619181946403383, "Keys": 0.6415499651512646, "Jewelry": 0.8745530133513074, "Trinket": -1.379164542164629}