{"Resources": 0.08434569751797565, "Equipment / Head": -2.5381401741700054, "Consumables": 0.6001503410539172, "Equipment / Body": -0.6745651019042804, "Equipment / Legs": 1.1012410882618657, "Books": -1.2245366569021188, "Equipment / Pouch": -2.2986963676089225, "Equipment / Main Hand": 0.21456133039054484, "Equipment / Off Hand": -2.981263744209678, "Tools / Alchemy": 1.9528996991743293, "Equipment / Feet": 0.5620395944313955, "Tools / Milking": 3.8560001404928803, "Tools / Crafting": -0.5675427599272199, "Tools / Enhancing": -2.123603358069798, "Equipment / Hands": 0.6308167885454173, "Tools / Cheesesmithing": 3.69312008495852, "Tools / Woodcutting": -0.9529933662545148, "Tools / Tailoring": 1.3200199937853145, "Tools / Brewing": 0.38944141267989607, "Tools / Foraging": -2.4202326707937494, "Tools / Cooking": 0.3545804699695842, "Loots": 1.4084507042253522, "Keys": -1.8441092206263383, "Jewelry": -0.17999108517211168, "Trinket": -2.6833362024444822}