{"Resources": -0.015689258613459763, "Equipment / Head": 1.5421746028248595, "Consumables": -0.7888524547710437, "Equipment / Legs": -1.0655959501920427, "Books": -1.1096511596358125, "Equipment / Pouch": -3.2707306238390204, "Equipment / Main Hand": -0.5293782653303417, "Equipment / Off Hand": -2.0948022996318305, "Tools / Alchemy": -1.4914657309805404, "Equipment / Feet": -1.887409658083115, "Tools / Milking": -1.1894925110592505, "Tools / Crafting": -2.1148617442353994, "Tools / Enhancing": -2.426977281556389, "Equipment / Hands": -1.7788440145451068, "Tools / Cheesesmithing": -1.36663985074526, "Tools / Woodcutting": -0.6721855428226685, "Tools / Tailoring": -3.196840557254024, "Equipment / Body": 0.14112911153041505, "Tools / Brewing": 0.8047053632121266, "Tools / Foraging": -2.0956772511004766, "Tools / Cooking": -2.3719941529075115, "Loots": -0.6172839506172845, "Keys": 0.9787490342170148, "Jewelry": 0.7155443437297865, "Trinket": 2.966177808423973}