{"Resources": -0.5026654098470981, "Equipment / Head": -0.4368637943265184, "Consumables": 0.021831239554721615, "Equipment / Legs": -1.4162396237855093, "Books": 1.0260040628477327, "Equipment / Pouch": -2.3539856390698315, "Equipment / Main Hand": -0.09055559962559896, "Equipment / Off Hand": -1.4844825428421025, "Tools / Alchemy": -0.4942892766526831, "Equipment / Feet": -2.5536457603765705, "Tools / Milking": 1.2465524277769153, "Tools / Crafting": 0.7659092218101, "Tools / Enhancing": 0.6315674798393015, "Equipment / Hands": 1.4307299676864724, "Tools / Cheesesmithing": 2.156873101788045, "Tools / Woodcutting": -0.17401295246136278, "Tools / Tailoring": 0.3948011264542476, "Equipment / Body": -1.532417248455567, "Tools / Brewing": -1.4369300178064996, "Tools / Foraging": 4.620070600398101, "Tools / Cooking": 19.992235564327846, "Loots": 1.530153015301526, "Keys": 0.1256940826044548, "Jewelry": -0.9163159673044502, "Trinket": 1.1370222841569078}