{"Resources": -45.15350843068151, "Equipment / Head": 0.27141203910503847, "Consumables": -27.731783437698923, "Equipment / Body": 6.8449973878094825, "Equipment / Legs": 5.914757249744826, "Books": -20.779992859031726, "Equipment / Pouch": 1.9591435506204629, "Equipment / Main Hand": 3.9607328509105733, "Equipment / Off Hand": -6.183424286470278, "Tools / Alchemy": -19.993446516969776, "Equipment / Feet": -10.165057204663736, "Tools / Milking": -4.936090439814786, "Tools / Crafting": 3.3409523075865555, "Tools / Enhancing": -10.113818525529366, "Equipment / Hands": 2.3457221130293493, "Tools / Cheesesmithing": 2.715857947718755, "Tools / Woodcutting": 7.9362036088940515, "Tools / Tailoring": -8.440429061412107, "Tools / Brewing": -0.3464062875507106, "Tools / Foraging": 0.85800441085134, "Tools / Cooking": -2.826978444354741, "Loots": -91.95359281437125, "Keys": -24.97285950160701, "Jewelry": 19.3686709884041, "Trinket": -11.46948975668699}