{"Resources": 0.1500075256235864, "Equipment / Head": 1.3718626153643414, "Consumables": -0.6671884944336304, "Equipment / Legs": 0.14317698564088976, "Books": -0.11914041733910544, "Equipment / Pouch": 0.4351103748670372, "Equipment / Main Hand": -0.06190335370326274, "Equipment / Off Hand": -1.2545694611579659, "Tools / Alchemy": -3.0234446312223144, "Equipment / Feet": 0.34453337215338314, "Tools / Milking": -2.4711074317706014, "Tools / Crafting": -0.2714045405523175, "Tools / Enhancing": -1.6357838364031436, "Equipment / Hands": 1.787816477735301, "Tools / Cheesesmithing": -1.5885748839325355, "Tools / Woodcutting": -2.702166667309115, "Tools / Tailoring": 0.242013240210549, "Equipment / Body": -0.29573861150180236, "Tools / Brewing": 1.521085116348568, "Tools / Foraging": -0.11171709841143983, "Tools / Cooking": 1.1353793798077767, "Loots": 0.0, "Keys": -1.1501213546632438, "Jewelry": 0.27325057663379027, "Trinket": 0.0}