{"Resources": -0.9575088380222395, "Equipment / Head": -1.2312419081137553, "Consumables": -1.3584524883791764, "Equipment / Legs": 2.438379180609602, "Books": 0.7790435303468826, "Equipment / Pouch": 3.587505100275422, "Equipment / Main Hand": -1.9369011261481222, "Equipment / Off Hand": -0.06362117907258844, "Tools / Alchemy": -1.8184103790522106, "Equipment / Feet": -2.7174091727528236, "Tools / Milking": -3.2056159355524185, "Tools / Crafting": -3.0664320924626023, "Tools / Enhancing": -0.8144290481804075, "Equipment / Hands": -1.160065009246373, "Tools / Cheesesmithing": -1.039574110118226, "Tools / Woodcutting": 2.022362193536982, "Tools / Tailoring": -2.5631046432966644, "Equipment / Body": -1.3956895672322664, "Tools / Brewing": -4.053626791738822, "Tools / Foraging": -6.675591336680017, "Tools / Cooking": -2.276469871543381, "Loots": 1.4972419227738405, "Keys": -4.891708425527859, "Jewelry": 1.6106383633962653, "Trinket": -1.3315750616852247}