{"Resources": -0.522070437747979, "Equipment / Head": -2.767574665217723, "Consumables": 0.49200826754969, "Equipment / Legs": -1.4880400644561502, "Books": -1.5989958340772514, "Equipment / Pouch": 0.9392068028597294, "Equipment / Main Hand": -2.7738038590163288, "Equipment / Off Hand": -4.797291717128803, "Tools / Alchemy": 1.8369374938914635, "Equipment / Feet": -6.259700392210152, "Tools / Milking": 0.7263005732119976, "Tools / Crafting": -3.5123907905546212, "Tools / Enhancing": -5.793326092676055, "Equipment / Hands": -4.187059728890995, "Tools / Cheesesmithing": -0.5465521443264724, "Tools / Woodcutting": -0.1587201009988798, "Tools / Tailoring": 0.4291972978193004, "Equipment / Body": 0.4959872773854201, "Tools / Brewing": -4.189584718117395, "Tools / Foraging": -1.1881471015246865, "Tools / Cooking": 2.124560462109771, "Loots": -0.303951367781155, "Keys": -1.407097972588673, "Jewelry": 2.060652532510484, "Trinket": -2.0655187758874494}