{"Resources": 0.4246840054927933, "Equipment / Head": -0.25123626145401873, "Consumables": -0.8305711889734723, "Equipment / Legs": 0.9456427311011893, "Books": -0.677615096657134, "Equipment / Pouch": 1.3945619935411273, "Equipment / Main Hand": -0.3455519526877544, "Equipment / Off Hand": 8.018328926669993, "Tools / Alchemy": 2.2210077725832846, "Equipment / Feet": -0.9288662548586432, "Tools / Milking": -0.0710785475257828, "Tools / Crafting": -0.733468463806833, "Tools / Enhancing": -8.234328967505565, "Equipment / Hands": -0.13201032646730235, "Tools / Cheesesmithing": -2.548917413652535, "Tools / Woodcutting": 1.8055145188115709, "Tools / Tailoring": -0.052316840841547245, "Equipment / Body": 0.4619348273687955, "Tools / Brewing": 1.8485728097385317, "Tools / Foraging": 3.4622836489437794, "Tools / Cooking": 0.04045782867907929, "Loots": -0.7021063189568694, "Keys": 0.28183329027135784, "Jewelry": 0.40530130033800726, "Trinket": 0.3267973856209125}