{"Resources": 0.5971943875211545, "Equipment / Head": 0.05594663519758843, "Consumables": 0.31490527609163527, "Books": -0.23926645351661352, "Equipment / Pouch": -1.686447187710575, "Equipment / Main Hand": 2.099882357672516, "Equipment / Off Hand": 1.6256744220834198, "Tools / Alchemy": -0.16313477284221162, "Equipment / Feet": 2.677596860470048, "Tools / Milking": 0.6307154646603041, "Tools / Crafting": -1.7040635115298841, "Tools / Enhancing": -0.7542663909189419, "Equipment / Hands": 0.7427474374797387, "Tools / Cheesesmithing": -2.8699660247979737, "Tools / Woodcutting": 3.3564113866563194, "Tools / Tailoring": -2.1052552042213675, "Equipment / Body": -0.33150855816235625, "Equipment / Legs": -1.6355945476437874, "Tools / Brewing": -1.7721304135280738, "Tools / Foraging": 1.312168404424497, "Tools / Cooking": 2.871525767000854, "Loots": -2.9585798816568047, "Keys": 0.7494157612163828, "Jewelry": 2.6366319467213044, "Trinket": 0.16403502560834066}