{"Resources": -0.9113576703432362, "Equipment / Head": 0.017468206934200908, "Consumables": 1.0128392587816315, "Equipment / Legs": -2.317868125736376, "Books": -2.0469767746113687, "Equipment / Pouch": -1.589687626504802, "Equipment / Main Hand": 1.1427660632224044, "Equipment / Off Hand": 0.9177572256545502, "Tools / Alchemy": -2.3214607310122815, "Equipment / Feet": -1.4730241855825041, "Tools / Milking": -1.283099346949478, "Tools / Crafting": -1.597358347630553, "Tools / Enhancing": -2.992876902910199, "Equipment / Hands": -5.164374272655236, "Tools / Cheesesmithing": -0.3427858032186452, "Tools / Woodcutting": 1.7924362840388517, "Tools / Tailoring": 3.6018453436160565, "Equipment / Body": -1.1445421061957748, "Tools / Brewing": 1.066194579677375, "Tools / Foraging": 4.759387796322409, "Tools / Cooking": -0.3356178408643436, "Loots": -4.000000000000007, "Keys": 0.0535964684668377, "Jewelry": -1.0883134869709723, "Trinket": -2.9323607659187187}