{"Resources": 0.20524314862884616, "Equipment / Head": 1.5345825479656465, "Consumables": -0.3861094495160206, "Equipment / Legs": -0.20318282803535473, "Books": -0.17569707545113894, "Equipment / Pouch": 0.046597929298999294, "Equipment / Main Hand": 0.11964211059793749, "Equipment / Off Hand": 0.0641689570554908, "Tools / Alchemy": -0.9967998720663876, "Equipment / Feet": 0.08317684713119221, "Tools / Milking": -2.57985726002023, "Tools / Crafting": -0.45809611752021606, "Tools / Enhancing": -1.1914382074889331, "Equipment / Hands": 1.3804617736466276, "Tools / Cheesesmithing": -2.1076265660480185, "Tools / Woodcutting": -1.0916236295375488, "Tools / Tailoring": 0.17236420674482092, "Equipment / Body": -0.3570783425168832, "Tools / Brewing": 1.5673705741539299, "Tools / Foraging": -0.13098036523023643, "Tools / Cooking": 0.49534955174360257, "Loots": 0.0, "Keys": -0.5845461117974099, "Jewelry": 0.054017029128137224, "Trinket": 0.0}