{"Resources": 1.4881396591483624, "Equipment / Head": 4.773807177839676, "Consumables": 2.1495246991685866, "Books": -1.1947945692840014, "Equipment / Pouch": 0.442703815185143, "Equipment / Main Hand": 1.3666450295641848, "Equipment / Off Hand": -0.7615589552742936, "Tools / Alchemy": 0.7313649324487246, "Equipment / Feet": 10.233063427181559, "Tools / Milking": 2.7702897801761046, "Tools / Crafting": 1.9187526267950392, "Tools / Enhancing": 2.0336913140399764, "Equipment / Hands": 0.6331388839929554, "Tools / Cheesesmithing": -0.6119859750678971, "Tools / Woodcutting": 2.369510868708117, "Tools / Tailoring": 1.7501703659838308, "Equipment / Body": 0.7502507575413463, "Equipment / Legs": 1.367222972321946, "Tools / Brewing": -1.7006877773537863, "Tools / Foraging": -11.249721279051643, "Tools / Cooking": -1.2741868023764193, "Loots": 0.0, "Keys": 1.9423043091120913, "Jewelry": -0.03565878205051942, "Trinket": 1.1556329849012767}