{"Resources": -0.04934937380052291, "Equipment / Head": -2.973010945994652, "Consumables": 0.685815548740229, "Books": -1.3160883951369389, "Equipment / Pouch": 0.30071874436431206, "Equipment / Main Hand": -0.44416082217221703, "Equipment / Off Hand": -1.6705760783082717, "Tools / Alchemy": -1.6370108902655147, "Equipment / Feet": 0.9663363841106611, "Tools / Milking": -2.7633220324337704, "Tools / Crafting": -2.3145658100778896, "Tools / Enhancing": 0.05118030932758761, "Equipment / Hands": 3.482340446981531, "Tools / Cheesesmithing": -0.2943389636431655, "Tools / Woodcutting": -0.624397521292616, "Tools / Tailoring": -2.741972964237442, "Equipment / Body": 0.7082922960101968, "Equipment / Legs": -2.0662788567965644, "Tools / Brewing": -1.174901628454622, "Tools / Foraging": -3.0094258701213077, "Tools / Cooking": 0.20378105521795156, "Loots": -4.294478527607362, "Keys": 0.6060344122334861, "Jewelry": -1.0579455393677561, "Trinket": -0.7867807104668173}