{"Resources": 0.19572827543574756, "Equipment / Head": 0.8550606965674049, "Equipment / Legs": 0.3313051308424311, "Equipment / Body": -2.0613066103964646, "Consumables": -0.7794231688185667, "Books": -2.666551926667614, "Equipment / Pouch": -5.657319737280051, "Equipment / Main Hand": -1.0381625762053355, "Equipment / Off Hand": -0.32290865638964245, "Tools / Alchemy": -3.3463266185333786, "Equipment / Feet": -3.0028439296922826, "Tools / Milking": -2.622392624382979, "Tools / Crafting": -5.838780829860997, "Tools / Enhancing": -1.4944234535105918, "Equipment / Hands": -6.052137729187092, "Tools / Cheesesmithing": -3.281750711626479, "Tools / Woodcutting": -1.8473948525439434, "Tools / Tailoring": -1.9533776202595976, "Tools / Brewing": -0.8557685162215314, "Tools / Foraging": -3.8928133328627004, "Tools / Cooking": -0.447082096217543, "Loots": -5.110896817743487, "Keys": -0.14800822553397935, "Jewelry": -2.1480524718155216, "Trinket": -1.7802865827181886}