{"Resources": -0.22788985416615715, "Equipment / Head": -0.8380379653901674, "Equipment / Body": 1.1071065955925032, "Consumables": 0.9508307664773973, "Equipment / Legs": -1.6017055661363084, "Books": -2.9735566033970833, "Equipment / Pouch": 0.6351767939381294, "Equipment / Main Hand": 3.6170317765912516, "Equipment / Off Hand": 1.189260474169116, "Tools / Alchemy": 0.8749208189928374, "Equipment / Feet": -1.8547181404332322, "Tools / Milking": 1.4797005344995462, "Tools / Crafting": 3.269294618388497, "Tools / Enhancing": 8.788185843447893, "Equipment / Hands": -0.5492767307943973, "Tools / Cheesesmithing": 0.9931839863555175, "Tools / Woodcutting": 4.001803048711077, "Tools / Tailoring": 5.245867637685055, "Tools / Brewing": -1.6297350649184363, "Tools / Foraging": 2.2754150718579393, "Tools / Cooking": 1.6602015832504993, "Loots": 2.0771513353115725, "Keys": 0.25697577768875385, "Jewelry": 1.7378619892034923, "Trinket": 1.4003294892916012}