{"Resources": -0.022285273282258877, "Equipment / Head": -1.235228821017597, "Consumables": 0.8774478255250058, "Equipment / Body": -2.590346935061595, "Books": -1.9491564901512937, "Equipment / Pouch": -3.0181790941117335, "Equipment / Main Hand": -0.06546371330037865, "Equipment / Off Hand": 1.8374592343319345, "Tools / Alchemy": -0.7504603698451316, "Equipment / Feet": 0.1010444169105205, "Tools / Milking": -1.0867599940722237, "Tools / Crafting": 0.510417307533593, "Tools / Enhancing": 1.226996245179844, "Equipment / Hands": -4.906852068000807, "Tools / Cheesesmithing": -1.1588722340040847, "Tools / Woodcutting": -0.45236343898163056, "Tools / Tailoring": 5.687218848052518, "Equipment / Legs": 0.4675505438498769, "Tools / Brewing": 0.31291698330486906, "Tools / Foraging": 0.47085668266896985, "Tools / Cooking": -2.599270936573811, "Loots": 0.3058103975535168, "Keys": 1.4799170081819037, "Jewelry": -0.7521886203133444, "Trinket": -0.5154639175257754}