{"Resources": -0.31528847748933353, "Equipment / Head": -3.423088214555094, "Equipment / Body": -0.184299872977399, "Consumables": 1.0337084916577932, "Equipment / Legs": -2.4207638487633325, "Books": -0.5592850497190923, "Equipment / Pouch": 1.8381697089106366, "Equipment / Main Hand": 0.16272671540089978, "Equipment / Off Hand": 1.57343425832865, "Tools / Alchemy": 6.393216478699568, "Equipment / Feet": 3.0767335500557778, "Tools / Milking": 1.2062454475469462, "Tools / Crafting": -0.7276588488097542, "Tools / Enhancing": 1.2204053429538588, "Equipment / Hands": -6.214225049688281, "Tools / Cheesesmithing": -3.7877802158047613, "Tools / Woodcutting": 3.2515430735693487, "Tools / Tailoring": -4.745095574453716, "Tools / Brewing": 2.0361563227946733, "Tools / Foraging": 0.6710335503642288, "Tools / Cooking": 1.1627470005685467, "Loots": 5.39714867617108, "Keys": 0.4364690721991424, "Jewelry": -1.6054885116822994, "Trinket": -4.352107263919196}