{"Resources": -1.2229243168167616, "Equipment / Head": -5.591426285871912, "Consumables": -1.0152925609481607, "Equipment / Body": -3.916581745316526, "Equipment / Legs": -7.7475517087925025, "Books": -0.9540414691936734, "Equipment / Pouch": 6.2211670166793995, "Equipment / Main Hand": 0.5688771308032067, "Equipment / Off Hand": -2.759370910799537, "Tools / Alchemy": 6.728952838013487, "Equipment / Feet": -6.031754289888372, "Tools / Milking": -6.102635841454502, "Tools / Crafting": 0.004026404890671996, "Tools / Enhancing": 1.3513112642423408, "Equipment / Hands": -3.8640669123586138, "Tools / Cheesesmithing": 6.018284935667749, "Tools / Woodcutting": 1.2696820016436294, "Tools / Tailoring": -6.127414767263319, "Tools / Brewing": 0.38916118772094205, "Tools / Foraging": -0.3774707414746983, "Tools / Cooking": -2.6286568524926457, "Loots": -0.8839779005524931, "Keys": -0.2948119260971381, "Jewelry": -4.810851452326628, "Trinket": 6.0845216928529124}