{"Resources": 0.2087309190816708, "Equipment / Head": -1.2623759362590128, "Consumables": -0.07888213545207201, "Equipment / Legs": -0.42148162132697203, "Books": -1.618689990616023, "Equipment / Pouch": -2.9557663868932225, "Equipment / Main Hand": 6.192254628413648, "Equipment / Off Hand": 3.2444595769510265, "Tools / Alchemy": 0.8888552400351346, "Equipment / Feet": 0.4498381034043477, "Tools / Milking": -0.08198119408928284, "Tools / Crafting": 0.7902095167250394, "Tools / Enhancing": 2.208102571216064, "Equipment / Hands": -0.5247339890572242, "Tools / Cheesesmithing": 0.8170431747732292, "Tools / Woodcutting": -1.429730662723097, "Tools / Tailoring": 2.2425349511381363, "Equipment / Body": 2.1328949143711187, "Tools / Brewing": 1.818020980858915, "Tools / Foraging": 2.8075423138396967, "Tools / Cooking": 7.179946181559865, "Loots": 1.3752455795677754, "Keys": -0.21418807777836643, "Jewelry": -0.5066363944818383, "Trinket": 0.4038772213247203}