{"Resources": -0.506907908154762, "Equipment / Head": 0.7856866154584481, "Consumables": -0.007143377945109031, "Equipment / Legs": -1.5540610029766273, "Books": 0.4218431498698635, "Equipment / Pouch": -4.3887983793124805, "Equipment / Main Hand": -1.6460850010017036, "Equipment / Off Hand": -0.7654094418510672, "Tools / Alchemy": -0.37677823258110926, "Equipment / Feet": -1.8501133703845525, "Tools / Milking": -0.2030801969683916, "Tools / Crafting": 2.609424339459487, "Tools / Enhancing": 3.338945518608606, "Equipment / Hands": -5.720125995426563, "Tools / Cheesesmithing": -0.47906569707770635, "Tools / Woodcutting": 0.6102092362402193, "Tools / Tailoring": 2.4179620402653677, "Equipment / Body": 0.6108760487735536, "Tools / Brewing": -1.6080041078107317, "Tools / Foraging": 1.4296995171103346, "Tools / Cooking": -0.024014310780019907, "Loots": -2.131603336422609, "Keys": 0.8519816622827321, "Jewelry": -1.8356395718481373, "Trinket": -1.0202353682469476}