{"Resources": -0.22291310642625328, "Equipment / Head": -0.6880942838145258, "Consumables": 0.1586918807730864, "Equipment / Legs": -0.8195149250729639, "Books": -0.5848009257408386, "Equipment / Pouch": 0.7899153261994295, "Equipment / Main Hand": -2.0337780969309263, "Equipment / Off Hand": 1.497859709043525, "Tools / Alchemy": -3.361175631713228, "Equipment / Feet": -2.6826264298364837, "Tools / Milking": 0.5555806110593913, "Tools / Crafting": -0.10724578968371377, "Tools / Enhancing": -2.4952006521289847, "Equipment / Hands": 0.8138999843116916, "Tools / Cheesesmithing": 1.8269346965691722, "Tools / Woodcutting": 1.7790124526464595, "Tools / Tailoring": -5.085178401319298, "Equipment / Body": -1.8553512039275146, "Tools / Brewing": -0.6479050711959026, "Tools / Foraging": -1.2351918493353726, "Tools / Cooking": -2.4481380154363284, "Loots": 1.1741682974559722, "Keys": 0.08767501891455269, "Jewelry": 0.29330842671806184, "Trinket": -0.24688646297801148}