{"Resources": 0.31920190744765214, "Equipment / Head": 3.9309608379243857, "Consumables": 0.6930626670797857, "Equipment / Body": 1.3370047758901165, "Equipment / Legs": 1.544829030932312, "Books": 0.38133959544944557, "Equipment / Pouch": 1.4955960632701017, "Equipment / Main Hand": 1.1376557814532897, "Equipment / Off Hand": 5.424976288826237, "Tools / Alchemy": 2.7607631525547442, "Equipment / Feet": 0.6009568124297453, "Tools / Milking": 8.007431437744025, "Tools / Crafting": 0.6461196662259019, "Tools / Enhancing": 12.996252387986228, "Equipment / Hands": 4.631886409075675, "Tools / Cheesesmithing": -0.11201770898501863, "Tools / Woodcutting": -2.603445020325853, "Tools / Tailoring": 3.450574215057162, "Tools / Brewing": 2.9582017666649194, "Tools / Foraging": -7.526007867236152, "Tools / Cooking": 2.478040261956141, "Loots": 2.127659574468085, "Keys": -0.056271657743215894, "Jewelry": 0.1840698107536463, "Trinket": -0.034065219410982395}