{"Resources": -1.3950649512295934, "Equipment / Head": -0.3731044675216657, "Consumables": -0.08777455022132083, "Equipment / Legs": -2.545181444216218, "Books": 0.39420074664276816, "Equipment / Pouch": -0.4467081032490508, "Equipment / Main Hand": 0.8322617225066621, "Equipment / Off Hand": 3.0484482067231546, "Tools / Alchemy": 1.0028667515477767, "Equipment / Feet": -0.9553622678046253, "Tools / Milking": -2.100153922937056, "Tools / Crafting": -0.6842520518420214, "Tools / Enhancing": -2.9393910978384223, "Equipment / Hands": -1.1451500509506511, "Tools / Cheesesmithing": -1.2190482546141688, "Tools / Woodcutting": 4.537870301635614, "Tools / Tailoring": 0.7956419505475665, "Equipment / Body": -0.01697217397605527, "Tools / Brewing": -0.17028304341357064, "Tools / Foraging": 3.0137174904542037, "Tools / Cooking": -1.421843969202796, "Loots": 1.2048192771084267, "Keys": -1.7084790997816208, "Jewelry": 0.6237155519050696, "Trinket": 1.3134965927968452}