{"Resources": -0.34091821909716924, "Equipment / Head": -0.6240957280296717, "Consumables": 0.9966072919498111, "Equipment / Legs": -0.06821228508852635, "Books": -0.2549851012416764, "Equipment / Pouch": -2.2200265518939877, "Equipment / Main Hand": -0.24052959958791045, "Equipment / Off Hand": 0.9230907777180838, "Tools / Alchemy": 3.008750607319566, "Equipment / Feet": 0.9088382377587578, "Tools / Milking": 0.16387214983939957, "Tools / Crafting": -0.321604810310616, "Tools / Enhancing": -2.53048767027261, "Equipment / Hands": -1.0910604785541904, "Tools / Cheesesmithing": -0.570370267928706, "Tools / Woodcutting": 1.6353454273003776, "Tools / Tailoring": -2.2344786468618314, "Equipment / Body": -0.6100143114104947, "Tools / Brewing": -3.45582105878621, "Tools / Foraging": -0.45925668478302845, "Tools / Cooking": 2.5881531727057983, "Loots": 5.243088655862725, "Keys": -0.21811617938627237, "Jewelry": -2.1812976791408216, "Trinket": 1.6732414343335775}