{"Resources": -1.7832606889054592, "Equipment / Head": 5.9789468894322475, "Consumables": 0.21770401482788343, "Equipment / Legs": -3.200304543292873, "Books": -2.327592133658901, "Equipment / Pouch": -1.5537923545146535, "Equipment / Main Hand": -0.6438523410146045, "Equipment / Off Hand": 4.006838029005911, "Tools / Alchemy": -1.9189477141521891, "Equipment / Feet": -0.6071304183133128, "Tools / Milking": -0.5073620495546199, "Tools / Crafting": -2.9944709141665085, "Tools / Enhancing": 11.850198515743223, "Equipment / Hands": -4.8862390114415435, "Tools / Cheesesmithing": -3.4868849789862892, "Tools / Woodcutting": -0.6551551982321532, "Tools / Tailoring": 7.086069866287994, "Equipment / Body": -3.611966726447932, "Tools / Brewing": -1.8780810284927376, "Tools / Foraging": 2.103295990513287, "Tools / Cooking": 0.2154174410293643, "Loots": 1.257861635220136, "Keys": -0.7101086490692926, "Jewelry": -1.2389555940142882, "Trinket": -3.4169726642186813}