{"Resources": 0.43840121868836, "Equipment / Head": -1.0364847407102975, "Consumables": 0.27959289110057783, "Equipment / Legs": -1.7768522274342964, "Books": -0.14167296118326603, "Equipment / Pouch": 0.09863255940035856, "Equipment / Main Hand": -0.3298317647482963, "Equipment / Off Hand": 7.310946000939869, "Tools / Alchemy": 4.8644314552385755, "Equipment / Feet": 1.079740188123534, "Tools / Milking": -0.5544654497566094, "Tools / Crafting": 3.835915471369735, "Tools / Enhancing": -1.7866601187456619, "Equipment / Hands": 2.6006750524183686, "Tools / Cheesesmithing": 2.9259784039270547, "Tools / Woodcutting": 4.875577565387828, "Tools / Tailoring": 0.3311665064103358, "Equipment / Body": -0.8572772120407474, "Tools / Brewing": 0.32349107708390573, "Tools / Foraging": -0.7164754002314482, "Tools / Cooking": -1.2059611601106752, "Loots": 2.4201355275895433, "Keys": 0.19745818220196598, "Jewelry": -0.3239421684002069, "Trinket": 4.345626932254735}