{"Resources": -0.5721623524389895, "Equipment / Head": 0.9268808841155507, "Consumables": -0.07490880482134347, "Equipment / Body": 0.10600500932715382, "Equipment / Legs": 0.48819345102204514, "Books": -1.5671354528644956, "Equipment / Pouch": -5.165255969269428, "Equipment / Main Hand": -0.8874288988511883, "Equipment / Off Hand": -1.65025675102729, "Tools / Alchemy": -0.8740324373108034, "Equipment / Feet": -1.5169191786846599, "Tools / Milking": 6.304299608715479, "Tools / Crafting": 1.1080128286441275, "Tools / Enhancing": 4.9134441420061385, "Equipment / Hands": 0.822155968689415, "Tools / Cheesesmithing": -0.9045236092489605, "Tools / Woodcutting": 6.206280624634521, "Tools / Tailoring": 6.930494981782769, "Tools / Brewing": 1.1880605580047234, "Tools / Foraging": 1.8192484131701245, "Tools / Cooking": 2.9892029814564234, "Loots": 2.954341987466432, "Keys": -0.17815463281344182, "Jewelry": -1.0039666779087884, "Trinket": -6.338839800230506}