{"Resources": -0.4560864160415657, "Equipment / Head": -1.0494673236558965, "Consumables": 0.8484845961755297, "Equipment / Body": -2.0919753384995716, "Equipment / Legs": -1.6418960253428712, "Books": 1.1498250828221397, "Equipment / Pouch": -2.1795199029581296, "Equipment / Main Hand": -0.5685506321409165, "Equipment / Off Hand": -0.44038761682513394, "Tools / Alchemy": 4.258082741426372, "Equipment / Feet": -1.0208354777373707, "Tools / Milking": 1.5968613322879088, "Tools / Crafting": 1.900043415535739, "Tools / Enhancing": 1.4546463032678356, "Equipment / Hands": -1.997418585715502, "Tools / Cheesesmithing": 0.03644009170087609, "Tools / Woodcutting": 2.010651709888329, "Tools / Tailoring": 2.771188864167307, "Tools / Brewing": 2.5632784801220394, "Tools / Foraging": 5.1137297804005835, "Tools / Cooking": 6.006614641165856, "Loots": -3.8022813688212977, "Keys": -0.5662308408138983, "Jewelry": -0.018896461772238027, "Trinket": 1.0610373181530697}