{"Resources": 0.18133803272517515, "Equipment / Head": 0.9288867645680652, "Equipment / Legs": 0.20403930678257828, "Equipment / Body": -0.9654397606658454, "Consumables": 0.450837132967896, "Books": -1.1793969949621472, "Equipment / Pouch": -4.115606610810614, "Equipment / Main Hand": -0.9261023988656302, "Equipment / Off Hand": 2.7424878989702317, "Tools / Alchemy": -3.4136250909977126, "Equipment / Feet": -1.823383543745659, "Tools / Milking": -0.1543803729703307, "Tools / Crafting": -5.649379311231439, "Tools / Enhancing": 0.11907537663818957, "Equipment / Hands": 16.666737453656438, "Tools / Cheesesmithing": -0.22239076779667566, "Tools / Woodcutting": -4.63330442151615, "Tools / Tailoring": -1.7004313957574997, "Tools / Brewing": 1.2233521360020443, "Tools / Foraging": -3.4575838265733907, "Tools / Cooking": -0.5059467192614446, "Loots": -2.8901734104046244, "Keys": 0.4413006543034648, "Jewelry": -1.4451370040700318, "Trinket": -1.2674889749501907}