{"Resources": 0.6284266304106186, "Equipment / Head": -2.3195685134964648, "Consumables": 2.0635994481548736, "Equipment / Body": 0.8423807282183292, "Equipment / Legs": -0.674426324837886, "Books": 1.1780226090128263, "Equipment / Pouch": -0.07008326450355024, "Equipment / Main Hand": 2.0699643121184277, "Equipment / Off Hand": 2.2037022021681336, "Tools / Alchemy": 0.635853967517059, "Equipment / Feet": 2.407912037616606, "Tools / Milking": 0.06824248158775092, "Tools / Crafting": -0.05699660940607163, "Tools / Enhancing": 0.033676092331572205, "Equipment / Hands": -1.400780709628713, "Tools / Cheesesmithing": 0.2388007466943924, "Tools / Woodcutting": 0.5725744142344008, "Tools / Tailoring": -6.169512351255493, "Tools / Brewing": 1.3837398732503108, "Tools / Foraging": 1.3186152964338163, "Tools / Cooking": -0.21625772047621555, "Loots": 0.9640666082383833, "Keys": 0.4208273871193995, "Jewelry": -0.551136364741021, "Trinket": 0.29940119760479045}