{"Resources": 0.14632108655340142, "Equipment / Head": 0.3998854317998814, "Consumables": 2.341161007635722, "Books": -1.547577314698206, "Equipment / Pouch": 1.0163033580535408, "Equipment / Main Hand": 0.2039489748118213, "Equipment / Off Hand": -4.933420323683125, "Tools / Alchemy": -0.8542076082697531, "Equipment / Feet": 3.454490679650305, "Tools / Milking": -0.5149463548217607, "Tools / Crafting": 0.42036737825181597, "Tools / Enhancing": 1.3498230744479782, "Equipment / Hands": -4.184063515461479, "Tools / Cheesesmithing": 2.5595304223470805, "Tools / Woodcutting": -2.843792611388416, "Tools / Tailoring": -1.361477988425263, "Equipment / Body": 2.3596363566022847, "Equipment / Legs": 2.6536570904268735, "Tools / Brewing": 1.0099988377567388, "Tools / Foraging": 1.8571297946103755, "Tools / Cooking": 3.3095012341111083, "Loots": 1.3065326633165877, "Keys": 0.30603309632068415, "Jewelry": 0.21359423434571262, "Trinket": -3.462749213011547}