{"Resources": 0.09378435587343727, "Equipment / Head": 1.578824603952324, "Consumables": 1.288318967934268, "Equipment / Body": 1.1612804173511684, "Equipment / Legs": 0.44513622863849484, "Books": -1.1087335578039847, "Equipment / Pouch": -1.0543220236262059, "Equipment / Main Hand": 16.88499093078642, "Equipment / Off Hand": -1.5194671831012985, "Tools / Alchemy": 2.041610700001176, "Equipment / Feet": 3.608566377855999, "Tools / Milking": 2.9172322243525017, "Tools / Crafting": 0.645268257965874, "Tools / Enhancing": 1.0490749975596163, "Equipment / Hands": 6.4201288932224205, "Tools / Cheesesmithing": 0.46077844833277826, "Tools / Woodcutting": -0.67373691662886, "Tools / Tailoring": 5.707242165162512, "Tools / Brewing": 0.0016719375799939382, "Tools / Foraging": -2.1361616006543898, "Tools / Cooking": 1.4674852117958292, "Loots": 0.09259259259259799, "Keys": -0.01778894695160541, "Jewelry": 0.5157457965234271, "Trinket": 0.1013171225937188}