{"Resources": -0.40634445928845375, "Equipment / Head": 2.0315247588774388, "Consumables": 0.3490746115954678, "Books": -1.7606027303077276, "Equipment / Pouch": -4.153655795165311, "Equipment / Main Hand": -0.12390734464863054, "Equipment / Off Hand": -0.4447607561724423, "Tools / Alchemy": 0.2853489720433011, "Equipment / Feet": 1.2747386574174784, "Tools / Milking": -2.949754458905791, "Tools / Crafting": -2.675028114744479, "Tools / Enhancing": -1.8986164841028808, "Equipment / Hands": -0.17867667452142186, "Tools / Cheesesmithing": -0.7004265568369996, "Tools / Woodcutting": 0.2535301995431479, "Tools / Tailoring": 1.693914670405094, "Equipment / Body": 1.7529381237050023, "Equipment / Legs": -2.4329724863609377, "Tools / Brewing": 0.22794456258720425, "Tools / Foraging": -2.650195607301395, "Tools / Cooking": -3.2737660981070835, "Loots": -1.3933547695605524, "Keys": 0.9944737898337768, "Jewelry": -0.5113583842745263, "Trinket": -1.9553080647662529}