{"Resources": -0.5390913027962525, "Equipment / Head": -0.2802691745009333, "Consumables": -0.32627214216378014, "Equipment / Legs": -0.7909141126651588, "Books": -0.8251425042230792, "Equipment / Pouch": -2.605293240337504, "Equipment / Main Hand": -0.09880987429536252, "Equipment / Off Hand": 3.6235313530273348, "Tools / Alchemy": 3.561031149087954, "Equipment / Feet": -4.077026755358941, "Tools / Milking": 1.7375519090426061, "Tools / Crafting": 0.6320308839623393, "Tools / Enhancing": -3.3000156967149543, "Equipment / Hands": 1.1329979744781535, "Tools / Cheesesmithing": 1.801345450953208, "Tools / Woodcutting": 0.22252822427105712, "Tools / Tailoring": 0.23370336487784535, "Equipment / Body": -1.1580214532708533, "Tools / Brewing": -1.3771908504247752, "Tools / Foraging": -3.149021547867399, "Tools / Cooking": 2.2203277740118135, "Loots": 8.401084010840108, "Keys": -1.0121802541115696, "Jewelry": -1.0189829147044118, "Trinket": 1.5166957802191454}