{"Resources": -0.3599017454049221, "Equipment / Head": -1.0681342261939866, "Consumables": -0.8391779896365346, "Equipment / Legs": 7.122563716093228, "Books": -1.893738870980219, "Equipment / Pouch": -4.079934827656368, "Equipment / Main Hand": 1.722684472300065, "Equipment / Off Hand": -1.8454839738281397, "Tools / Alchemy": 2.940403875288855, "Equipment / Feet": 0.6575109892357058, "Tools / Milking": 1.1367328195955013, "Tools / Crafting": -0.49428782684930433, "Tools / Enhancing": 2.446425541079693, "Equipment / Hands": -0.8231376153417851, "Tools / Cheesesmithing": -0.36998969582519603, "Tools / Woodcutting": -1.8330978888516376, "Tools / Tailoring": 1.0977899862136202, "Equipment / Body": 2.1660473515511725, "Tools / Brewing": -1.837261033919802, "Tools / Foraging": 9.523782638464072, "Tools / Cooking": -1.9113259539783343, "Loots": 0.0, "Keys": -0.22930144744545305, "Jewelry": -1.1439028304824586, "Trinket": -0.3829213126463239}