{"Resources": 0.46091434194573616, "Equipment / Head": -0.0029308380791385246, "Consumables": 0.09822318344020126, "Equipment / Body": -0.8419880242776626, "Equipment / Legs": -0.0625155588913716, "Books": 1.9269411924476116, "Equipment / Pouch": -0.01390492381543051, "Equipment / Main Hand": 0.2922950577938028, "Equipment / Off Hand": -2.9256781706119246, "Tools / Alchemy": 1.6671013553059466, "Equipment / Feet": 0.3785838815660245, "Tools / Milking": 0.07124806998711264, "Tools / Crafting": 1.1573170005688418, "Tools / Enhancing": 1.3306760088504177, "Equipment / Hands": 0.8090495854842815, "Tools / Cheesesmithing": -1.32898433256664, "Tools / Woodcutting": 1.48354957183915, "Tools / Tailoring": -0.08329370403408325, "Tools / Brewing": -0.3073342955640726, "Tools / Foraging": -0.882616386790094, "Tools / Cooking": 1.705077991896064, "Loots": -0.3861003861003906, "Keys": -0.8219425471719201, "Jewelry": -0.6495221230120983, "Trinket": -0.34482758620689336}