{"Resources": -0.09949856838114933, "Equipment / Head": -0.6473487257873967, "Consumables": -0.9282368990805957, "Equipment / Legs": 1.283729252821245, "Books": -0.2616830021753879, "Equipment / Pouch": 1.673281164255234, "Equipment / Main Hand": -0.4529557290375308, "Equipment / Off Hand": 0.0699046243478986, "Tools / Alchemy": 1.0737130963633643, "Equipment / Feet": -2.6578017669507132, "Tools / Milking": -2.28963402101821, "Tools / Crafting": -2.352399672738044, "Tools / Enhancing": -7.85968574114915, "Equipment / Hands": 1.0121569238492918, "Tools / Cheesesmithing": -2.1404415100060343, "Tools / Woodcutting": 2.750283017838639, "Tools / Tailoring": -0.8437520259400059, "Equipment / Body": 0.7255975196232386, "Tools / Brewing": -0.8299011608129582, "Tools / Foraging": 1.2652327868113389, "Tools / Cooking": 1.3377400453090638, "Loots": -2.615694164989941, "Keys": 0.5757771441442844, "Jewelry": -0.3977254551088635, "Trinket": 1.886792452830191}