{"Resources": -1.4381483721238122, "Equipment / Head": 1.1566797617562394, "Consumables": -0.2645738598455311, "Equipment / Legs": 0.9076636379507974, "Books": -0.4247580381221166, "Equipment / Pouch": -0.755434823076384, "Equipment / Main Hand": 0.7347068207101135, "Equipment / Off Hand": 1.420820888406787, "Tools / Alchemy": 2.288302527478799, "Equipment / Feet": -1.2444117587603016, "Tools / Milking": 1.021315145761003, "Tools / Crafting": 3.1231625544100616, "Tools / Enhancing": -1.277660172661747, "Equipment / Hands": -1.8361626365430566, "Tools / Cheesesmithing": -1.1267592995870788, "Tools / Woodcutting": 5.06479021808098, "Tools / Tailoring": 1.5037712692356433, "Equipment / Body": -0.9885422771220901, "Tools / Brewing": -0.40327680976140556, "Tools / Foraging": -1.0203335807448695, "Tools / Cooking": -2.349964668145677, "Loots": 1.6574585635359023, "Keys": -2.033564795173077, "Jewelry": 1.6435957803737395, "Trinket": -4.366016600310412}