{"Resources": 0.16063270773991647, "Equipment / Head": -4.495194494541209, "Equipment / Body": -0.6361006065817386, "Consumables": 1.6106799894455996, "Equipment / Legs": -0.46981847109594604, "Books": -2.3271407111356153, "Equipment / Pouch": 3.384176919848587, "Equipment / Main Hand": 2.0782494507904437, "Equipment / Off Hand": -0.10161861540612434, "Tools / Alchemy": 2.3609097903280625, "Equipment / Feet": -3.482834293275103, "Tools / Milking": 2.4792725413194794, "Tools / Crafting": 1.685149789378611, "Equipment / Hands": -2.1619306477694957, "Tools / Cheesesmithing": -0.49628365086376225, "Tools / Woodcutting": 3.429273417011871, "Tools / Tailoring": -3.5536249640335047, "Tools / Brewing": 0.0827781704224464, "Tools / Foraging": 3.7567143566726884, "Tools / Cooking": 0.08090414026538822, "Loots": -2.284011916583908, "Keys": 1.0077830397177607, "Tools / Enhancing": 1.5881758498280165, "Jewelry": 0.28088008225407485, "Trinket": 1.7412935323383085}