{"Resources": 0.5060219814796758, "Equipment / Head": 2.026647345884435, "Consumables": 0.23624052013074495, "Equipment / Legs": -1.6538063615419052, "Books": -1.9444616818870892, "Equipment / Pouch": -0.7794501651895461, "Equipment / Main Hand": 0.27639199246317914, "Equipment / Off Hand": -1.277012468517415, "Tools / Alchemy": 1.0777067005752725, "Equipment / Feet": -0.7535888779947684, "Tools / Milking": 1.0753233621038487, "Tools / Crafting": 2.2850282590287403, "Tools / Enhancing": -1.2445830540767844, "Equipment / Hands": -5.210395550570756, "Tools / Cheesesmithing": 2.271778541333446, "Tools / Woodcutting": 0.7425216166305652, "Tools / Tailoring": -0.6731438287064054, "Equipment / Body": -0.18180857974576095, "Tools / Brewing": 0.6099202096241907, "Tools / Foraging": 0.06284971092042169, "Tools / Cooking": -1.641553365985043, "Loots": 1.7580144777662825, "Keys": 1.2114480629637385, "Jewelry": -0.7700439708522296, "Trinket": -0.13952438599010936}