{"Resources": -0.7995940447740454, "Equipment / Head": 0.4708392658308051, "Consumables": -0.013357214387746197, "Equipment / Body": -1.1610861079898738, "Equipment / Legs": -0.4178519827289828, "Books": -0.5413262883130862, "Equipment / Pouch": -1.8915559332913188, "Equipment / Main Hand": -0.8857526363274955, "Equipment / Off Hand": -1.732534846922095, "Tools / Alchemy": -0.8008375365875952, "Equipment / Feet": 4.917760878197059, "Tools / Milking": -1.363769436995695, "Tools / Crafting": -0.09697111034948629, "Tools / Enhancing": 0.598685745544779, "Equipment / Hands": -0.02571115360781019, "Tools / Cheesesmithing": 1.6284919716254496, "Tools / Woodcutting": 0.9560998412712555, "Tools / Tailoring": 2.907621527125692, "Tools / Brewing": 6.016945354788084, "Tools / Foraging": -1.8029734091132485, "Tools / Cooking": 1.0456464231431564, "Loots": 2.618816682832198, "Keys": -0.8032646878488523, "Jewelry": -1.026181670198124, "Trinket": -2.1246135325179885}