{"Resources": -0.1042742642801686, "Equipment / Head": -2.797667513594659, "Consumables": -1.2763083901110006, "Equipment / Body": -1.9212403163464695, "Equipment / Legs": 0.8873604248751767, "Books": -0.5975467304904761, "Equipment / Pouch": -1.9266576667710553, "Equipment / Main Hand": 1.2528408689190775, "Equipment / Off Hand": -2.2806973252230334, "Tools / Alchemy": -0.7785149530857168, "Equipment / Feet": 1.6275887060347314, "Tools / Milking": 5.179450129205117, "Tools / Crafting": -0.835623824887718, "Tools / Enhancing": 2.1611294355828616, "Equipment / Hands": -1.9418687822265162, "Tools / Cheesesmithing": -0.38923148154550263, "Tools / Woodcutting": 4.1862832666696494, "Tools / Tailoring": 3.3235269781825463, "Tools / Brewing": 2.220539794244595, "Tools / Foraging": 2.4042923335308215, "Tools / Cooking": 1.3414519713006794, "Loots": -1.2820512820512857, "Keys": -0.8584337088265961, "Jewelry": 0.8202655802849211, "Trinket": 1.1386887545428654}