{"Resources": 0.37464534940467564, "Equipment / Head": -0.790458079693991, "Consumables": -0.5414456315676327, "Equipment / Body": -0.5439130010910682, "Equipment / Legs": 1.18207300336226, "Books": 0.8654689946922001, "Equipment / Pouch": -4.450131055627672, "Equipment / Main Hand": -1.1802755552575235, "Equipment / Off Hand": 10.053105910383744, "Tools / Alchemy": -0.11512681372961531, "Equipment / Feet": 2.807190687605305, "Tools / Milking": 4.363588402966723, "Tools / Crafting": -0.6335627561973245, "Tools / Enhancing": -0.954452266050053, "Equipment / Hands": 2.8004513550305545, "Tools / Cheesesmithing": 5.728910382898017, "Tools / Woodcutting": -0.20912401974864137, "Tools / Tailoring": -2.1826881526058513, "Tools / Brewing": -2.304142083529877, "Tools / Foraging": 0.5561188123714784, "Tools / Cooking": 0.5704677274200134, "Loots": -1.2048192771084338, "Keys": 0.6990186049564591, "Jewelry": -0.12304657394180585, "Trinket": 4.011741682974564}