{"Resources": 0.16904514630809872, "Equipment / Head": 0.09230400756056568, "Consumables": 0.2636620790554135, "Equipment / Body": -1.3736205573837426, "Equipment / Legs": 1.2625909805963906, "Books": 0.07559549125658106, "Equipment / Pouch": 2.1488480768218268, "Equipment / Main Hand": -0.7816732726245411, "Equipment / Off Hand": -1.5958941522451684, "Tools / Alchemy": 0.2153867337952442, "Equipment / Feet": 2.214348115989552, "Tools / Milking": 4.929304724025427, "Tools / Crafting": -0.7051203706830478, "Tools / Enhancing": 0.6635588195614466, "Equipment / Hands": -1.685123765718459, "Tools / Cheesesmithing": -1.3661322731360102, "Tools / Woodcutting": 0.6711277958231623, "Tools / Tailoring": 0.8471347591888689, "Tools / Brewing": 2.104053319717559, "Tools / Foraging": -0.5606747068928878, "Tools / Cooking": -0.4345568940909632, "Loots": 3.2740879326473293, "Keys": 0.47867464436718565, "Jewelry": 0.35307843961715946, "Trinket": 0.6829486435172833}