{"Resources": 0.06517445824051236, "Equipment / Head": -0.014840565440913273, "Consumables": -0.23386305756088002, "Equipment / Body": -1.4099775294212886, "Equipment / Legs": -0.329957190469485, "Books": 0.5401923801875959, "Equipment / Pouch": 2.7833920884049186, "Equipment / Main Hand": -0.36943828011206314, "Equipment / Off Hand": 0.838851155891139, "Tools / Alchemy": 0.6549769201367164, "Equipment / Feet": 1.0736379151033983, "Tools / Milking": -1.0384954422204271, "Tools / Crafting": 0.9024786626828993, "Tools / Enhancing": 1.1035137495633545, "Equipment / Hands": -1.2953080800006447, "Tools / Cheesesmithing": -3.097367196377614, "Tools / Woodcutting": 0.97285190147043, "Tools / Tailoring": 0.2827279382707944, "Tools / Brewing": -3.7031965306469914, "Tools / Foraging": -0.24212318772109345, "Tools / Cooking": 2.4706061281939284, "Loots": 4.100946372239743, "Keys": 0.12254878681946302, "Jewelry": -0.6498288948805102, "Trinket": -5.850135077491821}