{"Resources": -0.488945656487758, "Equipment / Head": -0.007921949368158892, "Consumables": 3.965336118598762, "Equipment / Body": 0.6116034734928589, "Equipment / Legs": 0.5490230579234238, "Books": -0.4962969869469274, "Equipment / Pouch": -1.6537063541548367, "Equipment / Main Hand": -2.59445076539809, "Equipment / Off Hand": -2.3575521454123103, "Tools / Alchemy": -0.28416309836665643, "Equipment / Feet": 2.038654839846354, "Tools / Milking": 2.376645241591014, "Tools / Crafting": 0.6752160722916637, "Tools / Enhancing": 1.0082926721020853, "Equipment / Hands": -2.755308855838817, "Tools / Cheesesmithing": -2.766641287364478, "Tools / Woodcutting": 3.1327128593587794, "Tools / Tailoring": -1.0953800140078243, "Tools / Brewing": -2.853042252666102, "Tools / Foraging": 0.07247390598209615, "Tools / Cooking": -0.9401494555664789, "Loots": 0.18148820326678342, "Keys": -0.8647131222079688, "Jewelry": 0.5739016859818691, "Trinket": -2.487309644670049}