{"Resources": -0.40479345177108833, "Equipment / Head": 0.30299582665989555, "Consumables": -0.12132796244885234, "Equipment / Body": 1.0190084548613763, "Equipment / Legs": 1.082220541718884, "Books": 0.5404377941652166, "Equipment / Pouch": 1.265579289741635, "Equipment / Main Hand": -0.034253882994508135, "Equipment / Off Hand": -1.262666866287262, "Tools / Alchemy": -3.7953281699481294, "Equipment / Feet": 1.0011777150257786, "Tools / Milking": -3.9168666028298937, "Tools / Crafting": -0.6435158340298018, "Tools / Enhancing": -0.1436248491269198, "Equipment / Hands": -3.249683539175932, "Tools / Cheesesmithing": -0.14321521984404956, "Tools / Woodcutting": -2.5240286445968283, "Tools / Tailoring": -5.195093810253118, "Tools / Brewing": -3.1052514402362936, "Tools / Foraging": -4.806472046350422, "Tools / Cooking": 0.2865560957638209, "Loots": -10.416666666666668, "Keys": -1.302182267617559, "Jewelry": 0.9719579751142599, "Trinket": -0.8598741918942041}