{"Resources": 0.181031638496156, "Equipment / Head": -3.8190495341044493, "Consumables": -0.7502113750909705, "Equipment / Legs": -0.46228269984616055, "Books": -3.1706353069689532, "Equipment / Pouch": -0.5305855029104153, "Equipment / Main Hand": -2.764381143945645, "Equipment / Off Hand": 1.8427325309245843, "Tools / Alchemy": 0.47937128284119457, "Equipment / Feet": -0.2948786943970635, "Tools / Milking": -1.1891181492360916, "Tools / Crafting": -3.303887509931237, "Tools / Enhancing": -0.49925925725380904, "Equipment / Hands": -2.1194249472477282, "Tools / Cheesesmithing": -1.974606120416566, "Tools / Woodcutting": -0.8105242036311517, "Tools / Tailoring": 0.11812284954705195, "Equipment / Body": 0.39965950467518235, "Tools / Brewing": -2.698530320818868, "Tools / Foraging": -0.34842006420319993, "Tools / Cooking": -13.137964622371898, "Loots": 7.087959009393677, "Keys": -0.3207215047215186, "Jewelry": -3.3362593550338433, "Trinket": -4.024356103023516}