{"Resources": 0.20807740247025208, "Equipment / Head": -5.01586667603525, "Consumables": -0.8085728843254961, "Equipment / Body": -0.9766061061475444, "Equipment / Legs": -3.863615998365077, "Books": -0.16022221779705137, "Equipment / Pouch": -7.485975672406623, "Equipment / Main Hand": -3.2546713883988567, "Equipment / Off Hand": -0.459470015161804, "Tools / Alchemy": -4.047558633930608, "Equipment / Feet": -2.992425135120418, "Tools / Milking": -3.4502026212891534, "Tools / Crafting": 0.18280615822159985, "Tools / Enhancing": -0.5546328162596887, "Equipment / Hands": -5.278761245178585, "Tools / Cheesesmithing": -3.0410932535563173, "Tools / Woodcutting": -7.2556906911736645, "Tools / Tailoring": 3.779673779335083, "Tools / Brewing": 0.8108090524178986, "Tools / Foraging": -0.8595510600787362, "Tools / Cooking": -2.9376877463578412, "Loots": 0.786516853932585, "Keys": 0.5001203591767309, "Jewelry": -1.9528337012521717, "Trinket": 2.9592786087454375}