{"Resources": -0.5394223764199624, "Equipment / Head": -2.6552250078607136, "Consumables": -0.6211962997175061, "Equipment / Body": -0.4193743079069269, "Equipment / Legs": 0.04054491915082847, "Books": -1.7094357641790294, "Equipment / Pouch": -0.02658405306680225, "Equipment / Main Hand": 2.1422689599094036, "Equipment / Off Hand": -0.1838510884496843, "Tools / Alchemy": 2.1606779306946824, "Equipment / Feet": 0.07889785375122925, "Tools / Milking": 1.5413390949920935, "Tools / Crafting": 0.34525983980757075, "Tools / Enhancing": 7.516086231675012, "Equipment / Hands": -2.5086341325443664, "Tools / Cheesesmithing": -0.44185254026891346, "Tools / Woodcutting": -1.7752290511967501, "Tools / Tailoring": -4.670280429168415, "Tools / Brewing": 4.138124095256328, "Tools / Foraging": 1.352218876204514, "Tools / Cooking": -0.6004301257998758, "Loots": 0.43591979075849635, "Keys": 0.4378363302548761, "Jewelry": -0.3224245896681312, "Trinket": 0.6532663316582895}