{"Resources": 1.0270469372072433, "Equipment / Head": -0.35343807129305843, "Consumables": -0.7822345313898286, "Equipment / Body": 0.6398200435734783, "Equipment / Legs": -0.000129623763801088, "Books": -1.6697141353287992, "Equipment / Pouch": 6.871790834242935, "Equipment / Main Hand": 0.8081733965055599, "Equipment / Off Hand": -1.5859647722467227, "Tools / Alchemy": 0.32241119411197416, "Equipment / Feet": -1.7483386651468096, "Tools / Milking": 1.826089948444073, "Tools / Crafting": 1.4866155493002358, "Tools / Enhancing": 0.7104171868904668, "Equipment / Hands": -0.41018267225793426, "Tools / Cheesesmithing": 3.257639874930528, "Tools / Woodcutting": 0.2489965954096738, "Tools / Tailoring": -3.440679621425342, "Tools / Brewing": 2.035423368585454, "Tools / Foraging": 0.5948381240597633, "Tools / Cooking": 0.23649246224332163, "Loots": 2.3498694516971277, "Keys": -0.10407024431929876, "Jewelry": -0.9234736822840316, "Trinket": 1.241310824230391}