{"Resources": 2.874360868653407, "Equipment / Head": 0.5264487348565807, "Consumables": -0.10745723334746389, "Equipment / Legs": -2.338741809696175, "Books": -0.285185174230729, "Equipment / Pouch": 0.8672777169212098, "Equipment / Main Hand": 1.0813542859823218, "Equipment / Off Hand": 1.984161166688924, "Tools / Alchemy": 1.0986351939346597, "Equipment / Feet": -0.9118578521315415, "Tools / Milking": -1.7766271681661796, "Tools / Crafting": -0.6568904404308231, "Tools / Enhancing": -1.9472120465292808, "Equipment / Hands": -3.6484413382909646, "Tools / Cheesesmithing": 0.4517111437208343, "Tools / Woodcutting": -0.12986902896729116, "Tools / Tailoring": 0.952751548313229, "Equipment / Body": -0.7530676742354573, "Tools / Brewing": 0.3481563516482832, "Tools / Foraging": -1.783094765559121, "Tools / Cooking": -0.8533738230977717, "Loots": 1.470588235294122, "Keys": 0.11925614094518533, "Jewelry": -1.568154868637574, "Trinket": -4.171617203101042}