{"Resources": -0.16018880122280707, "Equipment / Head": -3.104680520642438, "Consumables": -0.17725805077833262, "Equipment / Body": -1.0708324019738809, "Equipment / Legs": 5.318106671370651, "Books": -1.2111674516846598, "Equipment / Pouch": -3.7493951828041525, "Equipment / Main Hand": -2.611214413320431, "Equipment / Off Hand": 2.3385543837748646, "Tools / Alchemy": -5.127883431360796, "Equipment / Feet": -1.6945318775194795, "Tools / Milking": -1.2904437487614375, "Tools / Crafting": -1.779237893045732, "Tools / Enhancing": 3.515982230956766, "Equipment / Hands": 0.16835088410153853, "Tools / Cheesesmithing": -0.674531136193937, "Tools / Woodcutting": -6.844195883367904, "Tools / Tailoring": -4.994937554997172, "Tools / Brewing": -1.9073449302543977, "Tools / Foraging": 3.3211572477441473, "Tools / Cooking": 1.1116823757746346, "Loots": 1.1273957158962848, "Keys": 1.082814049376983, "Jewelry": 0.48821554382023047, "Trinket": 3.209369221286213}