{"Resources": 1.7462084246947158, "Equipment / Head": 1.6078890139935444, "Consumables": 1.0235485161795008, "Equipment / Legs": 2.897105091079801, "Books": -4.282920663885941, "Equipment / Pouch": -0.602339117968298, "Equipment / Main Hand": 3.860264795477585, "Equipment / Off Hand": 1.2936722216130856, "Tools / Alchemy": -2.104692145440681, "Equipment / Feet": 5.600707395693422, "Tools / Milking": 5.219034066625471, "Tools / Crafting": 4.3697686696632205, "Tools / Enhancing": -1.7219709087064186, "Equipment / Hands": 6.363578480843018, "Tools / Cheesesmithing": 4.635300442642563, "Tools / Woodcutting": -0.49738147146203227, "Tools / Tailoring": 5.132904253508826, "Equipment / Body": 0.4509861590889361, "Tools / Brewing": 3.057413763591977, "Tools / Foraging": 1.1313347869806598, "Tools / Cooking": 7.199367529229798, "Loots": 0.6382978723404206, "Keys": -3.938409573570593, "Jewelry": 0.472256608449507, "Trinket": -0.28503058864853603}