{"Resources": 0.165826069502401, "Equipment / Head": -2.8097327180177754, "Consumables": 0.6756041617672522, "Equipment / Legs": 0.027419131168700542, "Books": -0.2025780363398051, "Equipment / Pouch": 4.215561358243724, "Equipment / Main Hand": -0.7734362375339395, "Equipment / Off Hand": -0.38421328684571115, "Tools / Alchemy": 0.6835774971180861, "Equipment / Feet": -1.9711478959097304, "Tools / Milking": 1.5673501423811889, "Tools / Crafting": -1.2839285940448364, "Tools / Enhancing": -0.9682239005073275, "Equipment / Hands": 1.1056538334697212, "Tools / Cheesesmithing": 1.5213379477086153, "Tools / Woodcutting": -1.4420673144532188, "Tools / Tailoring": 0.14369762412836742, "Equipment / Body": -0.5129219509940199, "Tools / Brewing": -3.066358872842676, "Tools / Foraging": -4.362625292578671, "Tools / Cooking": 0.8068950405730837, "Loots": 0.4651162790697631, "Keys": 0.3000502462749769, "Jewelry": -0.4388671756932954, "Trinket": 0.9320388349514528}