{"Resources": 0.030409244768431626, "Equipment / Head": 0.6471119272970077, "Consumables": -0.8568855100857256, "Equipment / Body": -1.8672708380907004, "Equipment / Legs": 0.6751091266028636, "Books": -1.6114172062840757, "Equipment / Pouch": -0.8659608001520622, "Equipment / Main Hand": 3.6930139711729155, "Equipment / Off Hand": 5.354745014732182, "Tools / Alchemy": 1.4362972702139947, "Equipment / Feet": -3.047563439422598, "Tools / Milking": 0.14002431936425913, "Tools / Crafting": 0.9483915264268248, "Tools / Enhancing": 2.1621034630881426, "Equipment / Hands": -2.7188336053660787, "Tools / Cheesesmithing": 2.629129426516233, "Tools / Woodcutting": -0.2431288687013382, "Tools / Tailoring": 1.19434875297167, "Tools / Brewing": -2.435641485790902, "Tools / Foraging": 1.7737562028357512, "Tools / Cooking": -0.6152870970521273, "Loots": 0.9140767824497301, "Keys": 0.24921678889150242, "Jewelry": -1.5879978734711293, "Trinket": -0.850871365775755}