{"Resources": -1.2352082468705983, "Equipment / Head": 1.9047878509896043, "Consumables": -1.5071511994796774, "Equipment / Body": -0.988286674854575, "Equipment / Legs": -0.6542946956062988, "Books": -2.0496664511232368, "Equipment / Pouch": 5.262956616581411, "Equipment / Main Hand": 5.409472638020469, "Equipment / Off Hand": 6.127912082793911, "Tools / Alchemy": 4.899756304428897, "Equipment / Feet": 0.5246623430944751, "Tools / Milking": -1.1853814552067876, "Tools / Crafting": -2.8633792770100475, "Tools / Enhancing": 6.178954702210225, "Equipment / Hands": -2.0671761222532217, "Tools / Cheesesmithing": -1.5471666272350464, "Tools / Woodcutting": 6.357321813866902, "Tools / Tailoring": 2.956157903724277, "Tools / Brewing": 2.034515516988187, "Tools / Foraging": -1.9549062144700375, "Tools / Cooking": -2.8674561941233034, "Loots": 0.6734006734006674, "Keys": -0.30486290415663203, "Jewelry": -0.4961248058953093, "Trinket": -3.014745637748837}