{"Resources": -0.06902336374959242, "Equipment / Head": 0.7311353709437286, "Consumables": -0.18859558651222053, "Equipment / Legs": 1.6400842871560872, "Books": -0.3071533181884753, "Equipment / Pouch": -2.0393948027117856, "Equipment / Main Hand": -1.59143997704378, "Equipment / Off Hand": 1.226896514658124, "Tools / Alchemy": -0.4464503199424258, "Equipment / Feet": -5.3213379776892, "Tools / Milking": -2.473843733297064, "Tools / Crafting": -0.9369756319942871, "Tools / Enhancing": -1.5152000825365717, "Equipment / Hands": -0.16803370311495736, "Tools / Cheesesmithing": -7.20427197037786, "Tools / Woodcutting": -4.160909762395522, "Tools / Tailoring": -2.635918179994819, "Equipment / Body": -0.040186941462210746, "Tools / Brewing": -1.4705420185738045, "Tools / Foraging": -0.712691892826267, "Tools / Cooking": -2.1470094581427808, "Loots": 2.71844660194175, "Keys": -0.28157490578903144, "Jewelry": -1.1812152307008768, "Trinket": -1.011432261004977}