{"Resources": -0.08087594210663225, "Equipment / Head": -3.0046249386463098, "Consumables": 2.470216300356758, "Equipment / Body": 1.7264431983883544, "Equipment / Legs": 0.9371515543459962, "Books": -0.2664423945173456, "Equipment / Pouch": 1.1275824179118235, "Equipment / Main Hand": -2.2582032269802426, "Equipment / Off Hand": -2.7391128975173653, "Tools / Alchemy": -1.8024085167016948, "Equipment / Feet": 4.8507389812277735, "Tools / Milking": -4.064101429705131, "Tools / Crafting": 1.39407924102182, "Tools / Enhancing": 3.380894758311998, "Equipment / Hands": -0.9097940245602326, "Tools / Cheesesmithing": 0.7771481979937601, "Tools / Woodcutting": 1.8127644322756395, "Tools / Tailoring": 0.22226374530732118, "Tools / Brewing": -4.306947097419345, "Tools / Foraging": 0.13934103302210807, "Tools / Cooking": -5.4205563765814695, "Loots": 0.09930486593843563, "Keys": -0.2060612463239174, "Jewelry": -0.08815906030701526, "Trinket": 0.15479876160991002}