{"Resources": 0.013123170082279607, "Equipment / Head": 0.6243934248276354, "Consumables": -0.18756011368694558, "Equipment / Body": -1.3422907804527295, "Equipment / Legs": 0.4128136916605292, "Books": -0.3112249904569986, "Equipment / Pouch": 0.9526235501614095, "Equipment / Main Hand": -0.6366048438869942, "Equipment / Off Hand": -0.030452326304689838, "Tools / Alchemy": -1.8231193155454275, "Equipment / Feet": 1.8217292626066333, "Tools / Milking": -0.03637610098906269, "Tools / Crafting": 1.5410570705451607, "Tools / Enhancing": 0.329117973861966, "Equipment / Hands": 0.5696910990607336, "Tools / Cheesesmithing": 1.370223555608393, "Tools / Woodcutting": 1.0331051644697762, "Tools / Tailoring": -0.9962794297078646, "Tools / Brewing": 1.0875459239283853, "Tools / Foraging": -0.4728582046434511, "Tools / Cooking": -0.567324005372164, "Loots": 0.7455731593662689, "Keys": -0.6954266524586419, "Jewelry": 0.31121508323925073, "Trinket": 0.5359056806002169}