{"Resources": 0.3521022073821241, "Equipment / Head": -4.980484528594613, "Consumables": -1.1725171614936596, "Equipment / Body": -1.6778790095750842, "Equipment / Legs": -4.181421962762544, "Books": 0.74224873937866, "Equipment / Pouch": -3.760599665499085, "Equipment / Main Hand": -2.3016540799346714, "Equipment / Off Hand": -6.350232692838875, "Tools / Alchemy": 5.4138454411397365, "Equipment / Feet": -1.1887951986445424, "Tools / Milking": -1.6068645075850703, "Tools / Crafting": -3.011634644603519, "Tools / Enhancing": -7.026432862914122, "Equipment / Hands": -3.1018084599229314, "Tools / Cheesesmithing": -3.8203749353109844, "Tools / Woodcutting": -2.8197337178928157, "Tools / Tailoring": 0.9510898177590097, "Tools / Brewing": -5.267009711652553, "Tools / Foraging": -6.436363411798233, "Tools / Cooking": -9.624922409971274, "Loots": 16.26373626373627, "Keys": -0.6502639040037683, "Jewelry": -0.5560048457352786, "Trinket": 3.4650961121549346}