{"Resources": 1.5303055228243683, "Equipment / Head": 0.1542600599127193, "Consumables": 1.4030207346725596, "Equipment / Body": 1.2685215778245522, "Equipment / Legs": -0.8602373518005021, "Books": -1.9803012685326793, "Equipment / Pouch": 4.047255506335796, "Equipment / Main Hand": -0.1374931025972865, "Equipment / Off Hand": -0.5167389421963103, "Tools / Alchemy": 1.3091611590797394, "Equipment / Feet": -2.5847928815530734, "Tools / Milking": 5.301390857486341, "Tools / Crafting": 3.8346629171423694, "Tools / Enhancing": -0.7179823968059287, "Equipment / Hands": -1.5795898216705502, "Tools / Cheesesmithing": 2.857206195164893, "Tools / Woodcutting": 3.780176129927141, "Tools / Tailoring": 4.485554152175625, "Tools / Brewing": 1.9406838865909448, "Tools / Foraging": -0.5844734677693803, "Tools / Cooking": 2.114308269418154, "Loots": 0.2743484224965722, "Keys": -4.1412184361373265, "Jewelry": 2.406377090653317, "Trinket": -0.6117736675474332}