{"Resources": -0.14343739617911347, "Equipment / Head": 0.5122137440092658, "Consumables": -0.1385077917908917, "Equipment / Body": 4.280663282529672, "Equipment / Legs": 1.1395174404381134, "Books": -0.421643020099854, "Equipment / Pouch": -1.7094775444147847, "Equipment / Main Hand": -0.4309891338070312, "Equipment / Off Hand": -4.091451922214154, "Tools / Alchemy": 2.4545473966294047, "Equipment / Feet": -0.7306973709229051, "Tools / Milking": -0.02712183242329568, "Tools / Crafting": 0.14858104008969933, "Tools / Enhancing": -0.11985670997831221, "Equipment / Hands": -2.8600012324369097, "Tools / Cheesesmithing": 3.2932185382569723, "Tools / Woodcutting": 2.0383555440398604, "Tools / Tailoring": 0.42562035767824674, "Tools / Brewing": 2.080601423358114, "Tools / Foraging": 0.10686677641479576, "Tools / Cooking": 0.5044462596207175, "Loots": -2.127659574468085, "Keys": -0.21935124801359668, "Jewelry": -0.7133356234680405, "Trinket": 1.0080645161290371}