{"Resources": 0.01624115005762838, "Equipment / Head": -2.0181440400453803, "Consumables": 0.4166056277281118, "Equipment / Body": -0.5049627836988339, "Equipment / Legs": -0.9062977056131493, "Books": 1.2766702664229983, "Equipment / Pouch": -2.2758448224867753, "Equipment / Main Hand": 0.4476786851885947, "Equipment / Off Hand": 4.637503094914232, "Tools / Alchemy": 5.594364125691466, "Equipment / Feet": 1.7709175203857976, "Tools / Milking": -0.9705115880570793, "Tools / Crafting": -0.6891891885253616, "Tools / Enhancing": -5.596133917871967, "Equipment / Hands": -8.950590139683088, "Tools / Cheesesmithing": 0.18292710061797626, "Tools / Woodcutting": -1.372374710163773, "Tools / Tailoring": 1.5730646468972596, "Tools / Brewing": -0.5183993500958446, "Tools / Foraging": 0.15315968451901185, "Tools / Cooking": -0.7432509739572234, "Loots": 0.0, "Keys": 0.6447253781029683, "Jewelry": 6.401341222507416, "Trinket": -1.2488224545155318}