{"Resources": 0.34276079267723286, "Equipment / Head": 1.9868321342629482, "Consumables": -0.04006728957058803, "Books": -0.359653078157604, "Equipment / Pouch": -0.6809515880376878, "Equipment / Main Hand": 0.3476519866758717, "Equipment / Off Hand": -1.7383575852055395, "Tools / Alchemy": 0.35076809231541, "Equipment / Feet": 0.7877105737594694, "Tools / Milking": 0.28490074602348664, "Tools / Crafting": 1.614571310895019, "Tools / Enhancing": -1.3672893420320626, "Equipment / Hands": -2.440863456904381, "Tools / Cheesesmithing": -1.7726809826968295, "Tools / Woodcutting": 0.7448354775710339, "Tools / Tailoring": -3.097272329711508, "Equipment / Body": 0.9674754243085502, "Equipment / Legs": -1.8124953315661658, "Tools / Brewing": 0.3369025535207488, "Tools / Foraging": -3.1516748421219694, "Tools / Cooking": -0.6301706433595772, "Loots": 2.6567481402763002, "Keys": -0.0010009271978103085, "Jewelry": -1.6912028330732156, "Trinket": -2.1647644192763362}