{"Resources": 0.6680466748038122, "Equipment / Head": 4.940669671243655, "Consumables": 0.3570063949483701, "Equipment / Body": 1.0544313995698664, "Equipment / Legs": 2.1496762034731822, "Books": -0.3849329480684347, "Equipment / Pouch": 0.07070159159987961, "Equipment / Main Hand": 2.0342658572348498, "Equipment / Off Hand": 4.41510120534417, "Tools / Alchemy": -4.649763095794574, "Equipment / Feet": 5.339446856095474, "Tools / Milking": -5.598813391891774, "Tools / Crafting": 3.4272411839666637, "Tools / Enhancing": 10.166321389592229, "Equipment / Hands": 1.7169854963683775, "Tools / Cheesesmithing": -0.6252760624699027, "Tools / Woodcutting": -5.1726052893196375, "Tools / Tailoring": -2.6681724635419464, "Tools / Brewing": 3.314830918091881, "Tools / Foraging": -4.9073460849036525, "Tools / Cooking": -1.0514797594975807, "Loots": 1.0135135135135123, "Keys": 1.835977904302398, "Jewelry": -0.5362962621090946, "Trinket": -2.721520922623748}