{"Resources": -1.1001955163026211, "Equipment / Head": -3.8497376900232094, "Consumables": -1.0037511809061768, "Equipment / Body": -0.9940949298271619, "Equipment / Legs": -3.397259225994724, "Books": -1.3188090950682154, "Equipment / Pouch": 0.15335846406938392, "Equipment / Main Hand": -2.9227599020412347, "Equipment / Off Hand": 4.211301578600826, "Tools / Alchemy": -3.3823272155504682, "Equipment / Feet": -2.789551980274699, "Tools / Milking": -1.9864267331008356, "Tools / Crafting": -1.822765118154147, "Tools / Enhancing": -4.158212094331349, "Equipment / Hands": -5.299854280670339, "Tools / Cheesesmithing": -2.492861947827642, "Tools / Woodcutting": -4.091379676457483, "Tools / Tailoring": -1.1716218665947633, "Tools / Brewing": -4.772125528098284, "Tools / Foraging": -4.290098813498148, "Tools / Cooking": -4.498957745828374, "Loots": 0.5202913631633739, "Keys": 0.09340337034587658, "Jewelry": 0.7316541076523826, "Trinket": -0.8596437581224684}