{"Resources": 0.09035580890140914, "Equipment / Head": 2.540353975662947, "Consumables": 1.5820599448830364, "Equipment / Legs": -0.3905778208438426, "Books": -1.372715932077452, "Equipment / Pouch": -1.0955555393644212, "Equipment / Main Hand": 0.0899198683362755, "Equipment / Off Hand": 1.5746456156772892, "Tools / Alchemy": -0.40855065361494336, "Equipment / Feet": -0.7040160426713428, "Tools / Milking": -1.177328032386751, "Tools / Crafting": 1.6186629560046435, "Tools / Enhancing": 0.6166145663948627, "Equipment / Hands": 0.30223012898134266, "Tools / Cheesesmithing": 0.010232848946208628, "Tools / Woodcutting": 5.07132944000963, "Tools / Tailoring": -1.7859652242993151, "Equipment / Body": 1.4763467592097277, "Tools / Brewing": -0.24334491682292858, "Tools / Foraging": -0.733685000642084, "Tools / Cooking": 0.10412322914675264, "Loots": 1.0718113612004339, "Keys": -0.31816166626212755, "Jewelry": 1.6872499736511855, "Trinket": -0.2759889604415836}