{"Resources": 0.14994586766909593, "Equipment / Head": 0.1614961001047286, "Equipment / Body": 1.441637053023006, "Equipment / Legs": -1.5306692288963695, "Consumables": 0.26041056684464475, "Books": 5.531638242172034, "Equipment / Pouch": -0.28856723596169986, "Equipment / Main Hand": 0.851918123414098, "Equipment / Off Hand": -3.7199160360134473, "Tools / Alchemy": 8.698764016598776, "Equipment / Feet": -0.25137693196662136, "Tools / Milking": 3.8303246194111793, "Tools / Crafting": -0.6841228784480674, "Tools / Enhancing": -2.8961626174049937, "Equipment / Hands": -0.29177239800055565, "Tools / Cheesesmithing": 2.1361405774859143, "Tools / Woodcutting": -2.5979556059425746, "Tools / Tailoring": 2.2646222581095956, "Tools / Brewing": 0.4541091704400828, "Tools / Foraging": 0.3112910736865038, "Tools / Cooking": -1.4666558606033981, "Loots": 1.2720156555772948, "Keys": -1.2748087296451955, "Jewelry": 0.5815081793269873, "Trinket": -1.608394621925998}