{"Resources": -0.4103974903610259, "Equipment / Head": 0.5349469928982116, "Consumables": 0.3487809822610084, "Equipment / Body": 0.39639517928023443, "Equipment / Legs": -0.80050585998383, "Books": -1.0988576865062614, "Equipment / Pouch": -1.084049423485141, "Equipment / Main Hand": -0.9279803313444946, "Equipment / Off Hand": -2.7770117895632693, "Tools / Alchemy": -3.166254405290903, "Equipment / Feet": -1.2562221553977955, "Tools / Milking": 0.911536776896374, "Tools / Crafting": 0.36782657066533114, "Tools / Enhancing": 2.3092411188723343, "Equipment / Hands": -3.6355558840405493, "Tools / Cheesesmithing": -0.11355687909259705, "Tools / Woodcutting": -1.0601036009295914, "Tools / Tailoring": -7.785498806155071, "Tools / Brewing": 1.1733388543122778, "Tools / Foraging": -0.0913874556359688, "Tools / Cooking": 0.8544445192238606, "Loots": 0.26666666666666666, "Keys": 0.5836305190213376, "Jewelry": -0.42556970867159605, "Trinket": 1.461988304093567}