{"Resources": -0.16410547503937875, "Equipment / Head": 2.68544661367486, "Consumables": -0.11992841885090395, "Equipment / Legs": 1.5026678458065859, "Books": -1.05553628482196, "Equipment / Pouch": -2.3086425279467364, "Equipment / Main Hand": -0.9862905060839584, "Equipment / Off Hand": -1.1684659306574867, "Tools / Alchemy": -1.8216814388623706, "Equipment / Feet": -2.2752886730196296, "Tools / Milking": 0.4781587578312806, "Tools / Crafting": 1.7290945356809948, "Tools / Enhancing": -1.4086364236927962, "Equipment / Hands": 2.792430096696236, "Tools / Cheesesmithing": -1.4681998701980699, "Tools / Woodcutting": -1.2232056608186803, "Tools / Tailoring": 0.6029699973202611, "Equipment / Body": 3.73525371096319, "Tools / Brewing": -1.1924628448061279, "Tools / Foraging": -0.30466689014926956, "Tools / Cooking": -1.925311241622624, "Loots": -0.8849557522123894, "Keys": -0.28117563778722415, "Jewelry": 1.5435275624520464, "Trinket": -0.07999999999999702}