{"Resources": -0.4468392082809434, "Equipment / Head": 1.089279101632985, "Consumables": 0.25055273765807545, "Equipment / Legs": -0.5530786706529752, "Books": 0.7938740622589051, "Equipment / Pouch": -3.842200055721778, "Equipment / Main Hand": -2.3641027080310963, "Equipment / Off Hand": -1.9944897277700304, "Tools / Alchemy": -0.47203041644699567, "Equipment / Feet": -0.8766116731045765, "Tools / Milking": 1.776320450807028, "Tools / Crafting": 2.2455940190801367, "Tools / Enhancing": -0.8392468847134662, "Equipment / Hands": -2.8676434963538076, "Tools / Cheesesmithing": -1.211386568790012, "Tools / Woodcutting": -0.5519456154647936, "Tools / Tailoring": 5.535165862977209, "Equipment / Body": 2.6690812360228353, "Tools / Brewing": 7.786255229490021, "Tools / Foraging": -0.46963362431415184, "Tools / Cooking": -0.5453494165087969, "Loots": -1.8428709990300711, "Keys": 0.027784067429796954, "Jewelry": -0.5549095849567756, "Trinket": -0.6478141682296964}