{"Resources": -0.07760859589106264, "Equipment / Head": 1.0082818405620875, "Equipment / Legs": -2.5808743324041528, "Equipment / Body": -1.574097719849225, "Consumables": -0.8662479424670166, "Books": -4.24887024834264, "Equipment / Pouch": -3.9404398627516515, "Equipment / Main Hand": -2.005332290039961, "Equipment / Off Hand": -2.6814368171132457, "Tools / Alchemy": 2.1104175545209114, "Equipment / Feet": -3.175904776092242, "Tools / Milking": -1.4569104770682384, "Tools / Crafting": -9.841104552692414, "Tools / Enhancing": -0.8492583934915648, "Equipment / Hands": -5.666345841563426, "Tools / Cheesesmithing": -3.3246164770533126, "Tools / Woodcutting": 0.4326819252132432, "Tools / Tailoring": -2.004897498248956, "Tools / Brewing": 2.385269218136833, "Tools / Foraging": -5.783963822203999, "Tools / Cooking": 1.160015732873408, "Loots": -0.4028197381671667, "Keys": 0.10124940598650262, "Jewelry": -3.186493645684697, "Trinket": -2.1471665589312665}