{"Resources": -0.402880865662108, "Equipment / Head": -0.3606249486761989, "Consumables": -0.43343657053730583, "Equipment / Body": 1.0174868296576975, "Equipment / Legs": -0.12604342405097824, "Books": -1.1423226411433636, "Equipment / Pouch": -1.5790883456135927, "Equipment / Main Hand": 10.655517964300067, "Equipment / Off Hand": 0.7137566378600403, "Tools / Alchemy": -2.0396049444578024, "Equipment / Feet": -1.0204438011075192, "Tools / Milking": 1.5009181954434454, "Tools / Crafting": -2.045490903265199, "Tools / Enhancing": 1.3440294832041704, "Equipment / Hands": -3.4868742443853136, "Tools / Cheesesmithing": -0.2914698691261857, "Tools / Woodcutting": 2.638951731800254, "Tools / Tailoring": -9.028272598634443, "Tools / Brewing": 0.24945154138562092, "Tools / Foraging": 1.010508181344808, "Tools / Cooking": 0.0830520122007154, "Loots": 0.35587188612100057, "Keys": 0.12386702384414532, "Jewelry": -0.4976225423065073, "Trinket": -0.7812500000000037}