{"Resources": 0.0050245457639636545, "Equipment / Head": 0.4438404203758089, "Consumables": 0.9731780516509552, "Equipment / Legs": -0.32226693899356307, "Books": -1.325176519420803, "Equipment / Pouch": -2.8206421391629983, "Equipment / Main Hand": 0.53315180771028, "Equipment / Off Hand": -1.0712749679680054, "Tools / Alchemy": -0.7838382607404366, "Equipment / Feet": 0.4275556402105154, "Tools / Milking": 1.3775569839361725, "Tools / Crafting": 0.1061655895470174, "Tools / Enhancing": -0.41096482188732086, "Equipment / Hands": -0.7463477362240714, "Tools / Cheesesmithing": -0.013505296784813445, "Tools / Woodcutting": 2.7644680063096128, "Tools / Tailoring": -0.3664000345151569, "Equipment / Body": 0.7013003937819374, "Tools / Brewing": -3.3946903526849064, "Tools / Foraging": -1.1310780059114438, "Tools / Cooking": 2.1938135071842515, "Loots": -1.5625000000000044, "Keys": 0.14558573399588762, "Jewelry": -1.194645701138012, "Trinket": 0.7350641226149546}