{"Resources": 0.031010960046533486, "Equipment / Head": -1.4447189779137344, "Consumables": -0.6800346760625852, "Equipment / Body": 2.0199598324914385, "Equipment / Legs": -2.592678512949777, "Books": -0.16535900606077572, "Equipment / Pouch": -3.8984108860774946, "Equipment / Main Hand": -0.8267058072065643, "Equipment / Off Hand": -3.040614452139559, "Tools / Alchemy": 1.5259318974328095, "Equipment / Feet": -0.22547041938018977, "Tools / Milking": 0.4577278200792648, "Tools / Crafting": -0.3850291276542062, "Tools / Enhancing": -2.830457943795676, "Equipment / Hands": -1.5000747839832786, "Tools / Cheesesmithing": 1.1841607200998314, "Tools / Woodcutting": -1.6871583546574433, "Tools / Tailoring": -0.8602954347014301, "Tools / Brewing": 0.1481009699221523, "Tools / Foraging": -2.0674135346770908, "Tools / Cooking": 0.37154614402681646, "Loots": -1.400560224089636, "Keys": -1.4952893946132992, "Jewelry": 0.22867431582833259, "Trinket": -3.3359846535348314}