{"Resources": -0.31671867382328456, "Equipment / Head": -0.8266862969133928, "Consumables": 0.7808225310824023, "Equipment / Legs": -2.2245608308189024, "Books": 0.43992341948574176, "Equipment / Pouch": -2.3071287660249244, "Equipment / Main Hand": -0.7168251714676551, "Equipment / Off Hand": -2.8131976299646184, "Tools / Alchemy": -0.603754615610815, "Equipment / Feet": -1.0274942045865842, "Tools / Milking": -5.466963162037773, "Tools / Crafting": -1.0422736534152437, "Tools / Enhancing": -6.834663135531675, "Equipment / Hands": -0.6492366690552595, "Tools / Cheesesmithing": -0.9852201181500015, "Tools / Woodcutting": -0.7695977492478738, "Tools / Tailoring": 53.99684113008759, "Equipment / Body": 0.4964462199349023, "Tools / Brewing": -1.3141183049380978, "Tools / Foraging": -4.922523385923376, "Tools / Cooking": -2.596633701821459, "Loots": -1.2682926829268237, "Keys": -1.0690641235435676, "Jewelry": -0.7297135059769758, "Trinket": 1.7088690632379946}