{"Resources": -0.6173313391874836, "Equipment / Head": -0.7695640473552839, "Consumables": 0.8252730960459979, "Equipment / Body": 0.6007873914133092, "Equipment / Legs": 1.2283257672434362, "Books": 0.5722222424396618, "Equipment / Pouch": -3.2186083112375408, "Equipment / Main Hand": 1.0629977184721453, "Equipment / Off Hand": 4.443465211811924, "Tools / Alchemy": 2.0029146803164313, "Equipment / Feet": 0.8985717680300033, "Tools / Milking": 3.878097458520993, "Tools / Crafting": -1.3281369621914485, "Tools / Enhancing": -1.7928027465960128, "Equipment / Hands": 0.859416131466094, "Tools / Cheesesmithing": -1.2574481942854105, "Tools / Woodcutting": -0.2777672924819658, "Tools / Tailoring": 0.8818772539376959, "Tools / Brewing": 8.029117028584938, "Tools / Foraging": -1.3041125917502914, "Tools / Cooking": 0.2178334094503894, "Loots": -1.0493179433368358, "Keys": 0.04781991229208972, "Jewelry": 0.6974922609716321, "Trinket": 6.690140845070427}