{"Resources": 0.22262805433188199, "Equipment / Head": 0.6107259036103525, "Consumables": -0.15741740040196955, "Equipment / Legs": 2.0968799321054536, "Books": -1.6138937354809346, "Equipment / Pouch": -1.3496095847989615, "Equipment / Main Hand": -1.682349467403048, "Equipment / Off Hand": -2.3163104879300396, "Tools / Alchemy": -2.5513582640840484, "Equipment / Feet": 0.3383052781075672, "Tools / Milking": -4.147206396377827, "Tools / Crafting": 0.06213703676050325, "Tools / Enhancing": 0.8976328986968779, "Equipment / Hands": 2.3260536112834993, "Tools / Cheesesmithing": -1.7287215384028403, "Tools / Woodcutting": -1.2635009406039421, "Tools / Tailoring": -1.645689966753627, "Equipment / Body": -0.27899701825945383, "Tools / Brewing": -1.0124368136264328, "Tools / Foraging": 0.14345939415209003, "Tools / Cooking": -7.281086595801501, "Loots": -3.083247687564235, "Keys": -0.13023224859616267, "Jewelry": 1.381852529267337, "Trinket": 1.6638935108153068}