{"Resources": 0.35009075330952444, "Equipment / Head": 4.1088042280929375, "Consumables": 0.9430706274117319, "Equipment / Legs": -0.670316188698371, "Books": -0.6504545226185191, "Equipment / Pouch": -0.8738778013932389, "Equipment / Main Hand": 5.286017514421391, "Equipment / Off Hand": 3.937454214242014, "Tools / Alchemy": -0.24091948167255506, "Equipment / Feet": 5.431040277028668, "Tools / Milking": -1.1076554489889237, "Tools / Crafting": 0.8631795210836188, "Tools / Enhancing": -2.743137082738582, "Equipment / Hands": 3.9840512555782595, "Tools / Cheesesmithing": 0.02740490312498145, "Tools / Woodcutting": 2.540779572783393, "Tools / Tailoring": 5.3189673427964435, "Equipment / Body": -1.6095838563228568, "Tools / Brewing": 43.57032050077688, "Tools / Foraging": 3.111897268885462, "Tools / Cooking": -3.767773034719151, "Loots": -3.578732106339471, "Keys": -0.9372200814916102, "Jewelry": 0.4530836709576801, "Trinket": 0.2099076406381157}