{"Resources": -0.0852345222147712, "Equipment / Head": 1.1997608891661649, "Consumables": 0.13732066781162802, "Equipment / Body": 0.1617578601258535, "Equipment / Legs": 0.29134436746284775, "Books": -1.1197255920623737, "Equipment / Pouch": -6.474710047572982, "Equipment / Main Hand": -1.9005762555397026, "Equipment / Off Hand": -2.841315212365645, "Tools / Alchemy": 0.9873950188901601, "Equipment / Feet": 0.8432246311921376, "Tools / Milking": 5.243466878508901, "Tools / Crafting": 2.737428067585306, "Tools / Enhancing": -0.9558625500429241, "Equipment / Hands": 0.09577821079523836, "Tools / Cheesesmithing": 4.0863436302278116, "Tools / Woodcutting": 4.51237899866943, "Tools / Tailoring": 1.0822881370065187, "Tools / Brewing": 0.45686104826226254, "Tools / Foraging": -1.8019106309684965, "Tools / Cooking": 0.2523008258782345, "Loots": 2.4545454545454515, "Keys": -0.06873737961814749, "Jewelry": -2.335769487312496, "Trinket": -3.3276043408001827}