{"Resources": -0.8167349848552826, "Equipment / Head": -1.6287821926200263, "Consumables": -1.3977132139982988, "Equipment / Body": -6.278277365636563, "Equipment / Legs": -5.091068956787083, "Books": -2.2876221407695128, "Equipment / Pouch": 6.483124732050591, "Equipment / Main Hand": -1.2493614153029806, "Equipment / Off Hand": -1.0017360088447773, "Tools / Alchemy": 0.4112306382026578, "Equipment / Feet": -7.223726505276813, "Tools / Milking": -5.539416528160478, "Tools / Crafting": -1.3348972145801647, "Tools / Enhancing": -1.7808176987222912, "Equipment / Hands": -5.512496070316169, "Tools / Cheesesmithing": 83.96823825481823, "Tools / Woodcutting": -3.2901811809718478, "Tools / Tailoring": -5.015726993958849, "Tools / Brewing": 0.512341327515405, "Tools / Foraging": 4.669621053520797, "Tools / Cooking": -2.1728507793360703, "Loots": -0.8474576271186393, "Keys": 1.2831839061886547, "Jewelry": -5.484918220403765, "Trinket": 0.9087092461856265}