{"Resources": -0.2710491051789099, "Equipment / Head": -0.3471965633785995, "Consumables": -0.05152996684831631, "Equipment / Legs": -0.3938161631231124, "Books": -0.5784279760864794, "Equipment / Pouch": 1.135644453304357, "Equipment / Main Hand": 1.2581471343200699, "Equipment / Off Hand": -2.8779128405375665, "Tools / Alchemy": -5.962317442795395, "Equipment / Feet": 1.4540227820916416, "Tools / Milking": 0.525745716985974, "Tools / Crafting": 1.1427103638231977, "Tools / Enhancing": -3.089339726661495, "Equipment / Hands": -2.9049770629122644, "Tools / Cheesesmithing": -0.5979372247929123, "Tools / Woodcutting": 1.5688608975455496, "Tools / Tailoring": -3.398211776155825, "Equipment / Body": 1.297623862620279, "Tools / Brewing": 3.803414732857233, "Tools / Foraging": -0.15311160084195283, "Tools / Cooking": 1.9203995746799305, "Loots": -1.9379844961240271, "Keys": 0.36071144482400774, "Jewelry": 0.07928880144162777, "Trinket": 0.20997241815879752}