{"Resources": -0.24866956697337578, "Equipment / Head": 0.6142182980205698, "Consumables": 0.6020271209810157, "Equipment / Legs": 0.19145184664074538, "Books": -1.1786909071272902, "Equipment / Pouch": -1.9286647256066334, "Equipment / Main Hand": 0.9836112467557594, "Equipment / Off Hand": -1.4943064104954196, "Tools / Alchemy": 0.5350133766995903, "Equipment / Feet": 0.03156019952617129, "Tools / Milking": 0.8583356275209324, "Tools / Crafting": -0.2278368711825815, "Tools / Enhancing": 0.06249297755177932, "Equipment / Hands": -1.2890738438995768, "Tools / Cheesesmithing": 0.19357270870754642, "Tools / Woodcutting": 2.003270585118488, "Tools / Tailoring": 0.12398626253463539, "Equipment / Body": 0.19169976503239725, "Tools / Brewing": -2.194493959199842, "Tools / Foraging": -0.6655661185125463, "Tools / Cooking": 2.1768309260801866, "Loots": -1.1764705882352942, "Keys": 0.16164568594236114, "Jewelry": -1.0807816004689494, "Trinket": -0.023126734505087843}