{"Resources": -0.9472278797714253, "Equipment / Head": 0.10211033348018247, "Consumables": -0.2839129632672863, "Equipment / Body": 0.44992741071030207, "Equipment / Legs": 1.7794872529120738, "Books": -1.080711053126987, "Equipment / Pouch": 1.4687147420298103, "Equipment / Main Hand": -0.7220313738986851, "Equipment / Off Hand": -1.5670179733718068, "Tools / Alchemy": -0.8604253764464991, "Equipment / Feet": -0.9831318529638331, "Tools / Milking": -0.38833545149587867, "Tools / Crafting": 0.370650290121576, "Tools / Enhancing": -1.370021780320417, "Equipment / Hands": -0.34797453100204756, "Tools / Cheesesmithing": 1.4019176149523018, "Tools / Woodcutting": -3.3965390962008364, "Tools / Tailoring": 4.616469853040216, "Tools / Brewing": 1.8359644554406689, "Tools / Foraging": -6.8914774146720665, "Tools / Cooking": 0.9955521603228389, "Loots": 2.1694214876033078, "Keys": -0.3952833563810114, "Jewelry": -1.0883880418412377, "Trinket": -1.173019844291459}