{"Resources": -1.0870274654753331, "Equipment / Head": -0.9315908435049619, "Consumables": -0.3824844392346418, "Equipment / Body": 0.5260020293861409, "Equipment / Legs": 0.7873840995551965, "Books": -0.2688331606291622, "Equipment / Pouch": 4.937631981236529, "Equipment / Main Hand": -1.4430889656245152, "Equipment / Off Hand": -1.8055643498396723, "Tools / Alchemy": -2.7699745490356977, "Equipment / Feet": 0.7901120303897361, "Tools / Milking": -3.41292204529087, "Tools / Crafting": 2.063462274966713, "Tools / Enhancing": 3.2188680249873363, "Equipment / Hands": -1.649859341105783, "Tools / Cheesesmithing": -1.3598378163949516, "Tools / Woodcutting": -0.05716609325228472, "Tools / Tailoring": -6.174672952730419, "Tools / Brewing": -3.1214535591757513, "Tools / Foraging": -1.6325040628888896, "Tools / Cooking": 3.913829015868335, "Loots": -11.538461538461538, "Keys": -0.4067541956133157, "Jewelry": 0.12786990416975716, "Trinket": 3.1762540426231656}