{"Resources": 0.14224181409458017, "Equipment / Head": 0.11477358207471525, "Equipment / Legs": 2.0225427056936005, "Equipment / Body": 0.42856937360357517, "Consumables": 0.7192354812549739, "Books": -3.943903945520046, "Equipment / Pouch": -2.9360421605707425, "Equipment / Main Hand": 0.14086563545337888, "Equipment / Off Hand": -2.376308878362179, "Tools / Alchemy": -2.254748792502366, "Equipment / Feet": -0.44805386457041363, "Tools / Milking": 1.1636213488261027, "Tools / Crafting": -3.0293584089043066, "Tools / Enhancing": -0.3050817760090626, "Equipment / Hands": 1.3609398617675812, "Tools / Cheesesmithing": -2.0249170743800007, "Tools / Woodcutting": 1.1729271471678446, "Tools / Tailoring": -0.19685846374101995, "Tools / Brewing": 0.4454532965817707, "Tools / Foraging": -1.4291800549072033, "Tools / Cooking": -4.210116621993031, "Loots": -1.466275659824047, "Keys": 0.3405056995327828, "Jewelry": 0.1832943012902701, "Trinket": -1.9523551184941554}