{"Resources": -0.5939011579936682, "Equipment / Head": 3.168096347630327, "Consumables": 0.5779718016876928, "Equipment / Body": 0.6923564697728067, "Equipment / Legs": -0.8287182314205114, "Books": -0.5749033963592284, "Equipment / Pouch": -2.377555295832341, "Equipment / Main Hand": -2.715188279548126, "Equipment / Off Hand": 3.1575499659317328, "Tools / Alchemy": 0.2793385814000467, "Equipment / Feet": 2.6246200207873733, "Tools / Milking": 1.6759782946217996, "Tools / Crafting": 1.2393578212280223, "Tools / Enhancing": 0.5020695824643554, "Equipment / Hands": -3.253096901187135, "Tools / Cheesesmithing": 0.6331046199241929, "Tools / Woodcutting": 4.068583974322369, "Tools / Tailoring": -2.6183716308096714, "Tools / Brewing": 2.8936960466078596, "Tools / Foraging": 4.4388869979519745, "Tools / Cooking": 7.088792682101591, "Loots": 2.1739130434782608, "Keys": -0.9441252119776034, "Jewelry": 0.9680288541912112, "Trinket": 0.15957446808510714}