{"Resources": 0.4983662192303288, "Equipment / Head": -1.7616748399233357, "Consumables": -0.3430989625051482, "Equipment / Body": -0.676984285303611, "Equipment / Legs": -1.5911143504087288, "Books": 2.240113646444552, "Equipment / Pouch": 61.23467778612373, "Equipment / Main Hand": -2.3053991770906874, "Equipment / Off Hand": -1.1037138478779247, "Tools / Alchemy": 6.763127808770346, "Equipment / Feet": -3.806885463471923, "Tools / Milking": -0.2805585439227507, "Tools / Crafting": 5.326308315857253, "Tools / Enhancing": -3.906379710142073, "Equipment / Hands": -0.507304987904234, "Tools / Cheesesmithing": 1.9608786985271378, "Tools / Woodcutting": 1.5846567672399121, "Tools / Tailoring": -2.0095272871728693, "Tools / Brewing": -0.8614700861936097, "Tools / Foraging": 119.33681749985004, "Tools / Cooking": 7.317073642313344, "Loots": 0.6734006734006674, "Keys": 0.03154643688819445, "Jewelry": -4.104138039566532, "Trinket": 2.3195394989199074}