{"Resources": -0.7506029639145857, "Equipment / Head": 0.34554475505613114, "Consumables": 0.4469759621724661, "Equipment / Body": -3.5173409103496303, "Equipment / Legs": -3.174899721942583, "Books": -0.7136464738894757, "Equipment / Pouch": -5.1105053824099675, "Equipment / Main Hand": 0.2794447110165199, "Equipment / Off Hand": 1.5180019831553604, "Tools / Alchemy": -1.3258681064773885, "Equipment / Feet": -1.081437164464923, "Tools / Milking": -7.269574975675637, "Tools / Crafting": -2.805741711856456, "Tools / Enhancing": -2.859766592710372, "Equipment / Hands": -0.9838794812859161, "Tools / Cheesesmithing": 13.964976557641654, "Tools / Woodcutting": -0.1579898794171693, "Tools / Tailoring": -1.1131961805834905, "Tools / Brewing": 1.6231169843757511, "Tools / Foraging": 7.667162551736633, "Tools / Cooking": 13.174498379163154, "Loots": 0.5081300813008154, "Keys": 0.05419710048370029, "Jewelry": -2.9500899149911364, "Trinket": -8.584747587265628}