{"Resources": 0.45687933753803495, "Equipment / Head": -0.19375603858689347, "Consumables": -0.7837486560331106, "Books": 0.41455828291118574, "Equipment / Pouch": -0.694255208115162, "Equipment / Main Hand": -0.07194331573617654, "Equipment / Off Hand": -5.129796834088059, "Tools / Alchemy": 2.114860704425306, "Equipment / Feet": 2.2227085895917207, "Tools / Milking": -1.7791647098789083, "Tools / Crafting": -1.2944188457862686, "Tools / Enhancing": 1.8523235064861248, "Equipment / Hands": -0.912850558219514, "Tools / Cheesesmithing": -0.6851662400542639, "Tools / Woodcutting": 2.9079091421340055, "Tools / Tailoring": 12.444644035338596, "Equipment / Body": 2.6197371997260093, "Equipment / Legs": 1.6150061987256072, "Tools / Brewing": -0.9276488503950842, "Tools / Foraging": 2.3622389282524336, "Tools / Cooking": 2.0000314622295234, "Loots": 0.940438871473353, "Keys": -0.3725852703721855, "Jewelry": 0.23673886344447637, "Trinket": -1.0845986984815608}