{"Resources": -0.519199451470549, "Equipment / Head": -0.9917853368319004, "Consumables": 0.2773190412405285, "Equipment / Legs": 0.7534090602561234, "Books": -2.1210369024106526, "Equipment / Pouch": 0.6572681521418337, "Equipment / Main Hand": 1.0241971629363735, "Equipment / Off Hand": 3.674759695023323, "Tools / Alchemy": -1.1588259560362197, "Equipment / Feet": -0.3039915644557043, "Tools / Milking": -1.811641426875916, "Tools / Crafting": -1.917287322074, "Tools / Enhancing": -4.353454388408871, "Equipment / Hands": 1.741109552166858, "Tools / Cheesesmithing": -0.7969412268295253, "Tools / Woodcutting": -1.8946575708164721, "Tools / Tailoring": 2.3738907843685735, "Equipment / Body": 2.926750950162005, "Tools / Brewing": -0.7733064268725468, "Tools / Foraging": -1.8406027746448284, "Tools / Cooking": 4.708004263551015, "Loots": 1.1247443762781155, "Keys": -0.7346464772321405, "Jewelry": -0.007920181531089554, "Trinket": 2.184873949579833}