{"Resources": -0.5134785481049613, "Equipment / Head": 0.1692777430844458, "Consumables": -2.665488795074442, "Equipment / Body": -3.16441626150641, "Equipment / Legs": -0.04084977338863344, "Books": -0.5699186597129993, "Equipment / Pouch": 0.44246940833427867, "Equipment / Main Hand": -0.7418932377759417, "Equipment / Off Hand": 0.6536421212877864, "Tools / Alchemy": 2.6432093101337446, "Equipment / Feet": -0.7928726024898317, "Tools / Milking": 0.637943723662514, "Tools / Crafting": -5.073964557932799, "Tools / Enhancing": -2.3824294872554814, "Equipment / Hands": -1.7854360784335208, "Tools / Cheesesmithing": -1.6575411648166334, "Tools / Woodcutting": 0.5812607659391309, "Tools / Tailoring": 1.0660959099916139, "Tools / Brewing": -2.8498919512208256, "Tools / Foraging": 2.369485591915446, "Tools / Cooking": -3.1617408676887635, "Loots": 0.8998875140607496, "Keys": -1.2516553057543416, "Jewelry": -4.018634810648928, "Trinket": -0.5633333333333364}