{"Resources": -0.38871593554305517, "Equipment / Head": -1.6268231994487623, "Consumables": -0.9953683396910382, "Equipment / Body": 0.06902501833525371, "Equipment / Legs": -0.6756508582985657, "Books": -2.677199158686693, "Equipment / Pouch": 1.5250098725658396, "Equipment / Main Hand": -0.3530684086409333, "Equipment / Off Hand": 1.2655221902128613, "Tools / Alchemy": 0.9340298938180231, "Equipment / Feet": -0.3360929450097113, "Tools / Milking": 1.1710393922649405, "Tools / Crafting": 0.9373157232895826, "Tools / Enhancing": 0.323457421018781, "Equipment / Hands": -1.3046666116776342, "Tools / Cheesesmithing": 1.7935020649446929, "Tools / Woodcutting": -3.897811321431201, "Tools / Tailoring": -4.855689424418835, "Tools / Brewing": 2.6828066724977226, "Tools / Foraging": 0.7891288904584995, "Tools / Cooking": 3.8453829743578893, "Loots": 0.3636363636363605, "Keys": -0.02789014152859913, "Jewelry": -0.9132405236808168, "Trinket": 1.5104166666666683}