{"Resources": 0.852135950470592, "Equipment / Head": 14.733996330028415, "Consumables": -0.3803061057545713, "Equipment / Body": -0.7477137140687333, "Equipment / Legs": 4.138976848559465, "Books": -3.481993862550521, "Equipment / Pouch": -1.7729551558753023, "Equipment / Main Hand": -0.9334674904841568, "Equipment / Off Hand": -2.491143448479556, "Tools / Alchemy": -4.313568823178006, "Equipment / Feet": -0.3565722390299554, "Tools / Milking": 0.43392398919299635, "Tools / Crafting": 40.137426151321165, "Tools / Enhancing": 24.0633163962931, "Equipment / Hands": 2.585337371689882, "Tools / Cheesesmithing": -1.1013335398507644, "Tools / Woodcutting": 3.3668256942414336, "Tools / Tailoring": 5.578920068514877, "Tools / Brewing": 5.948401766915859, "Tools / Foraging": 12.052398346878789, "Tools / Cooking": 6.011022456721993, "Loots": -3.0818278427205055, "Keys": 3.289318253194476, "Jewelry": -1.0893272338751507, "Trinket": -4.996776273372015}