{"Resources": -0.08324638380613418, "Equipment / Head": 4.008513554394775, "Consumables": -1.6314886463546705, "Equipment / Body": 0.20912982518190235, "Equipment / Legs": 4.498639238183961, "Books": -0.789408912396005, "Equipment / Pouch": 1.0036786742612784, "Equipment / Main Hand": 3.0917126197768963, "Equipment / Off Hand": 9.480244439584911, "Tools / Alchemy": 5.00251414653408, "Equipment / Feet": 0.6032961063788693, "Tools / Milking": 25.840781004740947, "Tools / Crafting": -1.0480205291472553, "Tools / Enhancing": -4.473800119448449, "Equipment / Hands": -1.7021462795632432, "Tools / Cheesesmithing": 0.8298606238055127, "Tools / Woodcutting": -0.47112936781704534, "Tools / Tailoring": 8.296391483979933, "Tools / Brewing": -0.3424556529675858, "Tools / Foraging": -5.624126537429821, "Tools / Cooking": 2.7898432148970644, "Loots": -0.7743362831858414, "Keys": 2.440362036929125, "Jewelry": -2.3981707951364375, "Trinket": -3.379844543922341}