{"Resources": 0.18660493109952273, "Equipment / Head": -2.0100776506910796, "Consumables": -0.9496720266587614, "Equipment / Legs": -0.34263226731685287, "Books": 0.0020298271220411195, "Equipment / Pouch": -2.0695948246049887, "Equipment / Main Hand": -1.8257336119668055, "Equipment / Off Hand": -5.38039609941182, "Tools / Alchemy": 0.16961285408619428, "Equipment / Feet": 0.13817798110206517, "Tools / Milking": -0.548286242519911, "Tools / Crafting": -0.6338405754148353, "Tools / Enhancing": 6.014886958880231, "Equipment / Hands": -1.0767586644666083, "Tools / Cheesesmithing": -1.0308615256812437, "Tools / Woodcutting": 3.9746906015033967, "Tools / Tailoring": -1.2593720623611573, "Equipment / Body": -0.1140721999780551, "Tools / Brewing": 0.02624853035324318, "Tools / Foraging": 0.41427984355573555, "Tools / Cooking": -0.7318376834617566, "Loots": -0.17699115044247377, "Keys": -1.2417310982490903, "Jewelry": -0.3642797059456928, "Trinket": -1.538461538461535}