{"Resources": 0.6505006805416609, "Equipment / Head": -0.8961833357516775, "Consumables": -1.2797283400623503, "Books": -1.1023912051390277, "Equipment / Pouch": -3.3169576446085465, "Equipment / Main Hand": 6.623159043453705, "Equipment / Off Hand": -2.012690692500833, "Tools / Alchemy": -1.9527156714698561, "Equipment / Feet": -0.08147433316642129, "Tools / Milking": -0.4155681145053864, "Tools / Crafting": -4.780629025210338, "Tools / Enhancing": -3.003657137015168, "Equipment / Hands": -3.1339380353110937, "Tools / Cheesesmithing": -4.676710062240669, "Tools / Woodcutting": -0.09140767842963249, "Tools / Tailoring": -2.8978469915339837, "Equipment / Body": -0.9272592737542723, "Equipment / Legs": -2.770956469277181, "Tools / Brewing": -1.9676639644927763, "Tools / Foraging": -4.989751510958404, "Tools / Cooking": 10.095601171233588, "Loots": 0.6134969325153374, "Keys": 1.0540101742148276, "Jewelry": 1.080364038998603, "Trinket": -2.978532823576338}