{"Resources": -1.401234054718518, "Equipment / Head": 0.3082689117818209, "Consumables": 1.1679094259551053, "Equipment / Legs": -4.426072085682529, "Books": -0.940707079416942, "Equipment / Pouch": -1.5951886309708374, "Equipment / Main Hand": 0.8551743862639335, "Equipment / Off Hand": 2.179136233747981, "Tools / Alchemy": 2.973988195527899, "Equipment / Feet": -1.485077999447424, "Tools / Milking": 4.804603445165843, "Tools / Crafting": 2.611759557871828, "Tools / Enhancing": -3.6153662853836583, "Equipment / Hands": -2.4689361734864947, "Tools / Cheesesmithing": 2.3604767730275213, "Tools / Woodcutting": 11.253678909938632, "Tools / Tailoring": 4.526604573978473, "Equipment / Body": -1.8606332790071092, "Tools / Brewing": 0.8258186758963794, "Tools / Foraging": 9.872257990943995, "Tools / Cooking": 0.10851402815137247, "Loots": -0.22675736961451248, "Keys": 3.649095739687446, "Jewelry": -1.0107055550769133, "Trinket": -1.9104701045669858}