{"Resources": 1.1136893014552216, "Equipment / Head": -2.4955211074321757, "Consumables": 1.1700744164031667, "Books": -1.0938761421493595, "Equipment / Pouch": -3.5537139930981976, "Equipment / Main Hand": 1.7789434241452027, "Equipment / Off Hand": -1.3724416496519696, "Tools / Alchemy": -1.5929703291612227, "Equipment / Feet": -0.6073525463994647, "Tools / Milking": 0.26350911944647215, "Tools / Crafting": 2.8127632796320534, "Tools / Enhancing": 3.457108456370456, "Equipment / Hands": -3.0321011284659347, "Tools / Cheesesmithing": 2.974141245217395, "Tools / Woodcutting": 5.689570642776624, "Tools / Tailoring": 3.174735951587046, "Equipment / Body": -1.2318933911188925, "Equipment / Legs": 0.7472276596112846, "Tools / Brewing": 9.13634927104369, "Tools / Foraging": 3.330548385677501, "Tools / Cooking": 3.6465126975587183, "Loots": -2.4390243902439024, "Keys": -4.841988553745162, "Jewelry": -2.4678116982957428, "Trinket": -0.4381841648209869}