{"Resources": -0.8143895033803553, "Equipment / Head": -2.100055732997496, "Consumables": 0.4099557566921828, "Equipment / Body": -1.507251434160392, "Equipment / Legs": 0.1833119133639374, "Books": -1.3058647261354082, "Equipment / Pouch": 1.1978182902135752, "Equipment / Main Hand": -0.9662140847544868, "Equipment / Off Hand": 2.492937560507281, "Tools / Alchemy": -0.4914197938279603, "Equipment / Feet": -0.8392033309710186, "Tools / Milking": -1.3279871374232874, "Tools / Crafting": 2.3241258948353654, "Tools / Enhancing": 3.8629312569540772, "Equipment / Hands": -4.068696571102506, "Tools / Cheesesmithing": -1.9838746760793111, "Tools / Woodcutting": -3.027403506492935, "Tools / Tailoring": -1.9972675486364817, "Tools / Brewing": -0.053259923689535076, "Tools / Foraging": -0.8363084195963013, "Tools / Cooking": 0.040799710359127724, "Loots": -3.568242640499558, "Keys": -0.13665917573668693, "Jewelry": 0.43934651467899755, "Trinket": 0.05064208019249439}