{"Resources": -0.03280145540691313, "Equipment / Head": 0.21026427067958575, "Consumables": -0.058079828534579554, "Equipment / Legs": 0.39435229884198, "Books": -1.8804086218095695, "Equipment / Pouch": -0.005946491648751539, "Equipment / Main Hand": 2.1068490241427384, "Equipment / Off Hand": 4.51321718278613, "Tools / Alchemy": 0.5013314512419287, "Equipment / Feet": 0.4282022607383494, "Tools / Milking": -1.0608575111161955, "Tools / Crafting": -0.6101517331056814, "Tools / Enhancing": 0.3207406476317224, "Equipment / Hands": -2.7200665651538407, "Tools / Cheesesmithing": -0.3577525987508966, "Tools / Woodcutting": 1.202786215309907, "Tools / Tailoring": 0.7611734420823231, "Equipment / Body": 0.19235587675377408, "Tools / Brewing": 1.7956322245518415, "Tools / Foraging": -0.5099379107531292, "Tools / Cooking": -2.0397469228160436, "Loots": 1.652892561983476, "Keys": 1.6976941729427817, "Jewelry": -0.18477819831439174, "Trinket": -0.789531124678239}