{"Resources": -0.16262680837028817, "Equipment / Head": 3.984546646722854, "Consumables": 1.0061789598729975, "Equipment / Legs": 2.3722376234505544, "Books": -0.3606680381306999, "Equipment / Pouch": 1.0868416803777954, "Equipment / Main Hand": 3.9273808703129376, "Equipment / Off Hand": -1.906690690104247, "Tools / Alchemy": -4.289613747997043, "Equipment / Feet": 3.602311965485825, "Tools / Milking": 1.5011157781756381, "Tools / Crafting": -0.6761883946383119, "Tools / Enhancing": -1.810601562645916, "Equipment / Hands": -0.43593754997070205, "Tools / Cheesesmithing": -2.235541392925371, "Tools / Woodcutting": -1.1137806535170494, "Tools / Tailoring": -3.9722236003793774, "Equipment / Body": -0.15084003381844777, "Tools / Brewing": 2.829519460724175, "Tools / Foraging": -0.7210106441824399, "Tools / Cooking": -2.9408241762233573, "Loots": 0.6809338521400784, "Keys": 0.6893285108804945, "Jewelry": 0.3992534382681325, "Trinket": 2.353241884638323}