{"Resources": 0.17456802543871483, "Equipment / Head": -0.6030028708597468, "Consumables": -0.3870016419000392, "Equipment / Body": 0.8431268515560786, "Equipment / Legs": -1.8519582400674561, "Books": -1.967920890746451, "Equipment / Pouch": 42.3169391795987, "Equipment / Main Hand": -0.5266333489465295, "Equipment / Off Hand": 3.5754769518929965, "Tools / Alchemy": 1.245238031450264, "Equipment / Feet": 0.1586547099197366, "Tools / Milking": 5.104269604582863, "Tools / Crafting": 2.9141159880419427, "Tools / Enhancing": 0.011467736326119748, "Equipment / Hands": 8.176639924880554, "Tools / Cheesesmithing": -0.9107787806934032, "Tools / Woodcutting": 1.1790355071434782, "Tools / Tailoring": 0.7967390229946274, "Tools / Brewing": 1.78681094589389, "Tools / Foraging": 2.2153608874919057, "Tools / Cooking": 1.426193874673928, "Loots": -1.45852324521422, "Keys": -0.45106206753951167, "Jewelry": -2.2878999430105535, "Trinket": 1.3202769739561786}