{"Resources": 0.006570455086468501, "Equipment / Head": 2.7294247666146556, "Consumables": 0.6576360463535849, "Equipment / Body": -0.9485458487065679, "Equipment / Legs": -1.7886995079749566, "Books": 0.8807155620792141, "Equipment / Pouch": 1.6035694614925842, "Equipment / Main Hand": -0.0013869829944129065, "Equipment / Off Hand": 3.087794019872679, "Tools / Alchemy": 2.502765053213819, "Equipment / Feet": 16.247398724174403, "Tools / Milking": 2.3465128777492628, "Tools / Crafting": 0.8916469998958617, "Tools / Enhancing": -1.855304449828889, "Equipment / Hands": 1.2699892246845825, "Tools / Cheesesmithing": -1.2058469762196449, "Tools / Woodcutting": -1.8544988064871362, "Tools / Tailoring": 2.031319546877221, "Tools / Brewing": 0.7348206452045432, "Tools / Foraging": 0.4588753861947618, "Tools / Cooking": -0.544774474910191, "Loots": -2.5889967637540434, "Keys": 0.6270482967069978, "Jewelry": -0.6104359200109343, "Trinket": -0.07565176908752247}