{"Resources": -0.3784540282828463, "Equipment / Head": -0.07601534476704302, "Consumables": 0.07286032268833836, "Equipment / Legs": -1.4308392727797474, "Books": -2.7161884368377085, "Equipment / Pouch": 0.6419906953510559, "Equipment / Main Hand": 12.041762165281904, "Equipment / Off Hand": 1.1458919721896386, "Tools / Alchemy": -1.8025932051831894, "Equipment / Feet": -0.9720028633971234, "Tools / Milking": 0.27107398278376166, "Tools / Crafting": -0.04488253259382205, "Tools / Enhancing": -2.2534723530430893, "Equipment / Hands": -0.2815498810510182, "Tools / Cheesesmithing": -1.8724991265309696, "Tools / Woodcutting": -0.11837107088730836, "Tools / Tailoring": -1.896868260594203, "Equipment / Body": -0.4781627376905306, "Tools / Brewing": -4.675043729545105, "Tools / Foraging": -1.7976738328041812, "Tools / Cooking": -1.1400249745740834, "Loots": 1.2889366272824951, "Keys": -0.032261077549797165, "Jewelry": -1.0061589640616329, "Trinket": -0.4488330341113127}