{"Resources": 0.4355655942379611, "Equipment / Head": -1.0624522310576263, "Consumables": 1.3703598051709809, "Equipment / Body": -2.7682530251125357, "Equipment / Legs": -0.22461995286302058, "Books": 0.26346294546487403, "Equipment / Pouch": 1.6565019392126807, "Equipment / Main Hand": 0.5815375550846767, "Equipment / Off Hand": -1.0019202276250845, "Tools / Alchemy": 1.8846599285802572, "Equipment / Feet": -1.3663822880332175, "Tools / Milking": 2.161504170390723, "Tools / Crafting": 6.94718516958998, "Tools / Enhancing": 3.8974446437341577, "Equipment / Hands": -2.863208013742463, "Tools / Cheesesmithing": 0.29187207918609115, "Tools / Woodcutting": -2.4415728968410515, "Tools / Tailoring": 0.15418161077862846, "Tools / Brewing": 2.55161766715094, "Tools / Foraging": 7.919043463610248, "Tools / Cooking": -1.8008350337267702, "Loots": -2.0872865275142356, "Keys": -0.746384868659615, "Jewelry": 1.193715767538674, "Trinket": -0.16666666666666388}