{"Resources": 0.3661074606657698, "Equipment / Head": 0.05635861812091767, "Consumables": -0.057615965252246895, "Equipment / Body": 0.9464584126478633, "Equipment / Legs": 0.36326967754213113, "Books": -1.86346659046963, "Equipment / Pouch": 4.281307244132024, "Equipment / Main Hand": 0.5165943842786987, "Equipment / Off Hand": 0.6815996966226329, "Tools / Alchemy": 0.6238220779263066, "Equipment / Feet": 3.019571994800182, "Tools / Milking": -1.7432398922585732, "Tools / Crafting": 0.8362647855355466, "Tools / Enhancing": -0.9527598435369425, "Equipment / Hands": 1.8019883174462965, "Tools / Cheesesmithing": 1.4170815111079869, "Tools / Woodcutting": -3.001612004888164, "Tools / Tailoring": 3.9263266617493753, "Tools / Brewing": 0.9651682341670643, "Tools / Foraging": -3.5709692104944293, "Tools / Cooking": -3.341501731594094, "Loots": 0.0, "Keys": 0.0035063988046948324, "Jewelry": -1.4540776357956073, "Trinket": 1.2126320709051788}