{"Resources": -0.39904294235401805, "Equipment / Head": 1.1834725753214805, "Equipment / Legs": -2.168970013846883, "Equipment / Body": 1.5306864089326546, "Consumables": -0.3546401248165859, "Books": -2.217821720700054, "Equipment / Pouch": 5.6194159071007785, "Equipment / Main Hand": -1.5473959360368348, "Equipment / Off Hand": 18.11842356619542, "Tools / Alchemy": -1.3478726304291042, "Equipment / Feet": 4.7326775292916885, "Tools / Milking": -3.1533424483215233, "Tools / Crafting": 3.441293244869043, "Tools / Enhancing": -3.6827350808130204, "Equipment / Hands": 11.984662304972401, "Tools / Cheesesmithing": 3.8694929892979415, "Tools / Woodcutting": -0.2669399518740527, "Tools / Tailoring": 2.479857618934378, "Tools / Brewing": -0.8990907413793942, "Tools / Foraging": 0.03221602449329908, "Tools / Cooking": 1.4928174907976233, "Loots": 0.0, "Keys": 0.5214489160731105, "Jewelry": -2.258594946234478, "Trinket": 1.9811396792133467}