{"Resources": -0.7864568773502126, "Equipment / Head": -4.005156965220545, "Consumables": -1.9113363819447555, "Equipment / Body": -1.5969876092187425, "Equipment / Legs": -3.440470918654296, "Books": -1.1202492749409272, "Equipment / Pouch": -2.5932747722628267, "Equipment / Main Hand": -0.344611783528977, "Equipment / Off Hand": 0.9694586840036574, "Tools / Alchemy": -6.180636594122279, "Equipment / Feet": -1.72020577017599, "Tools / Milking": -2.6798702098740583, "Tools / Crafting": -6.487431888998377, "Tools / Enhancing": -5.005195221810809, "Equipment / Hands": -3.7019050101974087, "Tools / Cheesesmithing": -6.5714764644093995, "Tools / Woodcutting": -6.346050264754163, "Tools / Tailoring": -5.191289071375736, "Tools / Brewing": -5.6720949520802915, "Tools / Foraging": -7.4066669383925, "Tools / Cooking": -6.848552463905773, "Loots": 4.648648648648645, "Keys": -0.7339684022602916, "Jewelry": 0.26382496981686687, "Trinket": -2.1883587872235}