{"Resources": -0.0007292803086876073, "Equipment / Head": 4.110942264644753, "Consumables": -0.3513193883702402, "Equipment / Body": -2.228612423505015, "Books": -3.799317036834723, "Equipment / Pouch": -5.67641033219967, "Equipment / Main Hand": 3.1386366276786375, "Equipment / Off Hand": -0.08804614854555882, "Tools / Alchemy": 0.27125508481914395, "Equipment / Feet": 5.015387400402397, "Tools / Milking": -2.9150149718823357, "Tools / Crafting": -4.544937857938676, "Tools / Enhancing": -1.0389343739945571, "Equipment / Hands": -1.8353535280635558, "Tools / Cheesesmithing": 4.514536629709168, "Tools / Woodcutting": -0.40550367421034705, "Tools / Tailoring": -2.6001015354874415, "Equipment / Legs": 0.2534184573178268, "Tools / Brewing": -0.1949660326075779, "Tools / Foraging": -3.855996388390583, "Tools / Cooking": 9.30623365374914, "Loots": 0.09699321047527125, "Keys": -0.13243677511834323, "Jewelry": -3.082087540996377, "Trinket": -4.51491709824282}