{"Resources": -0.05614293049344947, "Equipment / Head": -2.351895755048244, "Consumables": -0.7912101701076868, "Equipment / Body": -2.3700994193955838, "Equipment / Legs": 0.11166305216235711, "Books": -0.33105263211965297, "Equipment / Pouch": -2.9980974971841774, "Equipment / Main Hand": -0.17960955388129293, "Equipment / Off Hand": -0.8927307101712738, "Tools / Alchemy": -5.688541057957672, "Equipment / Feet": -1.5090116704812244, "Tools / Milking": 0.38010838014627585, "Tools / Crafting": -2.963849114942145, "Tools / Enhancing": 2.4562552912210904, "Equipment / Hands": 5.563994556968239, "Tools / Cheesesmithing": 0.19168675181132988, "Tools / Woodcutting": -17.49500013731536, "Tools / Tailoring": -4.743903538130789, "Tools / Brewing": 0.9995728877653639, "Tools / Foraging": -13.783166213202225, "Tools / Cooking": -0.7739303062522078, "Loots": 0.6734006734006674, "Keys": 0.7009988980471062, "Jewelry": -1.0388332111883367, "Trinket": -3.227805999032411}