{"Resources": 0.8974205079739189, "Equipment / Head": 2.7277313644736063, "Consumables": 1.0887943465892165, "Equipment / Body": -0.28225679538470605, "Equipment / Legs": 0.21268170728240726, "Books": 0.006511324838541071, "Equipment / Pouch": 6.17091836901382, "Equipment / Main Hand": -0.535127686395736, "Equipment / Off Hand": -0.637290039317263, "Tools / Alchemy": -0.6517085731117758, "Equipment / Feet": 2.053876122900975, "Tools / Milking": 1.093015533813323, "Tools / Crafting": 0.6748371899973054, "Tools / Enhancing": 2.080272926368858, "Equipment / Hands": 1.64758851901773, "Tools / Cheesesmithing": 3.476770549290915, "Tools / Woodcutting": 0.7246705750789837, "Tools / Tailoring": -1.7321475357547078, "Tools / Brewing": 1.2389101585271634, "Tools / Foraging": -0.5348699448342599, "Tools / Cooking": -0.21766333205996144, "Loots": 0.8042895442359249, "Keys": -0.239892003099039, "Jewelry": -0.19583059020850987, "Trinket": 0.40983606557377245}