{"Resources": -0.7001355438907362, "Equipment / Head": 1.7011483096887778, "Consumables": -0.12937044224577465, "Equipment / Legs": -0.9857943530502439, "Books": -1.8454115315205666, "Equipment / Pouch": 0.45323729474128827, "Equipment / Main Hand": 2.6678679509735694, "Equipment / Off Hand": -0.350519298530183, "Tools / Alchemy": 2.434492660026266, "Equipment / Feet": -0.5233377763158957, "Tools / Milking": 0.02306927775793723, "Tools / Crafting": -1.446120875022834, "Tools / Enhancing": -4.1068017289135526, "Equipment / Hands": 2.2348531683765076, "Tools / Cheesesmithing": -0.2219401415110855, "Tools / Woodcutting": 0.17817630599164871, "Tools / Tailoring": -0.6742856004960626, "Equipment / Body": -3.133508262810521, "Tools / Brewing": 1.875484811540674, "Tools / Foraging": 0.9523782714703434, "Tools / Cooking": -1.0929984489261175, "Loots": -3.4055727554179565, "Keys": 0.8212007910009624, "Jewelry": -0.5969916707525276, "Trinket": -0.9787234042553161}