{"Resources": -0.30954035214469255, "Equipment / Head": -2.965679532671501, "Consumables": -0.0828774860269918, "Equipment / Body": -1.680003074992214, "Equipment / Legs": 0.7100024392290479, "Books": 0.7299919383775225, "Equipment / Pouch": -1.1656486178047758, "Equipment / Main Hand": -0.7633517866738722, "Equipment / Off Hand": -2.9027148974076136, "Tools / Alchemy": -2.725074592003297, "Equipment / Feet": -0.7402764936950539, "Tools / Milking": -1.1088151757349443, "Tools / Crafting": 0.8660367839761051, "Tools / Enhancing": -0.26932373420916905, "Equipment / Hands": -2.8953909193857457, "Tools / Cheesesmithing": -2.4425268680297676, "Tools / Woodcutting": -0.32503217561156506, "Tools / Tailoring": -2.1922399689448167, "Tools / Brewing": -2.543499883124322, "Tools / Foraging": 1.4214050906938613, "Tools / Cooking": -3.941129558742737, "Loots": 0.10172939979654595, "Keys": 0.17847338526596776, "Jewelry": 1.0624112582991363, "Trinket": 1.7210709701081965}