{"Resources": -0.6994297189140269, "Equipment / Head": -1.7431401055517515, "Consumables": -0.5026311574106469, "Equipment / Body": -1.8100247097379523, "Equipment / Legs": -1.3515133520716747, "Books": -2.1543259178822414, "Equipment / Pouch": -1.8340374859380237, "Equipment / Main Hand": 0.8721938895268789, "Equipment / Off Hand": -1.4835145325312467, "Tools / Alchemy": 0.38618481918277425, "Equipment / Feet": -1.7488347243869087, "Tools / Milking": -1.1654881770644532, "Tools / Crafting": 0.42984656461489895, "Tools / Enhancing": -4.887568517869985, "Equipment / Hands": 0.12692401317463453, "Tools / Cheesesmithing": 0.043920063473144415, "Tools / Woodcutting": -2.347707592039805, "Tools / Tailoring": 7.656989889579667, "Tools / Brewing": -3.0377023664687077, "Tools / Foraging": -0.6029487743994297, "Tools / Cooking": 1.13787207098429, "Loots": 1.6443987667009243, "Keys": -0.24781073051542404, "Jewelry": 0.3464676243673436, "Trinket": -1.6195366050718016}