{"Resources": -0.05793180599601243, "Equipment / Head": 0.7032393062689102, "Consumables": -0.3568369534664764, "Equipment / Legs": 0.10339479398140408, "Books": -0.3203568789349843, "Equipment / Pouch": 0.20613435046654205, "Equipment / Main Hand": 0.2851399601151291, "Equipment / Off Hand": 1.6474621679293444, "Tools / Alchemy": -0.08415116103815778, "Equipment / Feet": -0.01146641537767616, "Tools / Milking": 0.012132302348792201, "Tools / Crafting": 0.31012046581160824, "Tools / Enhancing": -0.5595897933329158, "Equipment / Hands": 1.1779478731174067, "Tools / Cheesesmithing": -0.8358482666783063, "Tools / Woodcutting": 0.07720616619914043, "Tools / Tailoring": 0.34089632145722043, "Equipment / Body": -0.26959332283265874, "Tools / Brewing": 1.4116684562698671, "Tools / Foraging": 0.2615826426878938, "Tools / Cooking": 0.020048669874453813, "Loots": 0.0, "Keys": -0.28872656687818204, "Jewelry": -0.1484006189888543, "Trinket": 0.0}