{"Resources": -0.2965326527098735, "Equipment / Head": -1.5574337358186645, "Consumables": -0.7974846607914705, "Equipment / Legs": 0.4453220337397851, "Books": -0.07775874942851177, "Equipment / Pouch": -1.6891831714337007, "Equipment / Main Hand": -1.9492488294100683, "Equipment / Off Hand": 4.673226850585568, "Tools / Alchemy": -0.7648737425516574, "Equipment / Feet": -2.2580698053808215, "Tools / Milking": -0.022426802372415233, "Tools / Crafting": -2.8814629670345875, "Tools / Enhancing": -0.21189523871015448, "Equipment / Hands": -2.336233910956132, "Tools / Cheesesmithing": -2.425116020413626, "Tools / Woodcutting": -1.961830166881669, "Tools / Tailoring": -4.453883889227266, "Equipment / Body": -1.4849694991224724, "Tools / Brewing": -2.4043764671943637, "Tools / Foraging": -3.6742823237731943, "Tools / Cooking": -0.3676412389845981, "Loots": -0.8434864104967186, "Keys": -0.3057782958849919, "Jewelry": 0.2386639291377241, "Trinket": 0.8408408408408407}