{"Resources": -0.28407323410712804, "Equipment / Head": 2.699537279259112, "Consumables": -0.09499139985022585, "Equipment / Legs": -1.251920176140875, "Books": -1.0597721542247063, "Equipment / Pouch": -2.190717596404385, "Equipment / Main Hand": -1.3792903024423444, "Equipment / Off Hand": 0.7336729304644555, "Tools / Alchemy": -2.5985651026122842, "Equipment / Feet": -1.5665354052916562, "Tools / Milking": -3.5006337451061658, "Tools / Crafting": -2.776297701043534, "Tools / Enhancing": -2.4547821135086325, "Equipment / Hands": 3.551985852316982, "Tools / Cheesesmithing": -4.157298964009595, "Tools / Woodcutting": -2.780420555708974, "Tools / Tailoring": -3.17193252821743, "Equipment / Body": 2.502172015567419, "Tools / Brewing": 0.665632982709625, "Tools / Foraging": -0.6575544118699389, "Tools / Cooking": -4.658272282905169, "Loots": 6.469500924214422, "Keys": -1.385637266687335, "Jewelry": -1.1291174504308972, "Trinket": 2.7160493827160495}