{"Resources": -0.022704074843057205, "Equipment / Head": -0.22219525418593652, "Consumables": -0.10524879414865307, "Equipment / Body": 0.5262614499962838, "Equipment / Legs": -0.9495199717431531, "Books": 0.1523909308114921, "Equipment / Pouch": 0.09748957534650604, "Equipment / Main Hand": 1.1530664109396367, "Equipment / Off Hand": -3.9630906544566185, "Tools / Alchemy": -0.40196004740839825, "Equipment / Feet": -0.8529046383840759, "Tools / Milking": 0.23784442486934546, "Tools / Crafting": 1.8327513931589305, "Tools / Enhancing": -1.3661890695731678, "Equipment / Hands": -1.1471902849856614, "Tools / Cheesesmithing": -1.686736770889615, "Tools / Woodcutting": 3.0802539553470174, "Tools / Tailoring": 0.9738580753916237, "Tools / Brewing": -0.10469871696335509, "Tools / Foraging": 0.7350603344370524, "Tools / Cooking": 0.4895199793023916, "Loots": -0.4629629629629629, "Keys": -1.0875921955994485, "Jewelry": -0.5628206728100751, "Trinket": -0.4132231404958678}