{"Resources": 0.88356837431169, "Equipment / Head": 2.27624032506702, "Consumables": 0.17295592131049767, "Equipment / Legs": -0.9655415983259724, "Books": 1.86106255976801, "Equipment / Pouch": -0.23486528389847705, "Equipment / Main Hand": 1.8072902984813806, "Equipment / Off Hand": 0.17458230383873147, "Tools / Alchemy": 2.5847188788169686, "Equipment / Feet": 1.7128043736007625, "Tools / Milking": 1.3116793738807837, "Tools / Crafting": -0.6127328069875502, "Tools / Enhancing": -0.34580022585044445, "Equipment / Hands": -0.625775865447422, "Tools / Cheesesmithing": -0.2437093851983174, "Tools / Woodcutting": 1.7280331578720916, "Tools / Tailoring": 1.6900269483558197, "Equipment / Body": 0.2624901016238638, "Tools / Brewing": 6.465053534127642, "Tools / Foraging": 1.4980969813102945, "Tools / Cooking": 0.343613390415246, "Loots": 0.7299270072992659, "Keys": 0.03883020162404418, "Jewelry": 0.3562563712006894, "Trinket": -1.4962687268557642}