{"Resources": -0.2321957890607773, "Equipment / Head": 0.8414107800411618, "Consumables": -1.0501492118505806, "Books": -2.06474140218914, "Equipment / Pouch": -0.22911662188081722, "Equipment / Main Hand": -1.0533076947277058, "Equipment / Off Hand": 0.9229219460483272, "Tools / Alchemy": 1.314440484525298, "Equipment / Feet": 1.910840631585723, "Tools / Milking": 1.2051788075346872, "Tools / Crafting": 0.14727197122217522, "Tools / Enhancing": 2.0298962934696094, "Equipment / Hands": 4.1980290521521395, "Tools / Cheesesmithing": -1.690439867291245, "Tools / Woodcutting": 0.9434963601011959, "Tools / Tailoring": 0.36791392355218466, "Equipment / Body": 0.5567879115325653, "Equipment / Legs": 14.8742715885879, "Tools / Brewing": -0.9102563410906737, "Tools / Foraging": 4.636094928014245, "Tools / Cooking": 0.6636342667338794, "Loots": 0.10172939979654595, "Keys": -0.6104932890835059, "Jewelry": -2.5540273870729377, "Trinket": -0.3021148036253781}