{"Resources": -0.5991487088145805, "Equipment / Head": -1.740096287676372, "Consumables": -2.0025391368848617, "Equipment / Body": -2.715460516198103, "Equipment / Legs": 0.01821524961508736, "Books": -0.6927690300890267, "Equipment / Pouch": 0.5216235472680719, "Equipment / Main Hand": -0.5040912182267814, "Equipment / Off Hand": -3.8214353020740943, "Tools / Alchemy": -4.495634796311892, "Equipment / Feet": 2.95511444322338, "Tools / Milking": -4.098377152950209, "Tools / Crafting": 0.7957604996953414, "Tools / Enhancing": -5.293810443030251, "Equipment / Hands": -1.6693561649279893, "Tools / Cheesesmithing": -10.569032394579235, "Tools / Woodcutting": -0.8942803190450905, "Tools / Tailoring": 0.491417640840802, "Tools / Brewing": -7.3758401465468175, "Tools / Foraging": 0.12574114934922673, "Tools / Cooking": -0.2555377042485636, "Loots": 1.210121012101207, "Keys": 2.0398327218825907, "Jewelry": -1.1467790696330866, "Trinket": 1.384737318840581}