{"Resources": -0.3947933381066191, "Equipment / Head": -0.3952589866097867, "Consumables": 0.3326890906570384, "Equipment / Body": 0.02221412792387009, "Equipment / Legs": 2.5652365570330904, "Books": 0.28661891523892585, "Equipment / Pouch": -0.6222661167074175, "Equipment / Main Hand": 0.48896276585195186, "Equipment / Off Hand": 1.7327890611065022, "Tools / Alchemy": -2.321781460550271, "Equipment / Feet": -0.4569690099996132, "Tools / Milking": 1.1862640687029196, "Tools / Crafting": -0.6518841409281999, "Tools / Enhancing": 1.4757246989971426, "Equipment / Hands": 2.4246362922710585, "Tools / Cheesesmithing": -2.1893906317145704, "Tools / Woodcutting": -4.643531856592166, "Tools / Tailoring": 2.6493402808996116, "Tools / Brewing": 1.37633182952154, "Tools / Foraging": 0.6847221715722469, "Tools / Cooking": -2.619390669704987, "Loots": -0.8450704225352111, "Keys": 0.779375657316034, "Jewelry": 0.5541543249939582, "Trinket": -1.7626553968596723}