{"Resources": -0.20985060384140625, "Equipment / Head": 2.6523335687418714, "Consumables": -0.44961636369555835, "Equipment / Legs": -3.3787617600302813, "Books": -2.701403434706629, "Equipment / Pouch": -1.7683957340149643, "Equipment / Main Hand": 1.097774183952135, "Equipment / Off Hand": -1.169308649077727, "Tools / Alchemy": -1.0756454367102304, "Equipment / Feet": -1.2969985676967934, "Tools / Milking": 1.529277107051149, "Tools / Crafting": -0.4219474608244476, "Tools / Enhancing": -2.250749899943183, "Equipment / Hands": -2.8868992617099334, "Tools / Cheesesmithing": 1.76997033102, "Tools / Woodcutting": -1.2834091508769394, "Tools / Tailoring": -1.1180074227593677, "Equipment / Body": -1.7771595795813386, "Tools / Brewing": 2.341570578422032, "Tools / Foraging": 1.0729152960782193, "Tools / Cooking": -1.5744985070369593, "Loots": -0.7238883143743584, "Keys": 0.8143380770845626, "Jewelry": -0.07138659326558724, "Trinket": -1.2189687933745408}