{"Resources": -0.40545582362054344, "Equipment / Head": 1.2334942265344062, "Consumables": -0.13853368370193272, "Equipment / Legs": -1.819656883893973, "Books": -1.157343467390638, "Equipment / Pouch": 3.2166398587893497, "Equipment / Main Hand": -0.909395383985, "Equipment / Off Hand": 0.3290356509759737, "Tools / Alchemy": 0.5794770217450183, "Equipment / Feet": -0.6425486013445425, "Tools / Milking": 12.70504004887907, "Tools / Crafting": 1.437055557259019, "Tools / Enhancing": -3.603509245588949, "Equipment / Hands": -0.5196206117016681, "Tools / Cheesesmithing": 3.8402804044624608, "Tools / Woodcutting": -2.6300073423655665, "Tools / Tailoring": -0.5111397338806795, "Equipment / Body": 0.3874146422204521, "Tools / Brewing": 1.5881899900151875, "Tools / Foraging": 2.7840852014541886, "Tools / Cooking": -1.5422789943428983, "Loots": -1.9289340101522878, "Keys": 2.286247266870339, "Jewelry": -1.2590446039743886, "Trinket": -1.3570154415224895}