{"Resources": 0.4123983694493591, "Equipment / Head": 2.3710542153861427, "Consumables": 0.8418418758771781, "Equipment / Body": 4.245519031608034, "Books": 3.1110345345173465, "Equipment / Pouch": -3.3450173094386857, "Equipment / Main Hand": 3.015700424413596, "Equipment / Off Hand": -1.2373023304148203, "Tools / Alchemy": -1.0434885020467766, "Equipment / Feet": -0.33937556218493975, "Tools / Milking": -2.6447994465668665, "Tools / Crafting": -11.629478181332185, "Tools / Enhancing": -5.445722904110789, "Equipment / Hands": -3.8122147828521507, "Tools / Cheesesmithing": -3.6387125956685296, "Tools / Woodcutting": -3.0107647960976838, "Tools / Tailoring": -3.6083361706101975, "Equipment / Legs": 0.07734350047203205, "Tools / Brewing": -0.6902371794824272, "Tools / Foraging": 1.2606753652702027, "Tools / Cooking": -1.3941138796645185, "Loots": -4.451038575667651, "Keys": -0.49590623505833603, "Jewelry": -0.06767051324799055, "Trinket": -3.2322458881270837}