{"Resources": -0.4094684949532255, "Consumables": -1.7380103497791035, "Equipment / Body": -3.5846809265163584, "Equipment / Legs": -2.6479505046394, "Books": -2.505831816744125, "Equipment / Pouch": 7.362451992034401, "Equipment / Main Hand": -1.0829782426763748, "Equipment / Off Hand": -3.516313327926266, "Tools / Alchemy": -0.8421019044097222, "Equipment / Feet": -2.606066054181706, "Tools / Milking": -0.9891431489038325, "Tools / Crafting": 0.5235893594132188, "Tools / Enhancing": 1.9260747791901647, "Equipment / Hands": -5.268255557775483, "Tools / Cheesesmithing": -1.6616046090787346, "Tools / Woodcutting": 6.486513686415893, "Equipment / Head": -2.962101648953419, "Tools / Tailoring": 3.4498007243467756, "Tools / Brewing": -4.005206552476569, "Tools / Foraging": -2.1824113048191007, "Tools / Cooking": 1.369477500940205, "Loots": -3.055848261327708, "Keys": -2.3003281531512623, "Jewelry": 6.646672316195854, "Trinket": -2.110091971042285}