{"Resources": -0.6930308947416571, "Equipment / Head": -0.8224642756308898, "Consumables": 0.2621717483403553, "Equipment / Legs": -0.35553604612945927, "Books": -2.383889536982801, "Equipment / Pouch": -0.34395050212217626, "Equipment / Main Hand": 1.6389045557286999, "Equipment / Off Hand": 3.4742796700112044, "Tools / Alchemy": 0.9883343636617516, "Equipment / Feet": 1.8952604654031382, "Tools / Milking": 1.6744057911992627, "Tools / Crafting": -1.4528256211682442, "Tools / Enhancing": -1.5892215443921773, "Equipment / Hands": 0.37703388081464634, "Tools / Cheesesmithing": -0.08189953460649735, "Tools / Woodcutting": 0.7244675708594529, "Tools / Tailoring": -0.056006986951237014, "Equipment / Body": -2.626335032723722, "Tools / Brewing": 3.2297425788846588, "Tools / Foraging": -1.902795868037885, "Tools / Cooking": -1.4978475568917637, "Loots": -0.7551240560949305, "Keys": -0.01156656050989688, "Jewelry": -0.41686629341512776, "Trinket": -1.7410714285714317}