{"Resources": 0.957690148974609, "Equipment / Head": -0.3124395262032584, "Consumables": 0.06368616214134568, "Equipment / Body": 0.7144843573709115, "Equipment / Legs": 2.2833316190804784, "Books": 1.5828606954689073, "Equipment / Pouch": 0.21290825453296, "Equipment / Main Hand": -0.5410923201227881, "Equipment / Off Hand": 0.38270877070508325, "Tools / Alchemy": -5.229456798812787, "Equipment / Feet": 4.809304248924825, "Tools / Milking": -3.980494386227619, "Tools / Crafting": -1.8983120320098315, "Tools / Enhancing": -5.715663317552303, "Equipment / Hands": -7.585088515122299, "Tools / Cheesesmithing": -0.2909357178995676, "Tools / Woodcutting": -2.12386194283155, "Tools / Tailoring": -2.215340580005072, "Tools / Brewing": -1.7795777273782578, "Tools / Foraging": -0.6489556557599163, "Tools / Cooking": -2.933657931570735, "Loots": -2.5742574257425694, "Keys": -5.350423900745472, "Jewelry": -0.7576110076179302, "Trinket": -1.721355567509413}