{"Resources": 0.16249923127042176, "Equipment / Head": 0.6499994244113637, "Consumables": -0.9938613542433399, "Equipment / Body": -0.2750040868394004, "Equipment / Legs": 0.011674134248753847, "Books": -1.2792068246339319, "Equipment / Pouch": -2.940394393089142, "Equipment / Main Hand": -2.0308623270252344, "Equipment / Off Hand": 25.18159017643163, "Tools / Alchemy": 0.5280017854074729, "Equipment / Feet": 1.538859252784056, "Tools / Milking": -0.6646966322087942, "Tools / Crafting": 0.2634472553999053, "Tools / Enhancing": 1.7248402404062255, "Equipment / Hands": 1.800843433789585, "Tools / Cheesesmithing": -0.14052852648602202, "Tools / Woodcutting": 0.9886851768355689, "Tools / Tailoring": 10.500635852136323, "Tools / Brewing": 0.9941630832530338, "Tools / Foraging": -1.7225096012266548, "Tools / Cooking": -0.034940620275379954, "Loots": 2.4, "Keys": -1.032241031855922, "Jewelry": -0.7932675337969189, "Trinket": 0.5263157894736806}