{"Resources": -0.482515485644155, "Equipment / Head": 3.6549684628036827, "Consumables": -0.11545499802001681, "Equipment / Body": -0.8319020972216591, "Equipment / Legs": 0.06050549289106531, "Books": -1.63828635784805, "Equipment / Pouch": -3.9085679880723116, "Equipment / Main Hand": -1.4723827309344704, "Equipment / Off Hand": -2.275551818702475, "Tools / Alchemy": 4.32356124147139, "Equipment / Feet": -2.0764795646873284, "Tools / Milking": -2.107062820491416, "Tools / Crafting": 1.524665557303617, "Tools / Enhancing": 17.82533742109855, "Equipment / Hands": 1.9054396651953454, "Tools / Cheesesmithing": -1.8603877470262637, "Tools / Woodcutting": -0.7266316927371698, "Tools / Tailoring": 4.164444598254597, "Tools / Brewing": -0.08612694309639567, "Tools / Foraging": -6.197940602503372, "Tools / Cooking": -0.8850454242219608, "Loots": 1.9947961838681658, "Keys": -0.059748941598769235, "Jewelry": -2.243041381644843, "Trinket": -4.18481273259957}