{"Resources": -0.1477977984266668, "Equipment / Head": -1.0743732070774297, "Consumables": 0.5645354573889173, "Equipment / Legs": -0.5037133513169096, "Books": -1.029118971300603, "Equipment / Pouch": 2.3589780648318786, "Equipment / Main Hand": 0.46520104928603356, "Equipment / Off Hand": 3.2953797348337086, "Tools / Alchemy": 1.3718925376596964, "Equipment / Feet": 0.11247156234425183, "Tools / Milking": -6.416148480892844, "Tools / Crafting": -1.1773337240828128, "Tools / Enhancing": -3.551107179310204, "Equipment / Hands": -3.000845909217204, "Tools / Cheesesmithing": 1.1456877191268318, "Tools / Woodcutting": -0.8350338532686326, "Tools / Tailoring": 1.9371861145895783, "Equipment / Body": -1.6717963916036753, "Tools / Brewing": 0.1052812527300148, "Tools / Foraging": 3.1369019143004406, "Tools / Cooking": 0.1831835075564019, "Loots": 1.3388259526261634, "Keys": 1.1078048474888789, "Jewelry": -1.4816462515479032, "Trinket": -1.4743049705138975}