{"Resources": -0.5873590756751803, "Equipment / Head": -2.0167255734347616, "Consumables": -0.025850191866535973, "Equipment / Body": -1.049991152374537, "Equipment / Legs": 1.0478635250163735, "Books": 0.9733682060619135, "Equipment / Pouch": -1.3410266728216242, "Equipment / Main Hand": -0.5612322579414358, "Equipment / Off Hand": 25.876834183009727, "Tools / Alchemy": -2.9672992107912806, "Equipment / Feet": 1.5191290519069311, "Tools / Milking": 2.1498464318768065, "Tools / Crafting": -1.036266186869788, "Tools / Enhancing": -3.56566402736471, "Equipment / Hands": -0.34568627992303336, "Tools / Cheesesmithing": -0.9071195331949767, "Tools / Woodcutting": -1.104791766868602, "Tools / Tailoring": -9.799333419546148, "Tools / Brewing": -1.57528578947046, "Tools / Foraging": -0.8833549687967582, "Tools / Cooking": 0.276648566370021, "Loots": 1.939058171745154, "Keys": 0.07181820709629315, "Jewelry": 0.6388231161057067, "Trinket": -0.2574665293511801}