{"Resources": -0.0743758816919032, "Equipment / Head": -1.2998303324076363, "Consumables": 0.16187741399957165, "Equipment / Legs": -0.9122459297023798, "Books": -0.31839230880497676, "Equipment / Pouch": -2.491172005549074, "Equipment / Main Hand": 0.32179006071375255, "Equipment / Off Hand": -0.5419188605058587, "Tools / Alchemy": 0.20191092118462464, "Equipment / Feet": -1.5425353638893378, "Tools / Milking": 0.4206271808746199, "Tools / Crafting": 0.7802713413234927, "Tools / Enhancing": 0.051777626696325685, "Equipment / Hands": 0.10324922862791977, "Tools / Cheesesmithing": 0.6169474063856849, "Tools / Woodcutting": 0.2255535527164695, "Tools / Tailoring": 0.17541807971846834, "Equipment / Body": -1.6449709516335322, "Tools / Brewing": 0.7063991481375755, "Tools / Foraging": 3.660320707244295, "Tools / Cooking": -3.5484441671001266, "Loots": 1.3120899718837875, "Keys": -0.1300705922656466, "Jewelry": -1.2907358369989852, "Trinket": 0.1388994115715807}