{"Resources": 0.3596004062737683, "Equipment / Head": -1.7757014136837332, "Consumables": 0.6456920992824783, "Equipment / Body": -1.37840467366177, "Equipment / Legs": -0.7209093169809027, "Books": -0.2607017490855479, "Equipment / Pouch": 3.04754783132901, "Equipment / Main Hand": 0.3788785517611798, "Equipment / Off Hand": -1.6287596615884394, "Tools / Alchemy": 0.019527354778398478, "Equipment / Feet": 0.681393466851282, "Tools / Milking": 0.40462573335624824, "Tools / Crafting": -0.3686302341789836, "Tools / Enhancing": -0.8530518748703966, "Equipment / Hands": -2.479481307697529, "Tools / Cheesesmithing": -3.5065672379183193, "Tools / Woodcutting": -2.1274254463997613, "Tools / Tailoring": 3.1095224678732154, "Tools / Brewing": -5.815491131259633, "Tools / Foraging": -3.2502268959811995, "Tools / Cooking": 4.468897236178255, "Loots": 7.669322709163354, "Keys": 0.1893867852052003, "Jewelry": -0.8573445682979471, "Trinket": -5.040584415584419}