{"Resources": 0.20817212043941527, "Equipment / Head": 1.3000311002638774, "Consumables": 0.49371364102366044, "Equipment / Body": -2.9746862402044525, "Equipment / Legs": 12.281474016938954, "Books": -0.25690218038023865, "Equipment / Pouch": 4.375909671335935, "Equipment / Main Hand": 0.6504259545286615, "Equipment / Off Hand": -2.02756570415717, "Tools / Alchemy": 0.05927372813149934, "Equipment / Feet": 1.513029446338027, "Tools / Milking": -1.4798336599293007, "Tools / Crafting": 5.553359600072814, "Tools / Enhancing": 1.6459422447327283, "Equipment / Hands": -1.3016148593310413, "Tools / Cheesesmithing": 4.1638336205709505, "Tools / Woodcutting": 1.3746041290819049, "Tools / Tailoring": 5.6311090581409315, "Tools / Brewing": 4.713081353741454, "Tools / Foraging": -1.4757181775922557, "Tools / Cooking": -0.2689288916985042, "Loots": -1.3039117352056215, "Keys": -0.3206202437848017, "Jewelry": 0.5709239498009131, "Trinket": 0.8044030482641861}