{"Resources": 0.14670760716736356, "Equipment / Head": -0.25128037382875307, "Consumables": 0.7641699010821646, "Equipment / Body": -0.5614898803692938, "Equipment / Legs": -0.5648006459746018, "Books": 0.6925988442179654, "Equipment / Pouch": -0.10924511566601836, "Equipment / Main Hand": -0.5611973815149159, "Equipment / Off Hand": 0.569682191375908, "Tools / Alchemy": -1.457432527518159, "Equipment / Feet": -0.4675204342756232, "Tools / Milking": 3.4916114140192054, "Tools / Crafting": -0.6048479801157093, "Tools / Enhancing": -1.2687848950161065, "Equipment / Hands": -1.764867647854356, "Tools / Cheesesmithing": 0.020465649008228098, "Tools / Woodcutting": 2.95817972079075, "Tools / Tailoring": 2.356431640610393, "Tools / Brewing": 0.7956681338503796, "Tools / Foraging": 1.4108837789678756, "Tools / Cooking": 0.31197279867348227, "Loots": -2.5495750708215295, "Keys": -0.06714817435727972, "Jewelry": 0.4521556432174154, "Trinket": -0.7715641480698308}