{"Resources": -0.6243880749216825, "Equipment / Head": -1.5419780565300152, "Consumables": 0.47569722090992134, "Equipment / Legs": -1.9416072161201547, "Books": -0.8810398839592777, "Equipment / Pouch": -1.0303118227385664, "Equipment / Main Hand": -1.4582778939067071, "Equipment / Off Hand": -3.287943147813897, "Tools / Alchemy": -1.7641667605219145, "Equipment / Feet": -1.7380892599222357, "Tools / Milking": 1.9781856779974771, "Tools / Crafting": 0.848042972880158, "Tools / Enhancing": -0.46141698814685383, "Equipment / Hands": -5.232704477415354, "Tools / Cheesesmithing": 5.426762024814536, "Tools / Woodcutting": 0.5723463164847691, "Tools / Tailoring": 4.470220480526834, "Equipment / Body": 0.5644608072325161, "Tools / Brewing": 0.8527842646196417, "Tools / Foraging": -1.6546833304138513, "Tools / Cooking": -0.588195780677932, "Loots": 0.0, "Keys": 0.3110303529052478, "Jewelry": -1.099341611318669, "Trinket": -3.299139614403993}