{"Resources": 0.13737383571380693, "Equipment / Head": 6.989580908030357, "Consumables": 0.25644130158008743, "Equipment / Body": -0.30441345836284744, "Equipment / Legs": -4.021056622907358, "Books": 1.251983822740795, "Equipment / Pouch": 0.6350377701448127, "Equipment / Main Hand": -1.432325713780837, "Equipment / Off Hand": -0.20071094913145507, "Tools / Alchemy": -4.880099132481726, "Equipment / Feet": -2.1537400987115056, "Tools / Milking": -2.3671802797367345, "Tools / Crafting": -5.141887131724984, "Tools / Enhancing": 0.35833170723668195, "Equipment / Hands": -4.84067246553447, "Tools / Cheesesmithing": -0.8813021754237442, "Tools / Woodcutting": -1.309262921309522, "Tools / Tailoring": -0.009975312198839098, "Tools / Brewing": -2.019728197158322, "Tools / Foraging": -2.9005503956945544, "Tools / Cooking": -2.086137398609991, "Loots": 0.3891050583657633, "Keys": -4.622875083381962, "Jewelry": 1.0275651798819718, "Trinket": 2.5494371767569204}