{"Resources": 1.0865528797235051, "Equipment / Head": -6.801510984958529, "Consumables": 2.0268817749586665, "Books": -0.15358604850851945, "Equipment / Pouch": 4.048084187560235, "Equipment / Main Hand": -0.06450862067352037, "Equipment / Off Hand": -0.9602679653495708, "Tools / Alchemy": -2.187018786849223, "Equipment / Feet": 1.8644113462703171, "Tools / Milking": 0.14568831683035527, "Tools / Crafting": -2.481696980711965, "Tools / Enhancing": 0.364247430971259, "Equipment / Hands": 2.409738194985672, "Tools / Cheesesmithing": 0.46493523140009924, "Tools / Woodcutting": 1.0506944004866696, "Tools / Tailoring": -0.7598802890259718, "Equipment / Body": -0.036990852953414866, "Equipment / Legs": -5.061287536156057, "Tools / Brewing": 3.205787921514615, "Tools / Foraging": -2.621449773792959, "Tools / Cooking": -0.12379121655198458, "Loots": -2.6369168356997927, "Keys": 0.5311054188357553, "Jewelry": -0.8407454516729296, "Trinket": 1.4348599955436256}