{"Resources": -0.6195660093346206, "Equipment / Head": 0.029030493079966836, "Consumables": -0.12523875495542636, "Equipment / Legs": -0.7654401556872684, "Books": 0.6980882005996729, "Equipment / Pouch": -2.448459277789808, "Equipment / Main Hand": -1.0492352601944919, "Equipment / Off Hand": -0.138629057218374, "Tools / Alchemy": 1.481878885830323, "Equipment / Feet": -2.3772555651274394, "Tools / Milking": -2.6249477314398195, "Tools / Crafting": 0.468512538206889, "Tools / Enhancing": -6.908370392131311, "Equipment / Hands": 2.9668235324736942, "Tools / Cheesesmithing": 2.0463601819861412, "Tools / Woodcutting": 1.010709648384899, "Tools / Tailoring": 4.7693360542033005, "Equipment / Body": 0.2955275316028826, "Tools / Brewing": -2.705754700074563, "Tools / Foraging": -3.105240363459461, "Tools / Cooking": 1.457589322690889, "Loots": -3.883495145631067, "Keys": -1.2838187542208015, "Jewelry": -0.5373424696826001, "Trinket": 3.299621372957535}