{"Resources": -0.42875866713899174, "Equipment / Head": -2.3345663459173926, "Consumables": -0.90126367179814, "Equipment / Body": 0.5044440446032065, "Equipment / Legs": -2.257059668125221, "Books": 0.23476398833702056, "Equipment / Pouch": -1.3564861960654742, "Equipment / Main Hand": -1.4867934741775168, "Equipment / Off Hand": -2.4286115825388146, "Tools / Alchemy": -0.9360545161193902, "Equipment / Feet": -0.7265927400245811, "Tools / Milking": -3.839345234663068, "Tools / Crafting": -2.308643254624047, "Tools / Enhancing": -2.0651250646247976, "Equipment / Hands": 0.9992612246918654, "Tools / Cheesesmithing": 1.7505596388813685, "Tools / Woodcutting": -1.598707130781188, "Tools / Tailoring": -1.5934459870698565, "Tools / Brewing": -1.8371213166772393, "Tools / Foraging": -6.6618993514037745, "Tools / Cooking": -0.2484446102217745, "Loots": -3.7937743190661477, "Keys": -0.4752242076425207, "Jewelry": 0.12349192260748074, "Trinket": -4.667901397644265}