{"Resources": -0.566826317200507, "Equipment / Head": -1.0396517432008192, "Consumables": 1.090510206662212, "Equipment / Body": 0.6536283708431074, "Equipment / Legs": 3.720585839268115, "Books": -1.4832011141444474, "Equipment / Pouch": -0.40785751442676615, "Equipment / Main Hand": -1.2797124130054425, "Equipment / Off Hand": 1.6044877050662898, "Tools / Alchemy": 1.8864428130424098, "Equipment / Feet": -0.8910964167730505, "Tools / Milking": -0.6271104436219307, "Tools / Crafting": -1.3484458845201026, "Tools / Enhancing": 2.3247046998326937, "Equipment / Hands": 1.4548551874124491, "Tools / Cheesesmithing": -3.116902443874115, "Tools / Woodcutting": -3.0745246367889125, "Tools / Tailoring": 0.45458254555367056, "Tools / Brewing": -0.36817700724305374, "Tools / Foraging": 0.3085831557489501, "Tools / Cooking": -4.323745370629822, "Loots": 1.3245033112582727, "Keys": 0.7066584976810965, "Jewelry": 0.06673621290984522, "Trinket": 0.1149535134544799}