{"Resources": -0.32944423371058335, "Equipment / Head": -3.864765266491288, "Consumables": -1.0819316841420743, "Equipment / Legs": -2.825314912694824, "Books": -3.8161280165460667, "Equipment / Pouch": 3.218295557733068, "Equipment / Main Hand": -3.56246137818339, "Equipment / Off Hand": 1.786121561921735, "Tools / Alchemy": -0.6547989172369844, "Equipment / Feet": 0.29727162446938155, "Tools / Milking": -5.140262822898101, "Tools / Crafting": -3.8135609387152427, "Tools / Enhancing": -0.8762509850027822, "Equipment / Hands": 14.4316769593556, "Tools / Cheesesmithing": 1.3449435579810611, "Tools / Woodcutting": -1.810755661280558, "Tools / Tailoring": -1.4897152208507614, "Equipment / Body": -3.6106086959047023, "Tools / Brewing": -1.9825818268907962, "Tools / Foraging": 0.4718967671639443, "Tools / Cooking": -12.822050752534548, "Loots": 3.269069572506283, "Keys": -0.5404014286821536, "Jewelry": -3.0734268720004603, "Trinket": -3.512063069908817}