{"Resources": 0.3978520578962239, "Equipment / Head": -0.5142636863209499, "Consumables": -1.0831797942126762, "Books": -1.0258326315285793, "Equipment / Pouch": -4.75439244515132, "Equipment / Main Hand": -0.9891143550776562, "Equipment / Off Hand": 1.0705694312531926, "Tools / Alchemy": 0.7960961457242746, "Equipment / Feet": 1.275278651375593, "Tools / Milking": -0.582356997932002, "Tools / Crafting": -5.35958170165332, "Tools / Enhancing": -0.23363289416092942, "Equipment / Hands": -0.06777923493544513, "Tools / Cheesesmithing": 2.3318810174536195, "Tools / Woodcutting": -1.5120238755115125, "Tools / Tailoring": -2.7449323778841057, "Equipment / Body": 0.456978295873862, "Equipment / Legs": 2.640187753611673, "Tools / Brewing": -0.47261430843766083, "Tools / Foraging": 6.2266303201285735, "Tools / Cooking": -2.691748423700493, "Loots": 0.5330490405117296, "Keys": 1.695234505720678, "Jewelry": -1.4612667632339245, "Trinket": -3.3122051664157772}