{"Resources": -0.2190945691227099, "Equipment / Head": 0.7744245855141513, "Consumables": -0.11355746635003117, "Equipment / Legs": -0.7865951513214999, "Books": -1.3845055846074832, "Equipment / Pouch": 1.4646718047941072, "Equipment / Main Hand": -0.4140872631998597, "Equipment / Off Hand": 16.418868292070172, "Tools / Alchemy": -0.4780259911912947, "Equipment / Feet": 0.47373821439573516, "Tools / Milking": 0.9632472135037349, "Tools / Crafting": 0.531573000235487, "Tools / Enhancing": -2.1123304199894166, "Equipment / Hands": 1.2255242186796342, "Tools / Cheesesmithing": -0.3070909541811163, "Tools / Woodcutting": -0.6421824669772829, "Tools / Tailoring": -2.1595160606275607, "Equipment / Body": 3.9000648338147537, "Tools / Brewing": -4.527460182784402, "Tools / Foraging": 2.7362828306194893, "Tools / Cooking": -4.161059401060472, "Loots": -0.395256916996052, "Keys": -0.8278003395594487, "Jewelry": 2.5676616097851728, "Trinket": -2.3886639676113335}