{"Resources": 0.8603317763028892, "Equipment / Head": -1.3944696489315391, "Consumables": -0.09102738577632478, "Equipment / Legs": 1.2511613761797675, "Books": 0.7891570778365662, "Equipment / Pouch": -1.2149868123040282, "Equipment / Main Hand": -0.6724497556673619, "Equipment / Off Hand": 2.4871715075761966, "Tools / Alchemy": 0.5904366856273876, "Equipment / Feet": -0.3504111038378182, "Tools / Milking": 0.8502327142449929, "Tools / Crafting": -0.8349618541170238, "Tools / Enhancing": -0.03216199603428484, "Equipment / Hands": -1.1318749991968842, "Tools / Cheesesmithing": -1.0484277793627377, "Tools / Woodcutting": -0.7533349453607787, "Tools / Tailoring": 1.9767696473877479, "Equipment / Body": 0.4697124732257082, "Tools / Brewing": -0.6856109518476418, "Tools / Foraging": 2.4616993743431723, "Tools / Cooking": 1.7820014019608668, "Loots": -1.709401709401707, "Keys": 0.9396335737074265, "Jewelry": 1.0354148523257152, "Trinket": 2.4390243902439024}