{"Resources": -0.7359453319088954, "Equipment / Head": 1.451534676023886, "Consumables": 0.4625224478354703, "Equipment / Body": -1.090946568180553, "Equipment / Legs": 0.4879798507519793, "Books": -1.6129046569794114, "Equipment / Pouch": -6.446931313057598, "Equipment / Main Hand": -1.7399545913744505, "Equipment / Off Hand": -2.7553973315665794, "Tools / Alchemy": -0.6798788711435516, "Equipment / Feet": -1.9600743583659286, "Tools / Milking": 2.1175096966423568, "Tools / Crafting": -0.14636672950646037, "Tools / Enhancing": 11.801793404894433, "Equipment / Hands": 0.40212827255525146, "Tools / Cheesesmithing": -2.374091306145492, "Tools / Woodcutting": 11.631653863621803, "Tools / Tailoring": 5.384711921569392, "Tools / Brewing": 0.5288998035966291, "Tools / Foraging": -3.56988421951856, "Tools / Cooking": 0.9022637070445354, "Loots": 3.5103510351035103, "Keys": 0.048716474984001557, "Jewelry": -1.3275796600921252, "Trinket": -3.491784037558681}