{"Resources": -0.30436480295711243, "Equipment / Head": -2.3186866423432604, "Consumables": 0.42875551406936674, "Books": 0.6466945175583039, "Equipment / Pouch": 3.4019644354614025, "Equipment / Main Hand": -0.02894972662090422, "Equipment / Off Hand": 1.5274195423457588, "Tools / Alchemy": 4.676201689994792, "Equipment / Feet": 0.3537636497716531, "Tools / Milking": 3.0231929288405817, "Tools / Crafting": 0.11369939399748746, "Tools / Enhancing": 9.270491327852167, "Equipment / Hands": 0.9799913753168821, "Tools / Cheesesmithing": 4.786213896100316, "Tools / Woodcutting": 2.1855324626413526, "Tools / Tailoring": 9.62542200271313, "Equipment / Body": 1.4264438050152457, "Equipment / Legs": -2.733901200671738, "Tools / Brewing": 1.3851623679155427, "Tools / Foraging": 6.300241814018166, "Tools / Cooking": -1.6867528552079578, "Loots": 1.3641133263378755, "Keys": -0.03804838832652213, "Jewelry": -0.5033861228942808, "Trinket": -2.0264349153781667}