{"Resources": -0.6497635117324702, "Equipment / Head": -2.416230510475433, "Consumables": 0.3016274639025563, "Equipment / Body": -0.47092253254339256, "Equipment / Legs": 1.719087724880189, "Books": -1.5361774231025713, "Equipment / Pouch": -0.8133493478837034, "Equipment / Main Hand": 0.34952478636828915, "Equipment / Off Hand": -1.105381406446451, "Tools / Alchemy": 0.10025089494008288, "Equipment / Feet": -0.5972992231591091, "Tools / Milking": 4.5241223970737625, "Tools / Crafting": 0.5682486191792712, "Tools / Enhancing": -0.9943444878355666, "Equipment / Hands": -0.3688763658523307, "Tools / Cheesesmithing": 2.057587125127667, "Tools / Woodcutting": -3.4680899859525156, "Tools / Tailoring": -0.7242836401447993, "Tools / Brewing": 0.8142456120096951, "Tools / Foraging": -0.07310775383442245, "Tools / Cooking": -4.7788070468361505, "Loots": 1.809954751131222, "Keys": -0.7798881484956173, "Jewelry": -0.04565635258382922, "Trinket": -2.9170931422722624}