{"Resources": -0.10373310950924565, "Equipment / Head": 2.4814422875966495, "Consumables": -0.1599659586142262, "Equipment / Legs": 0.441789794007441, "Books": -1.2905890381708096, "Equipment / Pouch": -0.871371568373816, "Equipment / Main Hand": 0.23722520301554764, "Equipment / Off Hand": 6.05023365730657, "Tools / Alchemy": -2.7484777984261375, "Equipment / Feet": 4.014836700423104, "Tools / Milking": -1.854633053935507, "Tools / Crafting": -1.275381188266997, "Tools / Enhancing": -5.262923784963413, "Equipment / Hands": -0.43048052099650214, "Tools / Cheesesmithing": 0.36502132661696257, "Tools / Woodcutting": -4.5630272646877685, "Tools / Tailoring": 0.011619145313755963, "Equipment / Body": 0.24339227108272204, "Tools / Brewing": -7.188528568946078, "Tools / Foraging": -2.390565552751138, "Tools / Cooking": -5.444337925617855, "Loots": 1.0773751224289867, "Keys": -1.8946142077667236, "Jewelry": 0.46480632337050476, "Trinket": 0.12048192771084339}