{"Resources": 0.8336020195244072, "Equipment / Head": 3.917144347531755, "Consumables": 0.187941410654936, "Equipment / Body": 0.5363371781232137, "Equipment / Legs": -0.13016099704723907, "Books": 0.9855719631107521, "Equipment / Pouch": 2.957636252330499, "Equipment / Main Hand": -0.7023960580274662, "Equipment / Off Hand": 7.5247238280814965, "Tools / Alchemy": 2.5982721555702804, "Equipment / Feet": 2.125442831091989, "Tools / Milking": 11.888684853871808, "Tools / Crafting": 0.008535003515330875, "Tools / Enhancing": 0.17390005150566332, "Equipment / Hands": 4.490418272884267, "Tools / Cheesesmithing": -0.7876824905175308, "Tools / Woodcutting": -1.7222116601409432, "Tools / Tailoring": 3.287491991396093, "Tools / Brewing": -0.961671624972108, "Tools / Foraging": -8.487735987324385, "Tools / Cooking": 1.1785548421567134, "Loots": 2.335025380710655, "Keys": -0.5225090886699284, "Jewelry": -0.08443947397741165, "Trinket": -0.1168933348319603}