{"Resources": 0.5785700527049814, "Equipment / Head": 3.5004027038510914, "Consumables": -0.031138102253862095, "Equipment / Body": -0.8743599715986003, "Equipment / Legs": 0.48631597560629286, "Books": 0.15119010999307259, "Equipment / Pouch": 0.3089005334469811, "Equipment / Main Hand": 0.7448114844313359, "Equipment / Off Hand": -4.062534893326575, "Tools / Alchemy": -1.1312337917508428, "Equipment / Feet": 0.5778377535679539, "Tools / Milking": -1.3448340273590182, "Tools / Crafting": 2.06770712908657, "Tools / Enhancing": 1.391246016288747, "Equipment / Hands": 1.0356158309219352, "Tools / Cheesesmithing": -0.5376750875768757, "Tools / Woodcutting": 2.307117466228127, "Tools / Tailoring": -0.8845109302886457, "Tools / Brewing": -0.8001245285246218, "Tools / Foraging": 0.4033523403034348, "Tools / Cooking": 0.8032494272783663, "Loots": 2.5056947608200453, "Keys": 0.11634052989246127, "Jewelry": -0.38824870856141824, "Trinket": 0.2136752136752137}