{"Resources": -0.5472657697765178, "Equipment / Head": 0.03885453602483165, "Consumables": 1.0794502432408186, "Equipment / Legs": 0.4104603714459152, "Books": -1.669418722355839, "Equipment / Pouch": -3.6561488701315077, "Equipment / Main Hand": -2.521669907068959, "Equipment / Off Hand": -2.4265951273416535, "Tools / Alchemy": 0.9789007574633859, "Equipment / Feet": -0.09412749876453691, "Tools / Milking": -0.6388341526091545, "Tools / Crafting": 1.2199741363610395, "Tools / Enhancing": -0.8414857765394416, "Equipment / Hands": 1.346308892160197, "Tools / Cheesesmithing": -2.40669894750962, "Tools / Woodcutting": 3.0826510878047477, "Tools / Tailoring": -0.84324752983083, "Equipment / Body": 0.17570134273985533, "Tools / Brewing": 0.441647845785977, "Tools / Foraging": 2.948974605742253, "Tools / Cooking": 0.02652657253769582, "Loots": 0.3191489361702171, "Keys": 0.4737554039773747, "Jewelry": -0.04938415119039105, "Trinket": 0.2790697674418618}