{"Resources": -0.7406251443010508, "Equipment / Head": -0.4152603845809156, "Consumables": 0.96581520919425, "Equipment / Body": -1.429418870945186, "Equipment / Legs": -1.5966720398987118, "Books": -0.12657071148596663, "Equipment / Pouch": -0.9990577546654972, "Equipment / Main Hand": -0.5692844887522452, "Equipment / Off Hand": 0.6077084068102981, "Tools / Alchemy": -1.3322916249761292, "Equipment / Feet": 0.36490933705344575, "Tools / Milking": -0.5089352105092865, "Tools / Crafting": 1.3845473783522355, "Tools / Enhancing": 4.0839180787882166, "Equipment / Hands": -2.0914139020765514, "Tools / Cheesesmithing": -1.1442721013177197, "Tools / Woodcutting": 3.554254633746944, "Tools / Tailoring": 0.540400033426054, "Tools / Brewing": 1.448847839141731, "Tools / Foraging": 0.701950143895161, "Tools / Cooking": 5.887404049604944, "Loots": -0.1972386587771146, "Keys": -0.8467749925381429, "Jewelry": -0.027271831353874794, "Trinket": 1.1101867911840921}