{"Resources": 0.5015333024465692, "Equipment / Head": 10.111938274488804, "Consumables": 0.08798086440764956, "Equipment / Body": 14.706973276237902, "Equipment / Legs": 11.858619028047473, "Books": 2.592554924041706, "Equipment / Pouch": -2.5852137741436203, "Equipment / Main Hand": 0.636416746941631, "Equipment / Off Hand": 0.5690565253744846, "Tools / Alchemy": 0.9182269127537541, "Equipment / Feet": 0.08338393379061305, "Tools / Milking": 1.0191688348756784, "Tools / Crafting": 5.794009533628264, "Tools / Enhancing": 1.6855035009458286, "Equipment / Hands": 5.252118575829467, "Tools / Cheesesmithing": 3.2669601244021034, "Tools / Woodcutting": 0.923330321902044, "Tools / Tailoring": 0.1836969537723878, "Tools / Brewing": 2.1885715799684067, "Tools / Foraging": 0.8684036471764094, "Tools / Cooking": -12.833286322863087, "Loots": 4.277159965782717, "Keys": 0.8512068037967292, "Jewelry": -1.491113411958735, "Trinket": -3.8741591119614913}