{"Resources": -0.5853055901968137, "Equipment / Head": 0.5793948972076715, "Consumables": -0.37410010357332124, "Equipment / Body": -1.5337748386595145, "Equipment / Legs": -0.8295174512236586, "Books": -0.09906984444227761, "Equipment / Pouch": 0.6404627878468337, "Equipment / Main Hand": 7.772768411008148, "Equipment / Off Hand": -0.33875566185627, "Tools / Alchemy": 1.658379473245782, "Equipment / Feet": -1.0766956912097052, "Tools / Milking": -0.7445763052054664, "Tools / Crafting": -2.7947487197825462, "Tools / Enhancing": 21.93367523826916, "Equipment / Hands": 3.141305118572451, "Tools / Cheesesmithing": 0.8124083007021751, "Tools / Woodcutting": -0.3036421007428808, "Tools / Tailoring": 2.6235708577726227, "Tools / Brewing": 0.4764913983552618, "Tools / Foraging": -4.904802957331498, "Tools / Cooking": 1.701691141076267, "Loots": -1.8552875695732802, "Keys": -2.0208472402682016, "Jewelry": -0.7695616712678153, "Trinket": -0.9594882729211076}