{"Resources": -0.2890722789087534, "Equipment / Head": 3.4181880637783126, "Consumables": -0.031130586468176152, "Equipment / Body": 3.3488480818243342, "Equipment / Legs": -0.5323576032706393, "Books": 1.2589065346417874, "Equipment / Pouch": -4.148730067848722, "Equipment / Main Hand": 1.416638157649991, "Equipment / Off Hand": 4.167401382407172, "Tools / Alchemy": 1.6696725105025194, "Equipment / Feet": 0.4951631856163901, "Tools / Milking": 4.271570698978178, "Tools / Crafting": -1.7262841345111073, "Tools / Enhancing": 1.641007367782795, "Equipment / Hands": -2.5829194128003894, "Tools / Cheesesmithing": -4.272080728404877, "Tools / Woodcutting": -0.3784909340935536, "Tools / Tailoring": 0.07402637453587158, "Tools / Brewing": 7.006303804112294, "Tools / Foraging": 0.8537504589481688, "Tools / Cooking": 24.98710595169247, "Loots": -0.8412197686645704, "Keys": 0.07640409265977602, "Jewelry": 0.5565864621974527, "Trinket": 2.0669291338582667}