{"Resources": -0.3472535837130955, "Equipment / Head": -2.8166654461116565, "Consumables": 0.9720832369504471, "Equipment / Body": -1.7635573697856342, "Equipment / Legs": -2.5647847675107767, "Books": -0.17092629321368394, "Equipment / Pouch": -1.6632000286342519, "Equipment / Main Hand": -0.3726139340604474, "Equipment / Off Hand": 6.172725465288327, "Tools / Alchemy": 5.946846975709066, "Equipment / Feet": -4.4604919821815905, "Tools / Milking": 3.3146566692196475, "Tools / Crafting": 3.7419322798881334, "Tools / Enhancing": 5.7793176033238955, "Equipment / Hands": 3.5844786491287675, "Tools / Cheesesmithing": 2.547022184016204, "Tools / Woodcutting": 3.2019713391454245, "Tools / Tailoring": 2.9534638935130917, "Tools / Brewing": 0.5856151456516161, "Tools / Foraging": 5.249516162544076, "Tools / Cooking": 3.4111913406071546, "Loots": 3.7753222836095746, "Keys": -0.47514386525110386, "Jewelry": -1.2759837671974879, "Trinket": 3.1669642773082662}