{"Resources": -0.5589043102743139, "Equipment / Head": -0.3772895121518798, "Consumables": 0.504016191699909, "Equipment / Body": 1.1227388567180574, "Equipment / Legs": 0.9224375586943239, "Books": -1.9814638836975045, "Equipment / Pouch": -2.943676386437679, "Equipment / Main Hand": 2.530781287287034, "Equipment / Off Hand": 3.959598142878559, "Tools / Alchemy": -1.3156927438322947, "Equipment / Feet": -2.455369557152324, "Tools / Milking": 2.6810332223127915, "Tools / Crafting": 0.9489754354573976, "Tools / Enhancing": 5.867787023787196, "Equipment / Hands": 2.669620401033302, "Tools / Cheesesmithing": 2.066811803249233, "Tools / Woodcutting": -0.16195640599668712, "Tools / Tailoring": 6.749113835700281, "Tools / Brewing": -1.5637838076088721, "Tools / Foraging": -6.3835624419402786, "Tools / Cooking": 0.9719870992046253, "Loots": 5.917753259779333, "Keys": 0.303690399476946, "Jewelry": -1.2512774088398146, "Trinket": 0.0706881298968427}