{"Resources": -1.0043863139870488, "Equipment / Head": -0.0220172347497901, "Consumables": -0.2065784105088122, "Equipment / Body": -2.09142648108528, "Equipment / Legs": -1.625255474800729, "Books": -1.8718879015844472, "Equipment / Pouch": 0.46372601369598315, "Equipment / Main Hand": -1.5832444500583966, "Equipment / Off Hand": 2.965544038019494, "Tools / Alchemy": -5.359841560976838, "Equipment / Feet": -0.08150361274905565, "Tools / Milking": -3.0537050783263724, "Tools / Crafting": -4.138617613782594, "Tools / Enhancing": -3.839651708634553, "Equipment / Hands": 7.809152881989653, "Tools / Cheesesmithing": -4.468138911673158, "Tools / Woodcutting": -3.4350059823586068, "Tools / Tailoring": -3.0098656057796953, "Tools / Brewing": -4.911347408376197, "Tools / Foraging": -3.638060789550612, "Tools / Cooking": -6.287678026350906, "Loots": 3.0501089324618684, "Keys": -0.5309007634259881, "Jewelry": -0.1773233804349907, "Trinket": -2.8368991386496205}