{"Resources": -0.3626368286659859, "Equipment / Head": 0.5093327364451742, "Consumables": 0.31404251671659894, "Equipment / Body": -1.1220767279631003, "Equipment / Legs": -0.6678961054942957, "Books": -0.6228297111799446, "Equipment / Pouch": -3.649124792033132, "Equipment / Main Hand": -1.7527365519138105, "Equipment / Off Hand": -1.4597758225660757, "Tools / Alchemy": -1.8062226994823196, "Equipment / Feet": -0.9944957856773361, "Tools / Milking": 4.486475323579532, "Tools / Crafting": -0.22110292188311617, "Tools / Enhancing": 0.688282873936962, "Equipment / Hands": -3.963122931935624, "Tools / Cheesesmithing": -1.8382361774397395, "Tools / Woodcutting": 1.5615811129059058, "Tools / Tailoring": -0.6610846700366733, "Tools / Brewing": 7.111748877686374, "Tools / Foraging": 12.137849987463103, "Tools / Cooking": -1.728310806528723, "Loots": -1.7964071856287425, "Keys": 0.3381985255987172, "Jewelry": 0.3583496627315479, "Trinket": -1.817280232141714}