{"Resources": 0.7924020540367428, "Equipment / Head": 4.666292225596377, "Consumables": 1.323696069703827, "Equipment / Body": 0.6610552538224702, "Equipment / Legs": 1.8868432132993989, "Books": 2.2384344159408642, "Equipment / Pouch": -7.512881429905386, "Equipment / Main Hand": -1.3652319803602575, "Equipment / Off Hand": 1.5825572010512727, "Tools / Alchemy": -7.077170830115622, "Equipment / Feet": 2.509598834012214, "Tools / Milking": -0.5087709012531636, "Tools / Crafting": 4.736501661875978, "Tools / Enhancing": 8.716386083711454, "Equipment / Hands": 3.0629492163340775, "Tools / Cheesesmithing": 17.46114489632479, "Tools / Woodcutting": 5.649875649067574, "Tools / Tailoring": -4.3309458221570845, "Tools / Brewing": 8.041068326421014, "Tools / Foraging": 9.342838494855432, "Tools / Cooking": 21.797928402028294, "Loots": 1.0799136069114523, "Keys": 4.528923132051642, "Jewelry": -0.19933544034103093, "Trinket": -0.6797991139591419}