{"Resources": 0.18065271922702797, "Equipment / Head": -2.4826326082813375, "Consumables": 0.9725174422847914, "Equipment / Body": 0.15168351152226736, "Equipment / Legs": -0.1390673473915343, "Books": 0.5546277508513731, "Equipment / Pouch": -1.3946134329967261, "Equipment / Main Hand": 2.088226050788625, "Equipment / Off Hand": 3.0445748977350258, "Tools / Alchemy": -0.33020257051633684, "Equipment / Feet": 2.0765989328930443, "Tools / Milking": 2.7115901651147687, "Tools / Crafting": -0.3594391195862151, "Tools / Enhancing": 0.38354080164948157, "Equipment / Hands": 0.3139900401763777, "Tools / Cheesesmithing": -2.559836599298534, "Tools / Woodcutting": 4.459199300744991, "Tools / Tailoring": -8.03949670236962, "Tools / Brewing": 1.1250215831929826, "Tools / Foraging": 1.043279271524862, "Tools / Cooking": -1.1773914534213148, "Loots": 1.3774104683195532, "Keys": 0.26290626677417894, "Jewelry": -0.17609877932634782, "Trinket": 0.20790020790020886}