{"Resources": 0.213727605391132, "Equipment / Head": 4.794013549397595, "Equipment / Legs": 1.465832142458604, "Equipment / Body": 3.830120561318296, "Consumables": 0.6120951760143332, "Books": -0.9988546988429446, "Equipment / Pouch": 1.4023860961136456, "Equipment / Main Hand": -1.0898982058254754, "Equipment / Off Hand": -1.330257989358752, "Tools / Alchemy": 0.7563330188058631, "Equipment / Feet": 11.165782101418635, "Tools / Milking": 1.1049441324389364, "Tools / Crafting": 0.5766990071261419, "Tools / Enhancing": -4.4764515456311615, "Equipment / Hands": -2.140163554774138, "Tools / Cheesesmithing": 0.21563209524503296, "Tools / Woodcutting": 2.694269893714382, "Tools / Tailoring": -1.0874756902192022, "Tools / Brewing": -0.12294208138034185, "Tools / Foraging": 3.097037111539587, "Tools / Cooking": 3.903713870117469, "Loots": 0.2985074626865672, "Keys": 0.5398233943513167, "Jewelry": -2.5211504767801998, "Trinket": 2.3988193854678626}