{"Resources": -0.5726838420501597, "Equipment / Head": 0.05747672589503765, "Consumables": -0.4654181527456964, "Equipment / Body": -0.6850793537043933, "Equipment / Legs": 1.453333805310864, "Books": -1.411278258612287, "Equipment / Pouch": -0.5761624539096528, "Equipment / Main Hand": -1.1200653154775364, "Equipment / Off Hand": -0.8277308882241722, "Tools / Alchemy": -1.8080340942265132, "Equipment / Feet": 0.6945102854197726, "Tools / Milking": -0.2810037970589671, "Tools / Crafting": -1.5271838121352752, "Tools / Enhancing": -0.5324454736348144, "Equipment / Hands": -1.1420975621858538, "Tools / Cheesesmithing": -3.8840098091819946, "Tools / Woodcutting": 0.017925069694308293, "Tools / Tailoring": -7.727034478028875, "Tools / Brewing": -2.1756810970172653, "Tools / Foraging": -4.983181416602695, "Tools / Cooking": -3.986979038480882, "Loots": -4.081632653061225, "Keys": -0.14636268137372174, "Jewelry": -0.47824721186653835, "Trinket": -0.28156681488610935}