{"Resources": 0.21092148603490674, "Equipment / Head": 0.38322644053310595, "Consumables": 0.9561581955333674, "Equipment / Body": 2.91742504681492, "Equipment / Legs": 0.9572597434772714, "Books": 1.3961992526938745, "Equipment / Pouch": -1.7187087865445085, "Equipment / Main Hand": 5.359522722339159, "Equipment / Off Hand": -3.008430221840022, "Tools / Alchemy": 1.8504146725038386, "Equipment / Feet": 0.054260793546545665, "Tools / Milking": 2.456936676814075, "Tools / Crafting": 1.658462220684767, "Tools / Enhancing": 1.6125163090039163, "Equipment / Hands": -2.3613348761003317, "Tools / Cheesesmithing": 1.030770677234733, "Tools / Woodcutting": -0.08180948030232545, "Tools / Tailoring": 49.738788292165005, "Tools / Brewing": 1.1715107003225853, "Tools / Foraging": -0.1365027611053743, "Tools / Cooking": 0.13256800638331295, "Loots": -1.9538188277087074, "Keys": -0.3233695993544697, "Jewelry": 0.07095920641915512, "Trinket": -1.1627906976744187}