{"Resources": -0.12105482939271571, "Equipment / Head": 1.650966694373076, "Consumables": -0.1115484124368966, "Equipment / Body": -1.0250203491353755, "Equipment / Legs": -1.3705887971849304, "Books": 1.4321903126964002, "Equipment / Pouch": -0.2565614418273937, "Equipment / Main Hand": -0.2556712413110076, "Equipment / Off Hand": 1.6642381560032542, "Tools / Alchemy": 1.26129337530046, "Equipment / Feet": 6.632547470939232, "Tools / Milking": 1.545830458932954, "Tools / Crafting": 0.35382635791115585, "Tools / Enhancing": 0.21626122167636005, "Equipment / Hands": 0.12973076364607247, "Tools / Cheesesmithing": -1.212616497733856, "Tools / Woodcutting": 0.2407361521447209, "Tools / Tailoring": -0.005558918991475537, "Tools / Brewing": -0.18186040886283145, "Tools / Foraging": 1.4272124272466384, "Tools / Cooking": 0.6888194753443343, "Loots": -1.526717557251913, "Keys": 0.46492633350350276, "Jewelry": 0.3533116622534361, "Trinket": -0.6711409395973186}