{"Resources": 0.5508344227911612, "Equipment / Head": -2.6483583308750553, "Consumables": 0.9204864520431688, "Books": -0.6857433901377549, "Equipment / Pouch": -3.1604751040131576, "Equipment / Main Hand": 0.0929359351046295, "Equipment / Off Hand": -1.750963424977873, "Tools / Alchemy": -2.456207607680694, "Equipment / Feet": -2.2328117384674515, "Tools / Milking": -2.3575910219689185, "Tools / Crafting": 5.510186862765489, "Tools / Enhancing": 0.6469811777318627, "Equipment / Hands": 0.5006738593894872, "Tools / Cheesesmithing": 3.8264278382045522, "Tools / Woodcutting": 7.26894486705709, "Tools / Tailoring": 2.952451320965001, "Equipment / Body": -0.010506554856366802, "Equipment / Legs": 0.6282100634098223, "Tools / Brewing": 3.971151559235586, "Tools / Foraging": 2.0999359735573178, "Tools / Cooking": 4.6026400819921465, "Loots": -0.10593220338983667, "Keys": -5.94496001152852, "Jewelry": -1.917726607748469, "Trinket": 1.3219869384524023}